Country_code,Country,DESIGN,Designation,DOMAIN_CODE,Domain,MEASURE_CODE,Measure,Year
AUS,Australia,ALL_INC_POINTS,"All, including data recorded as points",MARINE,Marine,PCNT,Percent of total land/EEZ area,1950
AUS,Australia,ALL_INC_POINTS,"All, including data recorded as points",MARINE,Marine,PCNT,Percent of total land/EEZ area,1960
AUS,Australia,ALL_INC_POINTS,"All, including data recorded as points",MARINE,Marine,PCNT,Percent of total land/EEZ area,1970
AUS,Australia,ALL_INC_POINTS,"All, including data recorded as points",MARINE,Marine,PCNT,Percent of total land/EEZ area,1980
AUS,Australia,ALL_INC_POINTS,"All, including data recorded as points",MARINE,Marine,PCNT,Percent of total land/EEZ area,1985
AUS,Australia,ALL_INC_POINTS,"All, including data recorded as points",MARINE,Marine,PCNT,Percent of total land/EEZ area,1990
AUS,Australia,ALL_INC_POINTS,"All, including data recorded as points",MARINE,Marine,PCNT,Percent of total land/EEZ area,1995
AUS,Australia,ALL_INC_POINTS,"All, including data recorded as points",MARINE,Marine,PCNT,Percent of total land/EEZ area,2000
AUS,Australia,ALL_INC_POINTS,"All, including data recorded as points",MARINE,Marine,PCNT,Percent of total land/EEZ area,2001
AUS,Australia,ALL_INC_POINTS,"All, including data recorded as points",MARINE,Marine,PCNT,Percent of total land/EEZ area,2002
AUS,Australia,ALL_INC_POINTS,"All, including data recorded as points",MARINE,Marine,PCNT,Percent of total land/EEZ area,2003
AUS,Australia,ALL_INC_POINTS,"All, including data recorded as points",MARINE,Marine,PCNT,Percent of total land/EEZ area,2004
AUS,Australia,ALL_INC_POINTS,"All, including data recorded as points",MARINE,Marine,PCNT,Percent of total land/EEZ area,2005
AUS,Australia,ALL_INC_POINTS,"All, including data recorded as points",MARINE,Marine,PCNT,Percent of total land/EEZ area,2006
AUS,Australia,ALL_INC_POINTS,"All, including data recorded as points",MARINE,Marine,PCNT,Percent of total land/EEZ area,2007
AUS,Australia,ALL_INC_POINTS,"All, including data recorded as points",MARINE,Marine,PCNT,Percent of total land/EEZ area,2008
AUS,Australia,ALL_INC_POINTS,"All, including data recorded as points",MARINE,Marine,PCNT,Percent of total land/EEZ area,2009
AUS,Australia,ALL_INC_POINTS,"All, including data recorded as points",MARINE,Marine,PCNT,Percent of total land/EEZ area,2010
AUS,Australia,ALL_INC_POINTS,"All, including data recorded as points",MARINE,Marine,PCNT,Percent of total land/EEZ area,2011
AUS,Australia,ALL_INC_POINTS,"All, including data recorded as points",MARINE,Marine,PCNT,Percent of total land/EEZ area,2012
AUS,Australia,ALL_INC_POINTS,"All, including data recorded as points",MARINE,Marine,PCNT,Percent of total land/EEZ area,2013
AUS,Australia,ALL_INC_POINTS,"All, including data recorded as points",MARINE,Marine,PCNT,Percent of total land/EEZ area,2014
AUS,Australia,ALL_INC_POINTS,"All, including data recorded as points",MARINE,Marine,PCNT,Percent of total land/EEZ area,2015
AUS,Australia,ALL_INC_POINTS,"All, including data recorded as points",MARINE,Marine,PCNT,Percent of total land/EEZ area,2016
AUS,Australia,ALL_INC_POINTS,"All, including data recorded as points",MARINE,Marine,PCNT,Percent of total land/EEZ area,2017
AUS,Australia,ALL_INC_POINTS,"All, including data recorded as points",MARINE,Marine,PCNT,Percent of total land/EEZ area,2018
AUS,Australia,ALL_INC_POINTS,"All, including data recorded as points",MARINE,Marine,PCNT,Percent of total land/EEZ area,2019
AUS,Australia,ALL_INC_POINTS,"All, including data recorded as points",MARINE,Marine,PCNT,Percent of total land/EEZ area,2020
AUS,Australia,ALL_INC_POINTS,"All, including data recorded as points",MARINE,Marine,PCNT,Percent of total land/EEZ area,2021
BEL,Belgium,ALL_INC_POINTS,"All, including data recorded as points",MARINE,Marine,PCNT,Percent of total land/EEZ area,1950
BEL,Belgium,ALL_INC_POINTS,"All, including data recorded as points",MARINE,Marine,PCNT,Percent of total land/EEZ area,1960
BEL,Belgium,ALL_INC_POINTS,"All, including data recorded as points",MARINE,Marine,PCNT,Percent of total land/EEZ area,1970
BEL,Belgium,ALL_INC_POINTS,"All, including data recorded as points",MARINE,Marine,PCNT,Percent of total land/EEZ area,1980
BEL,Belgium,ALL_INC_POINTS,"All, including data recorded as points",MARINE,Marine,PCNT,Percent of total land/EEZ area,1985
BEL,Belgium,ALL_INC_POINTS,"All, including data recorded as points",MARINE,Marine,PCNT,Percent of total land/EEZ area,1990
BEL,Belgium,ALL_INC_POINTS,"All, including data recorded as points",MARINE,Marine,PCNT,Percent of total land/EEZ area,1995
BEL,Belgium,ALL_INC_POINTS,"All, including data recorded as points",MARINE,Marine,PCNT,Percent of total land/EEZ area,2000
BEL,Belgium,ALL_INC_POINTS,"All, including data recorded as points",MARINE,Marine,PCNT,Percent of total land/EEZ area,2001
BEL,Belgium,ALL_INC_POINTS,"All, including data recorded as points",MARINE,Marine,PCNT,Percent of total land/EEZ area,2002
BEL,Belgium,ALL_INC_POINTS,"All, including data recorded as points",MARINE,Marine,PCNT,Percent of total land/EEZ area,2003
BEL,Belgium,ALL_INC_POINTS,"All, including data recorded as points",MARINE,Marine,PCNT,Percent of total land/EEZ area,2004
BEL,Belgium,ALL_INC_POINTS,"All, including data recorded as points",MARINE,Marine,PCNT,Percent of total land/EEZ area,2005
BEL,Belgium,ALL_INC_POINTS,"All, including data recorded as points",MARINE,Marine,PCNT,Percent of total land/EEZ area,2006
BEL,Belgium,ALL_INC_POINTS,"All, including data recorded as points",MARINE,Marine,PCNT,Percent of total land/EEZ area,2007
BEL,Belgium,ALL_INC_POINTS,"All, including data recorded as points",MARINE,Marine,PCNT,Percent of total land/EEZ area,2008
BEL,Belgium,ALL_INC_POINTS,"All, including data recorded as points",MARINE,Marine,PCNT,Percent of total land/EEZ area,2009
BEL,Belgium,ALL_INC_POINTS,"All, including data recorded as points",MARINE,Marine,PCNT,Percent of total land/EEZ area,2010
BEL,Belgium,ALL_INC_POINTS,"All, including data recorded as points",MARINE,Marine,PCNT,Percent of total land/EEZ area,2011
BEL,Belgium,ALL_INC_POINTS,"All, including data recorded as points",MARINE,Marine,PCNT,Percent of total land/EEZ area,2012
BEL,Belgium,ALL_INC_POINTS,"All, including data recorded as points",MARINE,Marine,PCNT,Percent of total land/EEZ area,2013
BEL,Belgium,ALL_INC_POINTS,"All, including data recorded as points",MARINE,Marine,PCNT,Percent of total land/EEZ area,2014
BEL,Belgium,ALL_INC_POINTS,"All, including data recorded as points",MARINE,Marine,PCNT,Percent of total land/EEZ area,2015
BEL,Belgium,ALL_INC_POINTS,"All, including data recorded as points",MARINE,Marine,PCNT,Percent of total land/EEZ area,2016
BEL,Belgium,ALL_INC_POINTS,"All, including data recorded as points",MARINE,Marine,PCNT,Percent of total land/EEZ area,2017
BEL,Belgium,ALL_INC_POINTS,"All, including data recorded as points",MARINE,Marine,PCNT,Percent of total land/EEZ area,2018
BEL,Belgium,ALL_INC_POINTS,"All, including data recorded as points",MARINE,Marine,PCNT,Percent of total land/EEZ area,2019
BEL,Belgium,ALL_INC_POINTS,"All, including data recorded as points",MARINE,Marine,PCNT,Percent of total land/EEZ area,2020
BEL,Belgium,ALL_INC_POINTS,"All, including data recorded as points",MARINE,Marine,PCNT,Percent of total land/EEZ area,2021
CAN,Canada,ALL_INC_POINTS,"All, including data recorded as points",MARINE,Marine,PCNT,Percent of total land/EEZ area,1950
CAN,Canada,ALL_INC_POINTS,"All, including data recorded as points",MARINE,Marine,PCNT,Percent of total land/EEZ area,1960
CAN,Canada,ALL_INC_POINTS,"All, including data recorded as points",MARINE,Marine,PCNT,Percent of total land/EEZ area,1970
CAN,Canada,ALL_INC_POINTS,"All, including data recorded as points",MARINE,Marine,PCNT,Percent of total land/EEZ area,1980
CAN,Canada,ALL_INC_POINTS,"All, including data recorded as points",MARINE,Marine,PCNT,Percent of total land/EEZ area,1985
CAN,Canada,ALL_INC_POINTS,"All, including data recorded as points",MARINE,Marine,PCNT,Percent of total land/EEZ area,1990
CAN,Canada,ALL_INC_POINTS,"All, including data recorded as points",MARINE,Marine,PCNT,Percent of total land/EEZ area,1995
CAN,Canada,ALL_INC_POINTS,"All, including data recorded as points",MARINE,Marine,PCNT,Percent of total land/EEZ area,2000
CAN,Canada,ALL_INC_POINTS,"All, including data recorded as points",MARINE,Marine,PCNT,Percent of total land/EEZ area,2001
CAN,Canada,ALL_INC_POINTS,"All, including data recorded as points",MARINE,Marine,PCNT,Percent of total land/EEZ area,2002
CAN,Canada,ALL_INC_POINTS,"All, including data recorded as points",MARINE,Marine,PCNT,Percent of total land/EEZ area,2003
CAN,Canada,ALL_INC_POINTS,"All, including data recorded as points",MARINE,Marine,PCNT,Percent of total land/EEZ area,2004
CAN,Canada,ALL_INC_POINTS,"All, including data recorded as points",MARINE,Marine,PCNT,Percent of total land/EEZ area,2005
CAN,Canada,ALL_INC_POINTS,"All, including data recorded as points",MARINE,Marine,PCNT,Percent of total land/EEZ area,2006
CAN,Canada,ALL_INC_POINTS,"All, including data recorded as points",MARINE,Marine,PCNT,Percent of total land/EEZ area,2007
CAN,Canada,ALL_INC_POINTS,"All, including data recorded as points",MARINE,Marine,PCNT,Percent of total land/EEZ area,2008
CAN,Canada,ALL_INC_POINTS,"All, including data recorded as points",MARINE,Marine,PCNT,Percent of total land/EEZ area,2009
CAN,Canada,ALL_INC_POINTS,"All, including data recorded as points",MARINE,Marine,PCNT,Percent of total land/EEZ area,2010
CAN,Canada,ALL_INC_POINTS,"All, including data recorded as points",MARINE,Marine,PCNT,Percent of total land/EEZ area,2011
CAN,Canada,ALL_INC_POINTS,"All, including data recorded as points",MARINE,Marine,PCNT,Percent of total land/EEZ area,2012
CAN,Canada,ALL_INC_POINTS,"All, including data recorded as points",MARINE,Marine,PCNT,Percent of total land/EEZ area,2013
CAN,Canada,ALL_INC_POINTS,"All, including data recorded as points",MARINE,Marine,PCNT,Percent of total land/EEZ area,2014
CAN,Canada,ALL_INC_POINTS,"All, including data recorded as points",MARINE,Marine,PCNT,Percent of total land/EEZ area,2015
CAN,Canada,ALL_INC_POINTS,"All, including data recorded as points",MARINE,Marine,PCNT,Percent of total land/EEZ area,2016
CAN,Canada,ALL_INC_POINTS,"All, including data recorded as points",MARINE,Marine,PCNT,Percent of total land/EEZ area,2017
CAN,Canada,ALL_INC_POINTS,"All, including data recorded as points",MARINE,Marine,PCNT,Percent of total land/EEZ area,2018
CAN,Canada,ALL_INC_POINTS,"All, including data recorded as points",MARINE,Marine,PCNT,Percent of total land/EEZ area,2019
CAN,Canada,ALL_INC_POINTS,"All, including data recorded as points",MARINE,Marine,PCNT,Percent of total land/EEZ area,2020
CAN,Canada,ALL_INC_POINTS,"All, including data recorded as points",MARINE,Marine,PCNT,Percent of total land/EEZ area,2021
DNK,Denmark,ALL_INC_POINTS,"All, including data recorded as points",MARINE,Marine,PCNT,Percent of total land/EEZ area,1950
DNK,Denmark,ALL_INC_POINTS,"All, including data recorded as points",MARINE,Marine,PCNT,Percent of total land/EEZ area,1960
DNK,Denmark,ALL_INC_POINTS,"All, including data recorded as points",MARINE,Marine,PCNT,Percent of total land/EEZ area,1970
DNK,Denmark,ALL_INC_POINTS,"All, including data recorded as points",MARINE,Marine,PCNT,Percent of total land/EEZ area,1980
DNK,Denmark,ALL_INC_POINTS,"All, including data recorded as points",MARINE,Marine,PCNT,Percent of total land/EEZ area,1985
DNK,Denmark,ALL_INC_POINTS,"All, including data recorded as points",MARINE,Marine,PCNT,Percent of total land/EEZ area,1990
DNK,Denmark,ALL_INC_POINTS,"All, including data recorded as points",MARINE,Marine,PCNT,Percent of total land/EEZ area,1995
DNK,Denmark,ALL_INC_POINTS,"All, including data recorded as points",MARINE,Marine,PCNT,Percent of total land/EEZ area,2000
DNK,Denmark,ALL_INC_POINTS,"All, including data recorded as points",MARINE,Marine,PCNT,Percent of total land/EEZ area,2001
DNK,Denmark,ALL_INC_POINTS,"All, including data recorded as points",MARINE,Marine,PCNT,Percent of total land/EEZ area,2002
DNK,Denmark,ALL_INC_POINTS,"All, including data recorded as points",MARINE,Marine,PCNT,Percent of total land/EEZ area,2003
DNK,Denmark,ALL_INC_POINTS,"All, including data recorded as points",MARINE,Marine,PCNT,Percent of total land/EEZ area,2004
DNK,Denmark,ALL_INC_POINTS,"All, including data recorded as points",MARINE,Marine,PCNT,Percent of total land/EEZ area,2005
DNK,Denmark,ALL_INC_POINTS,"All, including data recorded as points",MARINE,Marine,PCNT,Percent of total land/EEZ area,2006
DNK,Denmark,ALL_INC_POINTS,"All, including data recorded as points",MARINE,Marine,PCNT,Percent of total land/EEZ area,2007
DNK,Denmark,ALL_INC_POINTS,"All, including data recorded as points",MARINE,Marine,PCNT,Percent of total land/EEZ area,2008
DNK,Denmark,ALL_INC_POINTS,"All, including data recorded as points",MARINE,Marine,PCNT,Percent of total land/EEZ area,2009
DNK,Denmark,ALL_INC_POINTS,"All, including data recorded as points",MARINE,Marine,PCNT,Percent of total land/EEZ area,2010
DNK,Denmark,ALL_INC_POINTS,"All, including data recorded as points",MARINE,Marine,PCNT,Percent of total land/EEZ area,2011
DNK,Denmark,ALL_INC_POINTS,"All, including data recorded as points",MARINE,Marine,PCNT,Percent of total land/EEZ area,2012
DNK,Denmark,ALL_INC_POINTS,"All, including data recorded as points",MARINE,Marine,PCNT,Percent of total land/EEZ area,2013
DNK,Denmark,ALL_INC_POINTS,"All, including data recorded as points",MARINE,Marine,PCNT,Percent of total land/EEZ area,2014
DNK,Denmark,ALL_INC_POINTS,"All, including data recorded as points",MARINE,Marine,PCNT,Percent of total land/EEZ area,2015
DNK,Denmark,ALL_INC_POINTS,"All, including data recorded as points",MARINE,Marine,PCNT,Percent of total land/EEZ area,2016
DNK,Denmark,ALL_INC_POINTS,"All, including data recorded as points",MARINE,Marine,PCNT,Percent of total land/EEZ area,2017
DNK,Denmark,ALL_INC_POINTS,"All, including data recorded as points",MARINE,Marine,PCNT,Percent of total land/EEZ area,2018
DNK,Denmark,ALL_INC_POINTS,"All, including data recorded as points",MARINE,Marine,PCNT,Percent of total land/EEZ area,2019
DNK,Denmark,ALL_INC_POINTS,"All, including data recorded as points",MARINE,Marine,PCNT,Percent of total land/EEZ area,2020
DNK,Denmark,ALL_INC_POINTS,"All, including data recorded as points",MARINE,Marine,PCNT,Percent of total land/EEZ area,2021
FIN,Finland,ALL_INC_POINTS,"All, including data recorded as points",MARINE,Marine,PCNT,Percent of total land/EEZ area,1950
FIN,Finland,ALL_INC_POINTS,"All, including data recorded as points",MARINE,Marine,PCNT,Percent of total land/EEZ area,1960
FIN,Finland,ALL_INC_POINTS,"All, including data recorded as points",MARINE,Marine,PCNT,Percent of total land/EEZ area,1970
FIN,Finland,ALL_INC_POINTS,"All, including data recorded as points",MARINE,Marine,PCNT,Percent of total land/EEZ area,1980
FIN,Finland,ALL_INC_POINTS,"All, including data recorded as points",MARINE,Marine,PCNT,Percent of total land/EEZ area,1985
FIN,Finland,ALL_INC_POINTS,"All, including data recorded as points",MARINE,Marine,PCNT,Percent of total land/EEZ area,1990
FIN,Finland,ALL_INC_POINTS,"All, including data recorded as points",MARINE,Marine,PCNT,Percent of total land/EEZ area,1995
FIN,Finland,ALL_INC_POINTS,"All, including data recorded as points",MARINE,Marine,PCNT,Percent of total land/EEZ area,2000
FIN,Finland,ALL_INC_POINTS,"All, including data recorded as points",MARINE,Marine,PCNT,Percent of total land/EEZ area,2001
FIN,Finland,ALL_INC_POINTS,"All, including data recorded as points",MARINE,Marine,PCNT,Percent of total land/EEZ area,2002
FIN,Finland,ALL_INC_POINTS,"All, including data recorded as points",MARINE,Marine,PCNT,Percent of total land/EEZ area,2003
FIN,Finland,ALL_INC_POINTS,"All, including data recorded as points",MARINE,Marine,PCNT,Percent of total land/EEZ area,2004
FIN,Finland,ALL_INC_POINTS,"All, including data recorded as points",MARINE,Marine,PCNT,Percent of total land/EEZ area,2005
FIN,Finland,ALL_INC_POINTS,"All, including data recorded as points",MARINE,Marine,PCNT,Percent of total land/EEZ area,2006
FIN,Finland,ALL_INC_POINTS,"All, including data recorded as points",MARINE,Marine,PCNT,Percent of total land/EEZ area,2007
FIN,Finland,ALL_INC_POINTS,"All, including data recorded as points",MARINE,Marine,PCNT,Percent of total land/EEZ area,2008
FIN,Finland,ALL_INC_POINTS,"All, including data recorded as points",MARINE,Marine,PCNT,Percent of total land/EEZ area,2009
FIN,Finland,ALL_INC_POINTS,"All, including data recorded as points",MARINE,Marine,PCNT,Percent of total land/EEZ area,2010
FIN,Finland,ALL_INC_POINTS,"All, including data recorded as points",MARINE,Marine,PCNT,Percent of total land/EEZ area,2011
FIN,Finland,ALL_INC_POINTS,"All, including data recorded as points",MARINE,Marine,PCNT,Percent of total land/EEZ area,2012
FIN,Finland,ALL_INC_POINTS,"All, including data recorded as points",MARINE,Marine,PCNT,Percent of total land/EEZ area,2013
FIN,Finland,ALL_INC_POINTS,"All, including data recorded as points",MARINE,Marine,PCNT,Percent of total land/EEZ area,2014
FIN,Finland,ALL_INC_POINTS,"All, including data recorded as points",MARINE,Marine,PCNT,Percent of total land/EEZ area,2015
FIN,Finland,ALL_INC_POINTS,"All, including data recorded as points",MARINE,Marine,PCNT,Percent of total land/EEZ area,2016
FIN,Finland,ALL_INC_POINTS,"All, including data recorded as points",MARINE,Marine,PCNT,Percent of total land/EEZ area,2017
FIN,Finland,ALL_INC_POINTS,"All, including data recorded as points",MARINE,Marine,PCNT,Percent of total land/EEZ area,2018
FIN,Finland,ALL_INC_POINTS,"All, including data recorded as points",MARINE,Marine,PCNT,Percent of total land/EEZ area,2019
FIN,Finland,ALL_INC_POINTS,"All, including data recorded as points",MARINE,Marine,PCNT,Percent of total land/EEZ area,2020
FIN,Finland,ALL_INC_POINTS,"All, including data recorded as points",MARINE,Marine,PCNT,Percent of total land/EEZ area,2021
FRA,France,ALL_INC_POINTS,"All, including data recorded as points",MARINE,Marine,PCNT,Percent of total land/EEZ area,1950
FRA,France,ALL_INC_POINTS,"All, including data recorded as points",MARINE,Marine,PCNT,Percent of total land/EEZ area,1960
FRA,France,ALL_INC_POINTS,"All, including data recorded as points",MARINE,Marine,PCNT,Percent of total land/EEZ area,1970
FRA,France,ALL_INC_POINTS,"All, including data recorded as points",MARINE,Marine,PCNT,Percent of total land/EEZ area,1980
FRA,France,ALL_INC_POINTS,"All, including data recorded as points",MARINE,Marine,PCNT,Percent of total land/EEZ area,1985
FRA,France,ALL_INC_POINTS,"All, including data recorded as points",MARINE,Marine,PCNT,Percent of total land/EEZ area,1990
FRA,France,ALL_INC_POINTS,"All, including data recorded as points",MARINE,Marine,PCNT,Percent of total land/EEZ area,1995
FRA,France,ALL_INC_POINTS,"All, including data recorded as points",MARINE,Marine,PCNT,Percent of total land/EEZ area,2000
FRA,France,ALL_INC_POINTS,"All, including data recorded as points",MARINE,Marine,PCNT,Percent of total land/EEZ area,2001
FRA,France,ALL_INC_POINTS,"All, including data recorded as points",MARINE,Marine,PCNT,Percent of total land/EEZ area,2002
FRA,France,ALL_INC_POINTS,"All, including data recorded as points",MARINE,Marine,PCNT,Percent of total land/EEZ area,2003
FRA,France,ALL_INC_POINTS,"All, including data recorded as points",MARINE,Marine,PCNT,Percent of total land/EEZ area,2004
FRA,France,ALL_INC_POINTS,"All, including data recorded as points",MARINE,Marine,PCNT,Percent of total land/EEZ area,2005
FRA,France,ALL_INC_POINTS,"All, including data recorded as points",MARINE,Marine,PCNT,Percent of total land/EEZ area,2006
FRA,France,ALL_INC_POINTS,"All, including data recorded as points",MARINE,Marine,PCNT,Percent of total land/EEZ area,2007
FRA,France,ALL_INC_POINTS,"All, including data recorded as points",MARINE,Marine,PCNT,Percent of total land/EEZ area,2008
FRA,France,ALL_INC_POINTS,"All, including data recorded as points",MARINE,Marine,PCNT,Percent of total land/EEZ area,2009
FRA,France,ALL_INC_POINTS,"All, including data recorded as points",MARINE,Marine,PCNT,Percent of total land/EEZ area,2010
FRA,France,ALL_INC_POINTS,"All, including data recorded as points",MARINE,Marine,PCNT,Percent of total land/EEZ area,2011
FRA,France,ALL_INC_POINTS,"All, including data recorded as points",MARINE,Marine,PCNT,Percent of total land/EEZ area,2012
FRA,France,ALL_INC_POINTS,"All, including data recorded as points",MARINE,Marine,PCNT,Percent of total land/EEZ area,2013
FRA,France,ALL_INC_POINTS,"All, including data recorded as points",MARINE,Marine,PCNT,Percent of total land/EEZ area,2014
FRA,France,ALL_INC_POINTS,"All, including data recorded as points",MARINE,Marine,PCNT,Percent of total land/EEZ area,2015
FRA,France,ALL_INC_POINTS,"All, including data recorded as points",MARINE,Marine,PCNT,Percent of total land/EEZ area,2016
FRA,France,ALL_INC_POINTS,"All, including data recorded as points",MARINE,Marine,PCNT,Percent of total land/EEZ area,2017
FRA,France,ALL_INC_POINTS,"All, including data recorded as points",MARINE,Marine,PCNT,Percent of total land/EEZ area,2018
FRA,France,ALL_INC_POINTS,"All, including data recorded as points",MARINE,Marine,PCNT,Percent of total land/EEZ area,2019
FRA,France,ALL_INC_POINTS,"All, including data recorded as points",MARINE,Marine,PCNT,Percent of total land/EEZ area,2020
FRA,France,ALL_INC_POINTS,"All, including data recorded as points",MARINE,Marine,PCNT,Percent of total land/EEZ area,2021
DEU,Germany,ALL_INC_POINTS,"All, including data recorded as points",MARINE,Marine,PCNT,Percent of total land/EEZ area,1950
DEU,Germany,ALL_INC_POINTS,"All, including data recorded as points",MARINE,Marine,PCNT,Percent of total land/EEZ area,1960
DEU,Germany,ALL_INC_POINTS,"All, including data recorded as points",MARINE,Marine,PCNT,Percent of total land/EEZ area,1970
DEU,Germany,ALL_INC_POINTS,"All, including data recorded as points",MARINE,Marine,PCNT,Percent of total land/EEZ area,1980
DEU,Germany,ALL_INC_POINTS,"All, including data recorded as points",MARINE,Marine,PCNT,Percent of total land/EEZ area,1985
DEU,Germany,ALL_INC_POINTS,"All, including data recorded as points",MARINE,Marine,PCNT,Percent of total land/EEZ area,1990
DEU,Germany,ALL_INC_POINTS,"All, including data recorded as points",MARINE,Marine,PCNT,Percent of total land/EEZ area,1995
DEU,Germany,ALL_INC_POINTS,"All, including data recorded as points",MARINE,Marine,PCNT,Percent of total land/EEZ area,2000
DEU,Germany,ALL_INC_POINTS,"All, including data recorded as points",MARINE,Marine,PCNT,Percent of total land/EEZ area,2001
DEU,Germany,ALL_INC_POINTS,"All, including data recorded as points",MARINE,Marine,PCNT,Percent of total land/EEZ area,2002
DEU,Germany,ALL_INC_POINTS,"All, including data recorded as points",MARINE,Marine,PCNT,Percent of total land/EEZ area,2003
DEU,Germany,ALL_INC_POINTS,"All, including data recorded as points",MARINE,Marine,PCNT,Percent of total land/EEZ area,2004
DEU,Germany,ALL_INC_POINTS,"All, including data recorded as points",MARINE,Marine,PCNT,Percent of total land/EEZ area,2005
DEU,Germany,ALL_INC_POINTS,"All, including data recorded as points",MARINE,Marine,PCNT,Percent of total land/EEZ area,2006
DEU,Germany,ALL_INC_POINTS,"All, including data recorded as points",MARINE,Marine,PCNT,Percent of total land/EEZ area,2007
DEU,Germany,ALL_INC_POINTS,"All, including data recorded as points",MARINE,Marine,PCNT,Percent of total land/EEZ area,2008
DEU,Germany,ALL_INC_POINTS,"All, including data recorded as points",MARINE,Marine,PCNT,Percent of total land/EEZ area,2009
DEU,Germany,ALL_INC_POINTS,"All, including data recorded as points",MARINE,Marine,PCNT,Percent of total land/EEZ area,2010
DEU,Germany,ALL_INC_POINTS,"All, including data recorded as points",MARINE,Marine,PCNT,Percent of total land/EEZ area,2011
DEU,Germany,ALL_INC_POINTS,"All, including data recorded as points",MARINE,Marine,PCNT,Percent of total land/EEZ area,2012
DEU,Germany,ALL_INC_POINTS,"All, including data recorded as points",MARINE,Marine,PCNT,Percent of total land/EEZ area,2013
DEU,Germany,ALL_INC_POINTS,"All, including data recorded as points",MARINE,Marine,PCNT,Percent of total land/EEZ area,2014
DEU,Germany,ALL_INC_POINTS,"All, including data recorded as points",MARINE,Marine,PCNT,Percent of total land/EEZ area,2015
DEU,Germany,ALL_INC_POINTS,"All, including data recorded as points",MARINE,Marine,PCNT,Percent of total land/EEZ area,2016
DEU,Germany,ALL_INC_POINTS,"All, including data recorded as points",MARINE,Marine,PCNT,Percent of total land/EEZ area,2017
DEU,Germany,ALL_INC_POINTS,"All, including data recorded as points",MARINE,Marine,PCNT,Percent of total land/EEZ area,2018
DEU,Germany,ALL_INC_POINTS,"All, including data recorded as points",MARINE,Marine,PCNT,Percent of total land/EEZ area,2019
DEU,Germany,ALL_INC_POINTS,"All, including data recorded as points",MARINE,Marine,PCNT,Percent of total land/EEZ area,2020
DEU,Germany,ALL_INC_POINTS,"All, including data recorded as points",MARINE,Marine,PCNT,Percent of total land/EEZ area,2021
GRC,Greece,ALL_INC_POINTS,"All, including data recorded as points",MARINE,Marine,PCNT,Percent of total land/EEZ area,1950
GRC,Greece,ALL_INC_POINTS,"All, including data recorded as points",MARINE,Marine,PCNT,Percent of total land/EEZ area,1960
GRC,Greece,ALL_INC_POINTS,"All, including data recorded as points",MARINE,Marine,PCNT,Percent of total land/EEZ area,1970
GRC,Greece,ALL_INC_POINTS,"All, including data recorded as points",MARINE,Marine,PCNT,Percent of total land/EEZ area,1980
GRC,Greece,ALL_INC_POINTS,"All, including data recorded as points",MARINE,Marine,PCNT,Percent of total land/EEZ area,1985
GRC,Greece,ALL_INC_POINTS,"All, including data recorded as points",MARINE,Marine,PCNT,Percent of total land/EEZ area,1990
GRC,Greece,ALL_INC_POINTS,"All, including data recorded as points",MARINE,Marine,PCNT,Percent of total land/EEZ area,1995
GRC,Greece,ALL_INC_POINTS,"All, including data recorded as points",MARINE,Marine,PCNT,Percent of total land/EEZ area,2000
GRC,Greece,ALL_INC_POINTS,"All, including data recorded as points",MARINE,Marine,PCNT,Percent of total land/EEZ area,2001
GRC,Greece,ALL_INC_POINTS,"All, including data recorded as points",MARINE,Marine,PCNT,Percent of total land/EEZ area,2002
GRC,Greece,ALL_INC_POINTS,"All, including data recorded as points",MARINE,Marine,PCNT,Percent of total land/EEZ area,2003
GRC,Greece,ALL_INC_POINTS,"All, including data recorded as points",MARINE,Marine,PCNT,Percent of total land/EEZ area,2004
GRC,Greece,ALL_INC_POINTS,"All, including data recorded as points",MARINE,Marine,PCNT,Percent of total land/EEZ area,2005
GRC,Greece,ALL_INC_POINTS,"All, including data recorded as points",MARINE,Marine,PCNT,Percent of total land/EEZ area,2006
GRC,Greece,ALL_INC_POINTS,"All, including data recorded as points",MARINE,Marine,PCNT,Percent of total land/EEZ area,2007
GRC,Greece,ALL_INC_POINTS,"All, including data recorded as points",MARINE,Marine,PCNT,Percent of total land/EEZ area,2008
GRC,Greece,ALL_INC_POINTS,"All, including data recorded as points",MARINE,Marine,PCNT,Percent of total land/EEZ area,2009
GRC,Greece,ALL_INC_POINTS,"All, including data recorded as points",MARINE,Marine,PCNT,Percent of total land/EEZ area,2010
GRC,Greece,ALL_INC_POINTS,"All, including data recorded as points",MARINE,Marine,PCNT,Percent of total land/EEZ area,2011
GRC,Greece,ALL_INC_POINTS,"All, including data recorded as points",MARINE,Marine,PCNT,Percent of total land/EEZ area,2012
GRC,Greece,ALL_INC_POINTS,"All, including data recorded as points",MARINE,Marine,PCNT,Percent of total land/EEZ area,2013
GRC,Greece,ALL_INC_POINTS,"All, including data recorded as points",MARINE,Marine,PCNT,Percent of total land/EEZ area,2014
GRC,Greece,ALL_INC_POINTS,"All, including data recorded as points",MARINE,Marine,PCNT,Percent of total land/EEZ area,2015
GRC,Greece,ALL_INC_POINTS,"All, including data recorded as points",MARINE,Marine,PCNT,Percent of total land/EEZ area,2016
GRC,Greece,ALL_INC_POINTS,"All, including data recorded as points",MARINE,Marine,PCNT,Percent of total land/EEZ area,2017
GRC,Greece,ALL_INC_POINTS,"All, including data recorded as points",MARINE,Marine,PCNT,Percent of total land/EEZ area,2018
GRC,Greece,ALL_INC_POINTS,"All, including data recorded as points",MARINE,Marine,PCNT,Percent of total land/EEZ area,2019
GRC,Greece,ALL_INC_POINTS,"All, including data recorded as points",MARINE,Marine,PCNT,Percent of total land/EEZ area,2020
GRC,Greece,ALL_INC_POINTS,"All, including data recorded as points",MARINE,Marine,PCNT,Percent of total land/EEZ area,2021
ISL,Iceland,ALL_INC_POINTS,"All, including data recorded as points",MARINE,Marine,PCNT,Percent of total land/EEZ area,1950
ISL,Iceland,ALL_INC_POINTS,"All, including data recorded as points",MARINE,Marine,PCNT,Percent of total land/EEZ area,1960
ISL,Iceland,ALL_INC_POINTS,"All, including data recorded as points",MARINE,Marine,PCNT,Percent of total land/EEZ area,1970
ISL,Iceland,ALL_INC_POINTS,"All, including data recorded as points",MARINE,Marine,PCNT,Percent of total land/EEZ area,1980
ISL,Iceland,ALL_INC_POINTS,"All, including data recorded as points",MARINE,Marine,PCNT,Percent of total land/EEZ area,1985
ISL,Iceland,ALL_INC_POINTS,"All, including data recorded as points",MARINE,Marine,PCNT,Percent of total land/EEZ area,1990
ISL,Iceland,ALL_INC_POINTS,"All, including data recorded as points",MARINE,Marine,PCNT,Percent of total land/EEZ area,1995
ISL,Iceland,ALL_INC_POINTS,"All, including data recorded as points",MARINE,Marine,PCNT,Percent of total land/EEZ area,2000
ISL,Iceland,ALL_INC_POINTS,"All, including data recorded as points",MARINE,Marine,PCNT,Percent of total land/EEZ area,2001
ISL,Iceland,ALL_INC_POINTS,"All, including data recorded as points",MARINE,Marine,PCNT,Percent of total land/EEZ area,2002
ISL,Iceland,ALL_INC_POINTS,"All, including data recorded as points",MARINE,Marine,PCNT,Percent of total land/EEZ area,2003
ISL,Iceland,ALL_INC_POINTS,"All, including data recorded as points",MARINE,Marine,PCNT,Percent of total land/EEZ area,2004
ISL,Iceland,ALL_INC_POINTS,"All, including data recorded as points",MARINE,Marine,PCNT,Percent of total land/EEZ area,2005
ISL,Iceland,ALL_INC_POINTS,"All, including data recorded as points",MARINE,Marine,PCNT,Percent of total land/EEZ area,2006
ISL,Iceland,ALL_INC_POINTS,"All, including data recorded as points",MARINE,Marine,PCNT,Percent of total land/EEZ area,2007
ISL,Iceland,ALL_INC_POINTS,"All, including data recorded as points",MARINE,Marine,PCNT,Percent of total land/EEZ area,2008
ISL,Iceland,ALL_INC_POINTS,"All, including data recorded as points",MARINE,Marine,PCNT,Percent of total land/EEZ area,2009
ISL,Iceland,ALL_INC_POINTS,"All, including data recorded as points",MARINE,Marine,PCNT,Percent of total land/EEZ area,2010
ISL,Iceland,ALL_INC_POINTS,"All, including data recorded as points",MARINE,Marine,PCNT,Percent of total land/EEZ area,2011
ISL,Iceland,ALL_INC_POINTS,"All, including data recorded as points",MARINE,Marine,PCNT,Percent of total land/EEZ area,2012
ISL,Iceland,ALL_INC_POINTS,"All, including data recorded as points",MARINE,Marine,PCNT,Percent of total land/EEZ area,2013
ISL,Iceland,ALL_INC_POINTS,"All, including data recorded as points",MARINE,Marine,PCNT,Percent of total land/EEZ area,2014
ISL,Iceland,ALL_INC_POINTS,"All, including data recorded as points",MARINE,Marine,PCNT,Percent of total land/EEZ area,2015
ISL,Iceland,ALL_INC_POINTS,"All, including data recorded as points",MARINE,Marine,PCNT,Percent of total land/EEZ area,2016
ISL,Iceland,ALL_INC_POINTS,"All, including data recorded as points",MARINE,Marine,PCNT,Percent of total land/EEZ area,2017
ISL,Iceland,ALL_INC_POINTS,"All, including data recorded as points",MARINE,Marine,PCNT,Percent of total land/EEZ area,2018
ISL,Iceland,ALL_INC_POINTS,"All, including data recorded as points",MARINE,Marine,PCNT,Percent of total land/EEZ area,2019
ISL,Iceland,ALL_INC_POINTS,"All, including data recorded as points",MARINE,Marine,PCNT,Percent of total land/EEZ area,2020
ISL,Iceland,ALL_INC_POINTS,"All, including data recorded as points",MARINE,Marine,PCNT,Percent of total land/EEZ area,2021
IRL,Ireland,ALL_INC_POINTS,"All, including data recorded as points",MARINE,Marine,PCNT,Percent of total land/EEZ area,1950
IRL,Ireland,ALL_INC_POINTS,"All, including data recorded as points",MARINE,Marine,PCNT,Percent of total land/EEZ area,1960
IRL,Ireland,ALL_INC_POINTS,"All, including data recorded as points",MARINE,Marine,PCNT,Percent of total land/EEZ area,1970
IRL,Ireland,ALL_INC_POINTS,"All, including data recorded as points",MARINE,Marine,PCNT,Percent of total land/EEZ area,1980
IRL,Ireland,ALL_INC_POINTS,"All, including data recorded as points",MARINE,Marine,PCNT,Percent of total land/EEZ area,1985
IRL,Ireland,ALL_INC_POINTS,"All, including data recorded as points",MARINE,Marine,PCNT,Percent of total land/EEZ area,1990
IRL,Ireland,ALL_INC_POINTS,"All, including data recorded as points",MARINE,Marine,PCNT,Percent of total land/EEZ area,1995
IRL,Ireland,ALL_INC_POINTS,"All, including data recorded as points",MARINE,Marine,PCNT,Percent of total land/EEZ area,2000
IRL,Ireland,ALL_INC_POINTS,"All, including data recorded as points",MARINE,Marine,PCNT,Percent of total land/EEZ area,2001
IRL,Ireland,ALL_INC_POINTS,"All, including data recorded as points",MARINE,Marine,PCNT,Percent of total land/EEZ area,2002
IRL,Ireland,ALL_INC_POINTS,"All, including data recorded as points",MARINE,Marine,PCNT,Percent of total land/EEZ area,2003
IRL,Ireland,ALL_INC_POINTS,"All, including data recorded as points",MARINE,Marine,PCNT,Percent of total land/EEZ area,2004
IRL,Ireland,ALL_INC_POINTS,"All, including data recorded as points",MARINE,Marine,PCNT,Percent of total land/EEZ area,2005
IRL,Ireland,ALL_INC_POINTS,"All, including data recorded as points",MARINE,Marine,PCNT,Percent of total land/EEZ area,2006
IRL,Ireland,ALL_INC_POINTS,"All, including data recorded as points",MARINE,Marine,PCNT,Percent of total land/EEZ area,2007
IRL,Ireland,ALL_INC_POINTS,"All, including data recorded as points",MARINE,Marine,PCNT,Percent of total land/EEZ area,2008
IRL,Ireland,ALL_INC_POINTS,"All, including data recorded as points",MARINE,Marine,PCNT,Percent of total land/EEZ area,2009
IRL,Ireland,ALL_INC_POINTS,"All, including data recorded as points",MARINE,Marine,PCNT,Percent of total land/EEZ area,2010
IRL,Ireland,ALL_INC_POINTS,"All, including data recorded as points",MARINE,Marine,PCNT,Percent of total land/EEZ area,2011
IRL,Ireland,ALL_INC_POINTS,"All, including data recorded as points",MARINE,Marine,PCNT,Percent of total land/EEZ area,2012
IRL,Ireland,ALL_INC_POINTS,"All, including data recorded as points",MARINE,Marine,PCNT,Percent of total land/EEZ area,2013
IRL,Ireland,ALL_INC_POINTS,"All, including data recorded as points",MARINE,Marine,PCNT,Percent of total land/EEZ area,2014
IRL,Ireland,ALL_INC_POINTS,"All, including data recorded as points",MARINE,Marine,PCNT,Percent of total land/EEZ area,2015
IRL,Ireland,ALL_INC_POINTS,"All, including data recorded as points",MARINE,Marine,PCNT,Percent of total land/EEZ area,2016
IRL,Ireland,ALL_INC_POINTS,"All, including data recorded as points",MARINE,Marine,PCNT,Percent of total land/EEZ area,2017
IRL,Ireland,ALL_INC_POINTS,"All, including data recorded as points",MARINE,Marine,PCNT,Percent of total land/EEZ area,2018
IRL,Ireland,ALL_INC_POINTS,"All, including data recorded as points",MARINE,Marine,PCNT,Percent of total land/EEZ area,2019
IRL,Ireland,ALL_INC_POINTS,"All, including data recorded as points",MARINE,Marine,PCNT,Percent of total land/EEZ area,2020
IRL,Ireland,ALL_INC_POINTS,"All, including data recorded as points",MARINE,Marine,PCNT,Percent of total land/EEZ area,2021
ITA,Italy,ALL_INC_POINTS,"All, including data recorded as points",MARINE,Marine,PCNT,Percent of total land/EEZ area,1950
ITA,Italy,ALL_INC_POINTS,"All, including data recorded as points",MARINE,Marine,PCNT,Percent of total land/EEZ area,1960
ITA,Italy,ALL_INC_POINTS,"All, including data recorded as points",MARINE,Marine,PCNT,Percent of total land/EEZ area,1970
ITA,Italy,ALL_INC_POINTS,"All, including data recorded as points",MARINE,Marine,PCNT,Percent of total land/EEZ area,1980
ITA,Italy,ALL_INC_POINTS,"All, including data recorded as points",MARINE,Marine,PCNT,Percent of total land/EEZ area,1985
ITA,Italy,ALL_INC_POINTS,"All, including data recorded as points",MARINE,Marine,PCNT,Percent of total land/EEZ area,1990
ITA,Italy,ALL_INC_POINTS,"All, including data recorded as points",MARINE,Marine,PCNT,Percent of total land/EEZ area,1995
ITA,Italy,ALL_INC_POINTS,"All, including data recorded as points",MARINE,Marine,PCNT,Percent of total land/EEZ area,2000
ITA,Italy,ALL_INC_POINTS,"All, including data recorded as points",MARINE,Marine,PCNT,Percent of total land/EEZ area,2001
ITA,Italy,ALL_INC_POINTS,"All, including data recorded as points",MARINE,Marine,PCNT,Percent of total land/EEZ area,2002
ITA,Italy,ALL_INC_POINTS,"All, including data recorded as points",MARINE,Marine,PCNT,Percent of total land/EEZ area,2003
ITA,Italy,ALL_INC_POINTS,"All, including data recorded as points",MARINE,Marine,PCNT,Percent of total land/EEZ area,2004
ITA,Italy,ALL_INC_POINTS,"All, including data recorded as points",MARINE,Marine,PCNT,Percent of total land/EEZ area,2005
ITA,Italy,ALL_INC_POINTS,"All, including data recorded as points",MARINE,Marine,PCNT,Percent of total land/EEZ area,2006
ITA,Italy,ALL_INC_POINTS,"All, including data recorded as points",MARINE,Marine,PCNT,Percent of total land/EEZ area,2007
ITA,Italy,ALL_INC_POINTS,"All, including data recorded as points",MARINE,Marine,PCNT,Percent of total land/EEZ area,2008
ITA,Italy,ALL_INC_POINTS,"All, including data recorded as points",MARINE,Marine,PCNT,Percent of total land/EEZ area,2009
ITA,Italy,ALL_INC_POINTS,"All, including data recorded as points",MARINE,Marine,PCNT,Percent of total land/EEZ area,2010
ITA,Italy,ALL_INC_POINTS,"All, including data recorded as points",MARINE,Marine,PCNT,Percent of total land/EEZ area,2011
ITA,Italy,ALL_INC_POINTS,"All, including data recorded as points",MARINE,Marine,PCNT,Percent of total land/EEZ area,2012
ITA,Italy,ALL_INC_POINTS,"All, including data recorded as points",MARINE,Marine,PCNT,Percent of total land/EEZ area,2013
ITA,Italy,ALL_INC_POINTS,"All, including data recorded as points",MARINE,Marine,PCNT,Percent of total land/EEZ area,2014
ITA,Italy,ALL_INC_POINTS,"All, including data recorded as points",MARINE,Marine,PCNT,Percent of total land/EEZ area,2015
ITA,Italy,ALL_INC_POINTS,"All, including data recorded as points",MARINE,Marine,PCNT,Percent of total land/EEZ area,2016
ITA,Italy,ALL_INC_POINTS,"All, including data recorded as points",MARINE,Marine,PCNT,Percent of total land/EEZ area,2017
ITA,Italy,ALL_INC_POINTS,"All, including data recorded as points",MARINE,Marine,PCNT,Percent of total land/EEZ area,2018
ITA,Italy,ALL_INC_POINTS,"All, including data recorded as points",MARINE,Marine,PCNT,Percent of total land/EEZ area,2019
ITA,Italy,ALL_INC_POINTS,"All, including data recorded as points",MARINE,Marine,PCNT,Percent of total land/EEZ area,2020
ITA,Italy,ALL_INC_POINTS,"All, including data recorded as points",MARINE,Marine,PCNT,Percent of total land/EEZ area,2021
JPN,Japan,ALL_INC_POINTS,"All, including data recorded as points",MARINE,Marine,PCNT,Percent of total land/EEZ area,1950
JPN,Japan,ALL_INC_POINTS,"All, including data recorded as points",MARINE,Marine,PCNT,Percent of total land/EEZ area,1960
JPN,Japan,ALL_INC_POINTS,"All, including data recorded as points",MARINE,Marine,PCNT,Percent of total land/EEZ area,1970
JPN,Japan,ALL_INC_POINTS,"All, including data recorded as points",MARINE,Marine,PCNT,Percent of total land/EEZ area,1980
JPN,Japan,ALL_INC_POINTS,"All, including data recorded as points",MARINE,Marine,PCNT,Percent of total land/EEZ area,1985
JPN,Japan,ALL_INC_POINTS,"All, including data recorded as points",MARINE,Marine,PCNT,Percent of total land/EEZ area,1990
JPN,Japan,ALL_INC_POINTS,"All, including data recorded as points",MARINE,Marine,PCNT,Percent of total land/EEZ area,1995
JPN,Japan,ALL_INC_POINTS,"All, including data recorded as points",MARINE,Marine,PCNT,Percent of total land/EEZ area,2000
JPN,Japan,ALL_INC_POINTS,"All, including data recorded as points",MARINE,Marine,PCNT,Percent of total land/EEZ area,2001
JPN,Japan,ALL_INC_POINTS,"All, including data recorded as points",MARINE,Marine,PCNT,Percent of total land/EEZ area,2002
JPN,Japan,ALL_INC_POINTS,"All, including data recorded as points",MARINE,Marine,PCNT,Percent of total land/EEZ area,2003
JPN,Japan,ALL_INC_POINTS,"All, including data recorded as points",MARINE,Marine,PCNT,Percent of total land/EEZ area,2004
JPN,Japan,ALL_INC_POINTS,"All, including data recorded as points",MARINE,Marine,PCNT,Percent of total land/EEZ area,2005
JPN,Japan,ALL_INC_POINTS,"All, including data recorded as points",MARINE,Marine,PCNT,Percent of total land/EEZ area,2006
JPN,Japan,ALL_INC_POINTS,"All, including data recorded as points",MARINE,Marine,PCNT,Percent of total land/EEZ area,2007
JPN,Japan,ALL_INC_POINTS,"All, including data recorded as points",MARINE,Marine,PCNT,Percent of total land/EEZ area,2008
JPN,Japan,ALL_INC_POINTS,"All, including data recorded as points",MARINE,Marine,PCNT,Percent of total land/EEZ area,2009
JPN,Japan,ALL_INC_POINTS,"All, including data recorded as points",MARINE,Marine,PCNT,Percent of total land/EEZ area,2010
JPN,Japan,ALL_INC_POINTS,"All, including data recorded as points",MARINE,Marine,PCNT,Percent of total land/EEZ area,2011
JPN,Japan,ALL_INC_POINTS,"All, including data recorded as points",MARINE,Marine,PCNT,Percent of total land/EEZ area,2012
JPN,Japan,ALL_INC_POINTS,"All, including data recorded as points",MARINE,Marine,PCNT,Percent of total land/EEZ area,2013
JPN,Japan,ALL_INC_POINTS,"All, including data recorded as points",MARINE,Marine,PCNT,Percent of total land/EEZ area,2014
JPN,Japan,ALL_INC_POINTS,"All, including data recorded as points",MARINE,Marine,PCNT,Percent of total land/EEZ area,2015
JPN,Japan,ALL_INC_POINTS,"All, including data recorded as points",MARINE,Marine,PCNT,Percent of total land/EEZ area,2016
JPN,Japan,ALL_INC_POINTS,"All, including data recorded as points",MARINE,Marine,PCNT,Percent of total land/EEZ area,2017
JPN,Japan,ALL_INC_POINTS,"All, including data recorded as points",MARINE,Marine,PCNT,Percent of total land/EEZ area,2018
JPN,Japan,ALL_INC_POINTS,"All, including data recorded as points",MARINE,Marine,PCNT,Percent of total land/EEZ area,2019
JPN,Japan,ALL_INC_POINTS,"All, including data recorded as points",MARINE,Marine,PCNT,Percent of total land/EEZ area,2020
JPN,Japan,ALL_INC_POINTS,"All, including data recorded as points",MARINE,Marine,PCNT,Percent of total land/EEZ area,2021
KOR,Korea,ALL_INC_POINTS,"All, including data recorded as points",MARINE,Marine,PCNT,Percent of total land/EEZ area,1950
KOR,Korea,ALL_INC_POINTS,"All, including data recorded as points",MARINE,Marine,PCNT,Percent of total land/EEZ area,1960
KOR,Korea,ALL_INC_POINTS,"All, including data recorded as points",MARINE,Marine,PCNT,Percent of total land/EEZ area,1970
KOR,Korea,ALL_INC_POINTS,"All, including data recorded as points",MARINE,Marine,PCNT,Percent of total land/EEZ area,1980
KOR,Korea,ALL_INC_POINTS,"All, including data recorded as points",MARINE,Marine,PCNT,Percent of total land/EEZ area,1985
KOR,Korea,ALL_INC_POINTS,"All, including data recorded as points",MARINE,Marine,PCNT,Percent of total land/EEZ area,1990
KOR,Korea,ALL_INC_POINTS,"All, including data recorded as points",MARINE,Marine,PCNT,Percent of total land/EEZ area,1995
KOR,Korea,ALL_INC_POINTS,"All, including data recorded as points",MARINE,Marine,PCNT,Percent of total land/EEZ area,2000
KOR,Korea,ALL_INC_POINTS,"All, including data recorded as points",MARINE,Marine,PCNT,Percent of total land/EEZ area,2001
KOR,Korea,ALL_INC_POINTS,"All, including data recorded as points",MARINE,Marine,PCNT,Percent of total land/EEZ area,2002
KOR,Korea,ALL_INC_POINTS,"All, including data recorded as points",MARINE,Marine,PCNT,Percent of total land/EEZ area,2003
KOR,Korea,ALL_INC_POINTS,"All, including data recorded as points",MARINE,Marine,PCNT,Percent of total land/EEZ area,2004
KOR,Korea,ALL_INC_POINTS,"All, including data recorded as points",MARINE,Marine,PCNT,Percent of total land/EEZ area,2005
KOR,Korea,ALL_INC_POINTS,"All, including data recorded as points",MARINE,Marine,PCNT,Percent of total land/EEZ area,2006
KOR,Korea,ALL_INC_POINTS,"All, including data recorded as points",MARINE,Marine,PCNT,Percent of total land/EEZ area,2007
KOR,Korea,ALL_INC_POINTS,"All, including data recorded as points",MARINE,Marine,PCNT,Percent of total land/EEZ area,2008
KOR,Korea,ALL_INC_POINTS,"All, including data recorded as points",MARINE,Marine,PCNT,Percent of total land/EEZ area,2009
KOR,Korea,ALL_INC_POINTS,"All, including data recorded as points",MARINE,Marine,PCNT,Percent of total land/EEZ area,2010
KOR,Korea,ALL_INC_POINTS,"All, including data recorded as points",MARINE,Marine,PCNT,Percent of total land/EEZ area,2011
KOR,Korea,ALL_INC_POINTS,"All, including data recorded as points",MARINE,Marine,PCNT,Percent of total land/EEZ area,2012
KOR,Korea,ALL_INC_POINTS,"All, including data recorded as points",MARINE,Marine,PCNT,Percent of total land/EEZ area,2013
KOR,Korea,ALL_INC_POINTS,"All, including data recorded as points",MARINE,Marine,PCNT,Percent of total land/EEZ area,2014
KOR,Korea,ALL_INC_POINTS,"All, including data recorded as points",MARINE,Marine,PCNT,Percent of total land/EEZ area,2015
KOR,Korea,ALL_INC_POINTS,"All, including data recorded as points",MARINE,Marine,PCNT,Percent of total land/EEZ area,2016
KOR,Korea,ALL_INC_POINTS,"All, including data recorded as points",MARINE,Marine,PCNT,Percent of total land/EEZ area,2017
KOR,Korea,ALL_INC_POINTS,"All, including data recorded as points",MARINE,Marine,PCNT,Percent of total land/EEZ area,2018
KOR,Korea,ALL_INC_POINTS,"All, including data recorded as points",MARINE,Marine,PCNT,Percent of total land/EEZ area,2019
KOR,Korea,ALL_INC_POINTS,"All, including data recorded as points",MARINE,Marine,PCNT,Percent of total land/EEZ area,2020
KOR,Korea,ALL_INC_POINTS,"All, including data recorded as points",MARINE,Marine,PCNT,Percent of total land/EEZ area,2021
MEX,Mexico,ALL_INC_POINTS,"All, including data recorded as points",MARINE,Marine,PCNT,Percent of total land/EEZ area,1950
MEX,Mexico,ALL_INC_POINTS,"All, including data recorded as points",MARINE,Marine,PCNT,Percent of total land/EEZ area,1960
MEX,Mexico,ALL_INC_POINTS,"All, including data recorded as points",MARINE,Marine,PCNT,Percent of total land/EEZ area,1970
MEX,Mexico,ALL_INC_POINTS,"All, including data recorded as points",MARINE,Marine,PCNT,Percent of total land/EEZ area,1980
MEX,Mexico,ALL_INC_POINTS,"All, including data recorded as points",MARINE,Marine,PCNT,Percent of total land/EEZ area,1985
MEX,Mexico,ALL_INC_POINTS,"All, including data recorded as points",MARINE,Marine,PCNT,Percent of total land/EEZ area,1990
MEX,Mexico,ALL_INC_POINTS,"All, including data recorded as points",MARINE,Marine,PCNT,Percent of total land/EEZ area,1995
MEX,Mexico,ALL_INC_POINTS,"All, including data recorded as points",MARINE,Marine,PCNT,Percent of total land/EEZ area,2000
MEX,Mexico,ALL_INC_POINTS,"All, including data recorded as points",MARINE,Marine,PCNT,Percent of total land/EEZ area,2001
MEX,Mexico,ALL_INC_POINTS,"All, including data recorded as points",MARINE,Marine,PCNT,Percent of total land/EEZ area,2002
MEX,Mexico,ALL_INC_POINTS,"All, including data recorded as points",MARINE,Marine,PCNT,Percent of total land/EEZ area,2003
MEX,Mexico,ALL_INC_POINTS,"All, including data recorded as points",MARINE,Marine,PCNT,Percent of total land/EEZ area,2004
MEX,Mexico,ALL_INC_POINTS,"All, including data recorded as points",MARINE,Marine,PCNT,Percent of total land/EEZ area,2005
MEX,Mexico,ALL_INC_POINTS,"All, including data recorded as points",MARINE,Marine,PCNT,Percent of total land/EEZ area,2006
MEX,Mexico,ALL_INC_POINTS,"All, including data recorded as points",MARINE,Marine,PCNT,Percent of total land/EEZ area,2007
MEX,Mexico,ALL_INC_POINTS,"All, including data recorded as points",MARINE,Marine,PCNT,Percent of total land/EEZ area,2008
MEX,Mexico,ALL_INC_POINTS,"All, including data recorded as points",MARINE,Marine,PCNT,Percent of total land/EEZ area,2009
MEX,Mexico,ALL_INC_POINTS,"All, including data recorded as points",MARINE,Marine,PCNT,Percent of total land/EEZ area,2010
MEX,Mexico,ALL_INC_POINTS,"All, including data recorded as points",MARINE,Marine,PCNT,Percent of total land/EEZ area,2011
MEX,Mexico,ALL_INC_POINTS,"All, including data recorded as points",MARINE,Marine,PCNT,Percent of total land/EEZ area,2012
MEX,Mexico,ALL_INC_POINTS,"All, including data recorded as points",MARINE,Marine,PCNT,Percent of total land/EEZ area,2013
MEX,Mexico,ALL_INC_POINTS,"All, including data recorded as points",MARINE,Marine,PCNT,Percent of total land/EEZ area,2014
MEX,Mexico,ALL_INC_POINTS,"All, including data recorded as points",MARINE,Marine,PCNT,Percent of total land/EEZ area,2015
MEX,Mexico,ALL_INC_POINTS,"All, including data recorded as points",MARINE,Marine,PCNT,Percent of total land/EEZ area,2016
MEX,Mexico,ALL_INC_POINTS,"All, including data recorded as points",MARINE,Marine,PCNT,Percent of total land/EEZ area,2017
MEX,Mexico,ALL_INC_POINTS,"All, including data recorded as points",MARINE,Marine,PCNT,Percent of total land/EEZ area,2018
MEX,Mexico,ALL_INC_POINTS,"All, including data recorded as points",MARINE,Marine,PCNT,Percent of total land/EEZ area,2019
MEX,Mexico,ALL_INC_POINTS,"All, including data recorded as points",MARINE,Marine,PCNT,Percent of total land/EEZ area,2020
MEX,Mexico,ALL_INC_POINTS,"All, including data recorded as points",MARINE,Marine,PCNT,Percent of total land/EEZ area,2021
NLD,Netherlands,ALL_INC_POINTS,"All, including data recorded as points",MARINE,Marine,PCNT,Percent of total land/EEZ area,1950
NLD,Netherlands,ALL_INC_POINTS,"All, including data recorded as points",MARINE,Marine,PCNT,Percent of total land/EEZ area,1960
NLD,Netherlands,ALL_INC_POINTS,"All, including data recorded as points",MARINE,Marine,PCNT,Percent of total land/EEZ area,1970
NLD,Netherlands,ALL_INC_POINTS,"All, including data recorded as points",MARINE,Marine,PCNT,Percent of total land/EEZ area,1980
NLD,Netherlands,ALL_INC_POINTS,"All, including data recorded as points",MARINE,Marine,PCNT,Percent of total land/EEZ area,1985
NLD,Netherlands,ALL_INC_POINTS,"All, including data recorded as points",MARINE,Marine,PCNT,Percent of total land/EEZ area,1990
NLD,Netherlands,ALL_INC_POINTS,"All, including data recorded as points",MARINE,Marine,PCNT,Percent of total land/EEZ area,1995
NLD,Netherlands,ALL_INC_POINTS,"All, including data recorded as points",MARINE,Marine,PCNT,Percent of total land/EEZ area,2000
NLD,Netherlands,ALL_INC_POINTS,"All, including data recorded as points",MARINE,Marine,PCNT,Percent of total land/EEZ area,2001
NLD,Netherlands,ALL_INC_POINTS,"All, including data recorded as points",MARINE,Marine,PCNT,Percent of total land/EEZ area,2002
NLD,Netherlands,ALL_INC_POINTS,"All, including data recorded as points",MARINE,Marine,PCNT,Percent of total land/EEZ area,2003
NLD,Netherlands,ALL_INC_POINTS,"All, including data recorded as points",MARINE,Marine,PCNT,Percent of total land/EEZ area,2004
NLD,Netherlands,ALL_INC_POINTS,"All, including data recorded as points",MARINE,Marine,PCNT,Percent of total land/EEZ area,2005
NLD,Netherlands,ALL_INC_POINTS,"All, including data recorded as points",MARINE,Marine,PCNT,Percent of total land/EEZ area,2006
NLD,Netherlands,ALL_INC_POINTS,"All, including data recorded as points",MARINE,Marine,PCNT,Percent of total land/EEZ area,2007
NLD,Netherlands,ALL_INC_POINTS,"All, including data recorded as points",MARINE,Marine,PCNT,Percent of total land/EEZ area,2008
NLD,Netherlands,ALL_INC_POINTS,"All, including data recorded as points",MARINE,Marine,PCNT,Percent of total land/EEZ area,2009
NLD,Netherlands,ALL_INC_POINTS,"All, including data recorded as points",MARINE,Marine,PCNT,Percent of total land/EEZ area,2010
NLD,Netherlands,ALL_INC_POINTS,"All, including data recorded as points",MARINE,Marine,PCNT,Percent of total land/EEZ area,2011
NLD,Netherlands,ALL_INC_POINTS,"All, including data recorded as points",MARINE,Marine,PCNT,Percent of total land/EEZ area,2012
NLD,Netherlands,ALL_INC_POINTS,"All, including data recorded as points",MARINE,Marine,PCNT,Percent of total land/EEZ area,2013
NLD,Netherlands,ALL_INC_POINTS,"All, including data recorded as points",MARINE,Marine,PCNT,Percent of total land/EEZ area,2014
NLD,Netherlands,ALL_INC_POINTS,"All, including data recorded as points",MARINE,Marine,PCNT,Percent of total land/EEZ area,2015
NLD,Netherlands,ALL_INC_POINTS,"All, including data recorded as points",MARINE,Marine,PCNT,Percent of total land/EEZ area,2016
NLD,Netherlands,ALL_INC_POINTS,"All, including data recorded as points",MARINE,Marine,PCNT,Percent of total land/EEZ area,2017
NLD,Netherlands,ALL_INC_POINTS,"All, including data recorded as points",MARINE,Marine,PCNT,Percent of total land/EEZ area,2018
NLD,Netherlands,ALL_INC_POINTS,"All, including data recorded as points",MARINE,Marine,PCNT,Percent of total land/EEZ area,2019
NLD,Netherlands,ALL_INC_POINTS,"All, including data recorded as points",MARINE,Marine,PCNT,Percent of total land/EEZ area,2020
NLD,Netherlands,ALL_INC_POINTS,"All, including data recorded as points",MARINE,Marine,PCNT,Percent of total land/EEZ area,2021
NZL,New Zealand,ALL_INC_POINTS,"All, including data recorded as points",MARINE,Marine,PCNT,Percent of total land/EEZ area,1950
NZL,New Zealand,ALL_INC_POINTS,"All, including data recorded as points",MARINE,Marine,PCNT,Percent of total land/EEZ area,1960
NZL,New Zealand,ALL_INC_POINTS,"All, including data recorded as points",MARINE,Marine,PCNT,Percent of total land/EEZ area,1970
NZL,New Zealand,ALL_INC_POINTS,"All, including data recorded as points",MARINE,Marine,PCNT,Percent of total land/EEZ area,1980
NZL,New Zealand,ALL_INC_POINTS,"All, including data recorded as points",MARINE,Marine,PCNT,Percent of total land/EEZ area,1985
NZL,New Zealand,ALL_INC_POINTS,"All, including data recorded as points",MARINE,Marine,PCNT,Percent of total land/EEZ area,1990
NZL,New Zealand,ALL_INC_POINTS,"All, including data recorded as points",MARINE,Marine,PCNT,Percent of total land/EEZ area,1995
NZL,New Zealand,ALL_INC_POINTS,"All, including data recorded as points",MARINE,Marine,PCNT,Percent of total land/EEZ area,2000
NZL,New Zealand,ALL_INC_POINTS,"All, including data recorded as points",MARINE,Marine,PCNT,Percent of total land/EEZ area,2001
NZL,New Zealand,ALL_INC_POINTS,"All, including data recorded as points",MARINE,Marine,PCNT,Percent of total land/EEZ area,2002
NZL,New Zealand,ALL_INC_POINTS,"All, including data recorded as points",MARINE,Marine,PCNT,Percent of total land/EEZ area,2003
NZL,New Zealand,ALL_INC_POINTS,"All, including data recorded as points",MARINE,Marine,PCNT,Percent of total land/EEZ area,2004
NZL,New Zealand,ALL_INC_POINTS,"All, including data recorded as points",MARINE,Marine,PCNT,Percent of total land/EEZ area,2005
NZL,New Zealand,ALL_INC_POINTS,"All, including data recorded as points",MARINE,Marine,PCNT,Percent of total land/EEZ area,2006
NZL,New Zealand,ALL_INC_POINTS,"All, including data recorded as points",MARINE,Marine,PCNT,Percent of total land/EEZ area,2007
NZL,New Zealand,ALL_INC_POINTS,"All, including data recorded as points",MARINE,Marine,PCNT,Percent of total land/EEZ area,2008
NZL,New Zealand,ALL_INC_POINTS,"All, including data recorded as points",MARINE,Marine,PCNT,Percent of total land/EEZ area,2009
NZL,New Zealand,ALL_INC_POINTS,"All, including data recorded as points",MARINE,Marine,PCNT,Percent of total land/EEZ area,2010
NZL,New Zealand,ALL_INC_POINTS,"All, including data recorded as points",MARINE,Marine,PCNT,Percent of total land/EEZ area,2011
NZL,New Zealand,ALL_INC_POINTS,"All, including data recorded as points",MARINE,Marine,PCNT,Percent of total land/EEZ area,2012
NZL,New Zealand,ALL_INC_POINTS,"All, including data recorded as points",MARINE,Marine,PCNT,Percent of total land/EEZ area,2013
NZL,New Zealand,ALL_INC_POINTS,"All, including data recorded as points",MARINE,Marine,PCNT,Percent of total land/EEZ area,2014
NZL,New Zealand,ALL_INC_POINTS,"All, including data recorded as points",MARINE,Marine,PCNT,Percent of total land/EEZ area,2015
NZL,New Zealand,ALL_INC_POINTS,"All, including data recorded as points",MARINE,Marine,PCNT,Percent of total land/EEZ area,2016
NZL,New Zealand,ALL_INC_POINTS,"All, including data recorded as points",MARINE,Marine,PCNT,Percent of total land/EEZ area,2017
NZL,New Zealand,ALL_INC_POINTS,"All, including data recorded as points",MARINE,Marine,PCNT,Percent of total land/EEZ area,2018
NZL,New Zealand,ALL_INC_POINTS,"All, including data recorded as points",MARINE,Marine,PCNT,Percent of total land/EEZ area,2019
NZL,New Zealand,ALL_INC_POINTS,"All, including data recorded as points",MARINE,Marine,PCNT,Percent of total land/EEZ area,2020
NZL,New Zealand,ALL_INC_POINTS,"All, including data recorded as points",MARINE,Marine,PCNT,Percent of total land/EEZ area,2021
NOR,Norway,ALL_INC_POINTS,"All, including data recorded as points",MARINE,Marine,PCNT,Percent of total land/EEZ area,1950
NOR,Norway,ALL_INC_POINTS,"All, including data recorded as points",MARINE,Marine,PCNT,Percent of total land/EEZ area,1960
NOR,Norway,ALL_INC_POINTS,"All, including data recorded as points",MARINE,Marine,PCNT,Percent of total land/EEZ area,1970
NOR,Norway,ALL_INC_POINTS,"All, including data recorded as points",MARINE,Marine,PCNT,Percent of total land/EEZ area,1980
NOR,Norway,ALL_INC_POINTS,"All, including data recorded as points",MARINE,Marine,PCNT,Percent of total land/EEZ area,1985
NOR,Norway,ALL_INC_POINTS,"All, including data recorded as points",MARINE,Marine,PCNT,Percent of total land/EEZ area,1990
NOR,Norway,ALL_INC_POINTS,"All, including data recorded as points",MARINE,Marine,PCNT,Percent of total land/EEZ area,1995
NOR,Norway,ALL_INC_POINTS,"All, including data recorded as points",MARINE,Marine,PCNT,Percent of total land/EEZ area,2000
NOR,Norway,ALL_INC_POINTS,"All, including data recorded as points",MARINE,Marine,PCNT,Percent of total land/EEZ area,2001
NOR,Norway,ALL_INC_POINTS,"All, including data recorded as points",MARINE,Marine,PCNT,Percent of total land/EEZ area,2002
NOR,Norway,ALL_INC_POINTS,"All, including data recorded as points",MARINE,Marine,PCNT,Percent of total land/EEZ area,2003
NOR,Norway,ALL_INC_POINTS,"All, including data recorded as points",MARINE,Marine,PCNT,Percent of total land/EEZ area,2004
NOR,Norway,ALL_INC_POINTS,"All, including data recorded as points",MARINE,Marine,PCNT,Percent of total land/EEZ area,2005
NOR,Norway,ALL_INC_POINTS,"All, including data recorded as points",MARINE,Marine,PCNT,Percent of total land/EEZ area,2006
NOR,Norway,ALL_INC_POINTS,"All, including data recorded as points",MARINE,Marine,PCNT,Percent of total land/EEZ area,2007
NOR,Norway,ALL_INC_POINTS,"All, including data recorded as points",MARINE,Marine,PCNT,Percent of total land/EEZ area,2008
NOR,Norway,ALL_INC_POINTS,"All, including data recorded as points",MARINE,Marine,PCNT,Percent of total land/EEZ area,2009
NOR,Norway,ALL_INC_POINTS,"All, including data recorded as points",MARINE,Marine,PCNT,Percent of total land/EEZ area,2010
NOR,Norway,ALL_INC_POINTS,"All, including data recorded as points",MARINE,Marine,PCNT,Percent of total land/EEZ area,2011
NOR,Norway,ALL_INC_POINTS,"All, including data recorded as points",MARINE,Marine,PCNT,Percent of total land/EEZ area,2012
NOR,Norway,ALL_INC_POINTS,"All, including data recorded as points",MARINE,Marine,PCNT,Percent of total land/EEZ area,2013
NOR,Norway,ALL_INC_POINTS,"All, including data recorded as points",MARINE,Marine,PCNT,Percent of total land/EEZ area,2014
NOR,Norway,ALL_INC_POINTS,"All, including data recorded as points",MARINE,Marine,PCNT,Percent of total land/EEZ area,2015
NOR,Norway,ALL_INC_POINTS,"All, including data recorded as points",MARINE,Marine,PCNT,Percent of total land/EEZ area,2016
NOR,Norway,ALL_INC_POINTS,"All, including data recorded as points",MARINE,Marine,PCNT,Percent of total land/EEZ area,2017
NOR,Norway,ALL_INC_POINTS,"All, including data recorded as points",MARINE,Marine,PCNT,Percent of total land/EEZ area,2018
NOR,Norway,ALL_INC_POINTS,"All, including data recorded as points",MARINE,Marine,PCNT,Percent of total land/EEZ area,2019
NOR,Norway,ALL_INC_POINTS,"All, including data recorded as points",MARINE,Marine,PCNT,Percent of total land/EEZ area,2020
NOR,Norway,ALL_INC_POINTS,"All, including data recorded as points",MARINE,Marine,PCNT,Percent of total land/EEZ area,2021
POL,Poland,ALL_INC_POINTS,"All, including data recorded as points",MARINE,Marine,PCNT,Percent of total land/EEZ area,1950
POL,Poland,ALL_INC_POINTS,"All, including data recorded as points",MARINE,Marine,PCNT,Percent of total land/EEZ area,1960
POL,Poland,ALL_INC_POINTS,"All, including data recorded as points",MARINE,Marine,PCNT,Percent of total land/EEZ area,1970
POL,Poland,ALL_INC_POINTS,"All, including data recorded as points",MARINE,Marine,PCNT,Percent of total land/EEZ area,1980
POL,Poland,ALL_INC_POINTS,"All, including data recorded as points",MARINE,Marine,PCNT,Percent of total land/EEZ area,1985
POL,Poland,ALL_INC_POINTS,"All, including data recorded as points",MARINE,Marine,PCNT,Percent of total land/EEZ area,1990
POL,Poland,ALL_INC_POINTS,"All, including data recorded as points",MARINE,Marine,PCNT,Percent of total land/EEZ area,1995
POL,Poland,ALL_INC_POINTS,"All, including data recorded as points",MARINE,Marine,PCNT,Percent of total land/EEZ area,2000
POL,Poland,ALL_INC_POINTS,"All, including data recorded as points",MARINE,Marine,PCNT,Percent of total land/EEZ area,2001
POL,Poland,ALL_INC_POINTS,"All, including data recorded as points",MARINE,Marine,PCNT,Percent of total land/EEZ area,2002
POL,Poland,ALL_INC_POINTS,"All, including data recorded as points",MARINE,Marine,PCNT,Percent of total land/EEZ area,2003
POL,Poland,ALL_INC_POINTS,"All, including data recorded as points",MARINE,Marine,PCNT,Percent of total land/EEZ area,2004
POL,Poland,ALL_INC_POINTS,"All, including data recorded as points",MARINE,Marine,PCNT,Percent of total land/EEZ area,2005
POL,Poland,ALL_INC_POINTS,"All, including data recorded as points",MARINE,Marine,PCNT,Percent of total land/EEZ area,2006
POL,Poland,ALL_INC_POINTS,"All, including data recorded as points",MARINE,Marine,PCNT,Percent of total land/EEZ area,2007
POL,Poland,ALL_INC_POINTS,"All, including data recorded as points",MARINE,Marine,PCNT,Percent of total land/EEZ area,2008
POL,Poland,ALL_INC_POINTS,"All, including data recorded as points",MARINE,Marine,PCNT,Percent of total land/EEZ area,2009
POL,Poland,ALL_INC_POINTS,"All, including data recorded as points",MARINE,Marine,PCNT,Percent of total land/EEZ area,2010
POL,Poland,ALL_INC_POINTS,"All, including data recorded as points",MARINE,Marine,PCNT,Percent of total land/EEZ area,2011
POL,Poland,ALL_INC_POINTS,"All, including data recorded as points",MARINE,Marine,PCNT,Percent of total land/EEZ area,2012
POL,Poland,ALL_INC_POINTS,"All, including data recorded as points",MARINE,Marine,PCNT,Percent of total land/EEZ area,2013
POL,Poland,ALL_INC_POINTS,"All, including data recorded as points",MARINE,Marine,PCNT,Percent of total land/EEZ area,2014
POL,Poland,ALL_INC_POINTS,"All, including data recorded as points",MARINE,Marine,PCNT,Percent of total land/EEZ area,2015
POL,Poland,ALL_INC_POINTS,"All, including data recorded as points",MARINE,Marine,PCNT,Percent of total land/EEZ area,2016
POL,Poland,ALL_INC_POINTS,"All, including data recorded as points",MARINE,Marine,PCNT,Percent of total land/EEZ area,2017
POL,Poland,ALL_INC_POINTS,"All, including data recorded as points",MARINE,Marine,PCNT,Percent of total land/EEZ area,2018
POL,Poland,ALL_INC_POINTS,"All, including data recorded as points",MARINE,Marine,PCNT,Percent of total land/EEZ area,2019
POL,Poland,ALL_INC_POINTS,"All, including data recorded as points",MARINE,Marine,PCNT,Percent of total land/EEZ area,2020
POL,Poland,ALL_INC_POINTS,"All, including data recorded as points",MARINE,Marine,PCNT,Percent of total land/EEZ area,2021
PRT,Portugal,ALL_INC_POINTS,"All, including data recorded as points",MARINE,Marine,PCNT,Percent of total land/EEZ area,1950
PRT,Portugal,ALL_INC_POINTS,"All, including data recorded as points",MARINE,Marine,PCNT,Percent of total land/EEZ area,1960
PRT,Portugal,ALL_INC_POINTS,"All, including data recorded as points",MARINE,Marine,PCNT,Percent of total land/EEZ area,1970
PRT,Portugal,ALL_INC_POINTS,"All, including data recorded as points",MARINE,Marine,PCNT,Percent of total land/EEZ area,1980
PRT,Portugal,ALL_INC_POINTS,"All, including data recorded as points",MARINE,Marine,PCNT,Percent of total land/EEZ area,1985
PRT,Portugal,ALL_INC_POINTS,"All, including data recorded as points",MARINE,Marine,PCNT,Percent of total land/EEZ area,1990
PRT,Portugal,ALL_INC_POINTS,"All, including data recorded as points",MARINE,Marine,PCNT,Percent of total land/EEZ area,1995
PRT,Portugal,ALL_INC_POINTS,"All, including data recorded as points",MARINE,Marine,PCNT,Percent of total land/EEZ area,2000
PRT,Portugal,ALL_INC_POINTS,"All, including data recorded as points",MARINE,Marine,PCNT,Percent of total land/EEZ area,2001
PRT,Portugal,ALL_INC_POINTS,"All, including data recorded as points",MARINE,Marine,PCNT,Percent of total land/EEZ area,2002
PRT,Portugal,ALL_INC_POINTS,"All, including data recorded as points",MARINE,Marine,PCNT,Percent of total land/EEZ area,2003
PRT,Portugal,ALL_INC_POINTS,"All, including data recorded as points",MARINE,Marine,PCNT,Percent of total land/EEZ area,2004
PRT,Portugal,ALL_INC_POINTS,"All, including data recorded as points",MARINE,Marine,PCNT,Percent of total land/EEZ area,2005
PRT,Portugal,ALL_INC_POINTS,"All, including data recorded as points",MARINE,Marine,PCNT,Percent of total land/EEZ area,2006
PRT,Portugal,ALL_INC_POINTS,"All, including data recorded as points",MARINE,Marine,PCNT,Percent of total land/EEZ area,2007
PRT,Portugal,ALL_INC_POINTS,"All, including data recorded as points",MARINE,Marine,PCNT,Percent of total land/EEZ area,2008
PRT,Portugal,ALL_INC_POINTS,"All, including data recorded as points",MARINE,Marine,PCNT,Percent of total land/EEZ area,2009
PRT,Portugal,ALL_INC_POINTS,"All, including data recorded as points",MARINE,Marine,PCNT,Percent of total land/EEZ area,2010
PRT,Portugal,ALL_INC_POINTS,"All, including data recorded as points",MARINE,Marine,PCNT,Percent of total land/EEZ area,2011
PRT,Portugal,ALL_INC_POINTS,"All, including data recorded as points",MARINE,Marine,PCNT,Percent of total land/EEZ area,2012
PRT,Portugal,ALL_INC_POINTS,"All, including data recorded as points",MARINE,Marine,PCNT,Percent of total land/EEZ area,2013
PRT,Portugal,ALL_INC_POINTS,"All, including data recorded as points",MARINE,Marine,PCNT,Percent of total land/EEZ area,2014
PRT,Portugal,ALL_INC_POINTS,"All, including data recorded as points",MARINE,Marine,PCNT,Percent of total land/EEZ area,2015
PRT,Portugal,ALL_INC_POINTS,"All, including data recorded as points",MARINE,Marine,PCNT,Percent of total land/EEZ area,2016
PRT,Portugal,ALL_INC_POINTS,"All, including data recorded as points",MARINE,Marine,PCNT,Percent of total land/EEZ area,2017
PRT,Portugal,ALL_INC_POINTS,"All, including data recorded as points",MARINE,Marine,PCNT,Percent of total land/EEZ area,2018
PRT,Portugal,ALL_INC_POINTS,"All, including data recorded as points",MARINE,Marine,PCNT,Percent of total land/EEZ area,2019
PRT,Portugal,ALL_INC_POINTS,"All, including data recorded as points",MARINE,Marine,PCNT,Percent of total land/EEZ area,2020
PRT,Portugal,ALL_INC_POINTS,"All, including data recorded as points",MARINE,Marine,PCNT,Percent of total land/EEZ area,2021
ESP,Spain,ALL_INC_POINTS,"All, including data recorded as points",MARINE,Marine,PCNT,Percent of total land/EEZ area,1950
ESP,Spain,ALL_INC_POINTS,"All, including data recorded as points",MARINE,Marine,PCNT,Percent of total land/EEZ area,1960
ESP,Spain,ALL_INC_POINTS,"All, including data recorded as points",MARINE,Marine,PCNT,Percent of total land/EEZ area,1970
ESP,Spain,ALL_INC_POINTS,"All, including data recorded as points",MARINE,Marine,PCNT,Percent of total land/EEZ area,1980
ESP,Spain,ALL_INC_POINTS,"All, including data recorded as points",MARINE,Marine,PCNT,Percent of total land/EEZ area,1985
ESP,Spain,ALL_INC_POINTS,"All, including data recorded as points",MARINE,Marine,PCNT,Percent of total land/EEZ area,1990
ESP,Spain,ALL_INC_POINTS,"All, including data recorded as points",MARINE,Marine,PCNT,Percent of total land/EEZ area,1995
ESP,Spain,ALL_INC_POINTS,"All, including data recorded as points",MARINE,Marine,PCNT,Percent of total land/EEZ area,2000
ESP,Spain,ALL_INC_POINTS,"All, including data recorded as points",MARINE,Marine,PCNT,Percent of total land/EEZ area,2001
ESP,Spain,ALL_INC_POINTS,"All, including data recorded as points",MARINE,Marine,PCNT,Percent of total land/EEZ area,2002
ESP,Spain,ALL_INC_POINTS,"All, including data recorded as points",MARINE,Marine,PCNT,Percent of total land/EEZ area,2003
ESP,Spain,ALL_INC_POINTS,"All, including data recorded as points",MARINE,Marine,PCNT,Percent of total land/EEZ area,2004
ESP,Spain,ALL_INC_POINTS,"All, including data recorded as points",MARINE,Marine,PCNT,Percent of total land/EEZ area,2005
ESP,Spain,ALL_INC_POINTS,"All, including data recorded as points",MARINE,Marine,PCNT,Percent of total land/EEZ area,2006
ESP,Spain,ALL_INC_POINTS,"All, including data recorded as points",MARINE,Marine,PCNT,Percent of total land/EEZ area,2007
ESP,Spain,ALL_INC_POINTS,"All, including data recorded as points",MARINE,Marine,PCNT,Percent of total land/EEZ area,2008
ESP,Spain,ALL_INC_POINTS,"All, including data recorded as points",MARINE,Marine,PCNT,Percent of total land/EEZ area,2009
ESP,Spain,ALL_INC_POINTS,"All, including data recorded as points",MARINE,Marine,PCNT,Percent of total land/EEZ area,2010
ESP,Spain,ALL_INC_POINTS,"All, including data recorded as points",MARINE,Marine,PCNT,Percent of total land/EEZ area,2011
ESP,Spain,ALL_INC_POINTS,"All, including data recorded as points",MARINE,Marine,PCNT,Percent of total land/EEZ area,2012
ESP,Spain,ALL_INC_POINTS,"All, including data recorded as points",MARINE,Marine,PCNT,Percent of total land/EEZ area,2013
ESP,Spain,ALL_INC_POINTS,"All, including data recorded as points",MARINE,Marine,PCNT,Percent of total land/EEZ area,2014
ESP,Spain,ALL_INC_POINTS,"All, including data recorded as points",MARINE,Marine,PCNT,Percent of total land/EEZ area,2015
ESP,Spain,ALL_INC_POINTS,"All, including data recorded as points",MARINE,Marine,PCNT,Percent of total land/EEZ area,2016
ESP,Spain,ALL_INC_POINTS,"All, including data recorded as points",MARINE,Marine,PCNT,Percent of total land/EEZ area,2017
ESP,Spain,ALL_INC_POINTS,"All, including data recorded as points",MARINE,Marine,PCNT,Percent of total land/EEZ area,2018
ESP,Spain,ALL_INC_POINTS,"All, including data recorded as points",MARINE,Marine,PCNT,Percent of total land/EEZ area,2019
ESP,Spain,ALL_INC_POINTS,"All, including data recorded as points",MARINE,Marine,PCNT,Percent of total land/EEZ area,2020
ESP,Spain,ALL_INC_POINTS,"All, including data recorded as points",MARINE,Marine,PCNT,Percent of total land/EEZ area,2021
SWE,Sweden,ALL_INC_POINTS,"All, including data recorded as points",MARINE,Marine,PCNT,Percent of total land/EEZ area,1950
SWE,Sweden,ALL_INC_POINTS,"All, including data recorded as points",MARINE,Marine,PCNT,Percent of total land/EEZ area,1960
SWE,Sweden,ALL_INC_POINTS,"All, including data recorded as points",MARINE,Marine,PCNT,Percent of total land/EEZ area,1970
SWE,Sweden,ALL_INC_POINTS,"All, including data recorded as points",MARINE,Marine,PCNT,Percent of total land/EEZ area,1980
SWE,Sweden,ALL_INC_POINTS,"All, including data recorded as points",MARINE,Marine,PCNT,Percent of total land/EEZ area,1985
SWE,Sweden,ALL_INC_POINTS,"All, including data recorded as points",MARINE,Marine,PCNT,Percent of total land/EEZ area,1990
SWE,Sweden,ALL_INC_POINTS,"All, including data recorded as points",MARINE,Marine,PCNT,Percent of total land/EEZ area,1995
SWE,Sweden,ALL_INC_POINTS,"All, including data recorded as points",MARINE,Marine,PCNT,Percent of total land/EEZ area,2000
SWE,Sweden,ALL_INC_POINTS,"All, including data recorded as points",MARINE,Marine,PCNT,Percent of total land/EEZ area,2001
SWE,Sweden,ALL_INC_POINTS,"All, including data recorded as points",MARINE,Marine,PCNT,Percent of total land/EEZ area,2002
SWE,Sweden,ALL_INC_POINTS,"All, including data recorded as points",MARINE,Marine,PCNT,Percent of total land/EEZ area,2003
SWE,Sweden,ALL_INC_POINTS,"All, including data recorded as points",MARINE,Marine,PCNT,Percent of total land/EEZ area,2004
SWE,Sweden,ALL_INC_POINTS,"All, including data recorded as points",MARINE,Marine,PCNT,Percent of total land/EEZ area,2005
SWE,Sweden,ALL_INC_POINTS,"All, including data recorded as points",MARINE,Marine,PCNT,Percent of total land/EEZ area,2006
SWE,Sweden,ALL_INC_POINTS,"All, including data recorded as points",MARINE,Marine,PCNT,Percent of total land/EEZ area,2007
SWE,Sweden,ALL_INC_POINTS,"All, including data recorded as points",MARINE,Marine,PCNT,Percent of total land/EEZ area,2008
SWE,Sweden,ALL_INC_POINTS,"All, including data recorded as points",MARINE,Marine,PCNT,Percent of total land/EEZ area,2009
SWE,Sweden,ALL_INC_POINTS,"All, including data recorded as points",MARINE,Marine,PCNT,Percent of total land/EEZ area,2010
SWE,Sweden,ALL_INC_POINTS,"All, including data recorded as points",MARINE,Marine,PCNT,Percent of total land/EEZ area,2011
SWE,Sweden,ALL_INC_POINTS,"All, including data recorded as points",MARINE,Marine,PCNT,Percent of total land/EEZ area,2012
SWE,Sweden,ALL_INC_POINTS,"All, including data recorded as points",MARINE,Marine,PCNT,Percent of total land/EEZ area,2013
SWE,Sweden,ALL_INC_POINTS,"All, including data recorded as points",MARINE,Marine,PCNT,Percent of total land/EEZ area,2014
SWE,Sweden,ALL_INC_POINTS,"All, including data recorded as points",MARINE,Marine,PCNT,Percent of total land/EEZ area,2015
SWE,Sweden,ALL_INC_POINTS,"All, including data recorded as points",MARINE,Marine,PCNT,Percent of total land/EEZ area,2016
SWE,Sweden,ALL_INC_POINTS,"All, including data recorded as points",MARINE,Marine,PCNT,Percent of total land/EEZ area,2017
SWE,Sweden,ALL_INC_POINTS,"All, including data recorded as points",MARINE,Marine,PCNT,Percent of total land/EEZ area,2018
SWE,Sweden,ALL_INC_POINTS,"All, including data recorded as points",MARINE,Marine,PCNT,Percent of total land/EEZ area,2019
SWE,Sweden,ALL_INC_POINTS,"All, including data recorded as points",MARINE,Marine,PCNT,Percent of total land/EEZ area,2020
SWE,Sweden,ALL_INC_POINTS,"All, including data recorded as points",MARINE,Marine,PCNT,Percent of total land/EEZ area,2021
GBR,United Kingdom,ALL_INC_POINTS,"All, including data recorded as points",MARINE,Marine,PCNT,Percent of total land/EEZ area,1950
GBR,United Kingdom,ALL_INC_POINTS,"All, including data recorded as points",MARINE,Marine,PCNT,Percent of total land/EEZ area,1960
GBR,United Kingdom,ALL_INC_POINTS,"All, including data recorded as points",MARINE,Marine,PCNT,Percent of total land/EEZ area,1970
GBR,United Kingdom,ALL_INC_POINTS,"All, including data recorded as points",MARINE,Marine,PCNT,Percent of total land/EEZ area,1980
GBR,United Kingdom,ALL_INC_POINTS,"All, including data recorded as points",MARINE,Marine,PCNT,Percent of total land/EEZ area,1985
GBR,United Kingdom,ALL_INC_POINTS,"All, including data recorded as points",MARINE,Marine,PCNT,Percent of total land/EEZ area,1990
GBR,United Kingdom,ALL_INC_POINTS,"All, including data recorded as points",MARINE,Marine,PCNT,Percent of total land/EEZ area,1995
GBR,United Kingdom,ALL_INC_POINTS,"All, including data recorded as points",MARINE,Marine,PCNT,Percent of total land/EEZ area,2000
GBR,United Kingdom,ALL_INC_POINTS,"All, including data recorded as points",MARINE,Marine,PCNT,Percent of total land/EEZ area,2001
GBR,United Kingdom,ALL_INC_POINTS,"All, including data recorded as points",MARINE,Marine,PCNT,Percent of total land/EEZ area,2002
GBR,United Kingdom,ALL_INC_POINTS,"All, including data recorded as points",MARINE,Marine,PCNT,Percent of total land/EEZ area,2003
GBR,United Kingdom,ALL_INC_POINTS,"All, including data recorded as points",MARINE,Marine,PCNT,Percent of total land/EEZ area,2004
GBR,United Kingdom,ALL_INC_POINTS,"All, including data recorded as points",MARINE,Marine,PCNT,Percent of total land/EEZ area,2005
GBR,United Kingdom,ALL_INC_POINTS,"All, including data recorded as points",MARINE,Marine,PCNT,Percent of total land/EEZ area,2006
GBR,United Kingdom,ALL_INC_POINTS,"All, including data recorded as points",MARINE,Marine,PCNT,Percent of total land/EEZ area,2007
GBR,United Kingdom,ALL_INC_POINTS,"All, including data recorded as points",MARINE,Marine,PCNT,Percent of total land/EEZ area,2008
GBR,United Kingdom,ALL_INC_POINTS,"All, including data recorded as points",MARINE,Marine,PCNT,Percent of total land/EEZ area,2009
GBR,United Kingdom,ALL_INC_POINTS,"All, including data recorded as points",MARINE,Marine,PCNT,Percent of total land/EEZ area,2010
GBR,United Kingdom,ALL_INC_POINTS,"All, including data recorded as points",MARINE,Marine,PCNT,Percent of total land/EEZ area,2011
GBR,United Kingdom,ALL_INC_POINTS,"All, including data recorded as points",MARINE,Marine,PCNT,Percent of total land/EEZ area,2012
GBR,United Kingdom,ALL_INC_POINTS,"All, including data recorded as points",MARINE,Marine,PCNT,Percent of total land/EEZ area,2013
GBR,United Kingdom,ALL_INC_POINTS,"All, including data recorded as points",MARINE,Marine,PCNT,Percent of total land/EEZ area,2014
GBR,United Kingdom,ALL_INC_POINTS,"All, including data recorded as points",MARINE,Marine,PCNT,Percent of total land/EEZ area,2015
GBR,United Kingdom,ALL_INC_POINTS,"All, including data recorded as points",MARINE,Marine,PCNT,Percent of total land/EEZ area,2016
GBR,United Kingdom,ALL_INC_POINTS,"All, including data recorded as points",MARINE,Marine,PCNT,Percent of total land/EEZ area,2017
GBR,United Kingdom,ALL_INC_POINTS,"All, including data recorded as points",MARINE,Marine,PCNT,Percent of total land/EEZ area,2018
GBR,United Kingdom,ALL_INC_POINTS,"All, including data recorded as points",MARINE,Marine,PCNT,Percent of total land/EEZ area,2019
GBR,United Kingdom,ALL_INC_POINTS,"All, including data recorded as points",MARINE,Marine,PCNT,Percent of total land/EEZ area,2020
GBR,United Kingdom,ALL_INC_POINTS,"All, including data recorded as points",MARINE,Marine,PCNT,Percent of total land/EEZ area,2021
USA,United States,ALL_INC_POINTS,"All, including data recorded as points",MARINE,Marine,PCNT,Percent of total land/EEZ area,1950
USA,United States,ALL_INC_POINTS,"All, including data recorded as points",MARINE,Marine,PCNT,Percent of total land/EEZ area,1960
USA,United States,ALL_INC_POINTS,"All, including data recorded as points",MARINE,Marine,PCNT,Percent of total land/EEZ area,1970
USA,United States,ALL_INC_POINTS,"All, including data recorded as points",MARINE,Marine,PCNT,Percent of total land/EEZ area,1980
USA,United States,ALL_INC_POINTS,"All, including data recorded as points",MARINE,Marine,PCNT,Percent of total land/EEZ area,1985
USA,United States,ALL_INC_POINTS,"All, including data recorded as points",MARINE,Marine,PCNT,Percent of total land/EEZ area,1990
USA,United States,ALL_INC_POINTS,"All, including data recorded as points",MARINE,Marine,PCNT,Percent of total land/EEZ area,1995
USA,United States,ALL_INC_POINTS,"All, including data recorded as points",MARINE,Marine,PCNT,Percent of total land/EEZ area,2000
USA,United States,ALL_INC_POINTS,"All, including data recorded as points",MARINE,Marine,PCNT,Percent of total land/EEZ area,2001
USA,United States,ALL_INC_POINTS,"All, including data recorded as points",MARINE,Marine,PCNT,Percent of total land/EEZ area,2002
USA,United States,ALL_INC_POINTS,"All, including data recorded as points",MARINE,Marine,PCNT,Percent of total land/EEZ area,2003
USA,United States,ALL_INC_POINTS,"All, including data recorded as points",MARINE,Marine,PCNT,Percent of total land/EEZ area,2004
USA,United States,ALL_INC_POINTS,"All, including data recorded as points",MARINE,Marine,PCNT,Percent of total land/EEZ area,2005
USA,United States,ALL_INC_POINTS,"All, including data recorded as points",MARINE,Marine,PCNT,Percent of total land/EEZ area,2006
USA,United States,ALL_INC_POINTS,"All, including data recorded as points",MARINE,Marine,PCNT,Percent of total land/EEZ area,2007
USA,United States,ALL_INC_POINTS,"All, including data recorded as points",MARINE,Marine,PCNT,Percent of total land/EEZ area,2008
USA,United States,ALL_INC_POINTS,"All, including data recorded as points",MARINE,Marine,PCNT,Percent of total land/EEZ area,2009
USA,United States,ALL_INC_POINTS,"All, including data recorded as points",MARINE,Marine,PCNT,Percent of total land/EEZ area,2010
USA,United States,ALL_INC_POINTS,"All, including data recorded as points",MARINE,Marine,PCNT,Percent of total land/EEZ area,2011
USA,United States,ALL_INC_POINTS,"All, including data recorded as points",MARINE,Marine,PCNT,Percent of total land/EEZ area,2012
USA,United States,ALL_INC_POINTS,"All, including data recorded as points",MARINE,Marine,PCNT,Percent of total land/EEZ area,2013
USA,United States,ALL_INC_POINTS,"All, including data recorded as points",MARINE,Marine,PCNT,Percent of total land/EEZ area,2014
USA,United States,ALL_INC_POINTS,"All, including data recorded as points",MARINE,Marine,PCNT,Percent of total land/EEZ area,2015
USA,United States,ALL_INC_POINTS,"All, including data recorded as points",MARINE,Marine,PCNT,Percent of total land/EEZ area,2016
USA,United States,ALL_INC_POINTS,"All, including data recorded as points",MARINE,Marine,PCNT,Percent of total land/EEZ area,2017
USA,United States,ALL_INC_POINTS,"All, including data recorded as points",MARINE,Marine,PCNT,Percent of total land/EEZ area,2018
USA,United States,ALL_INC_POINTS,"All, including data recorded as points",MARINE,Marine,PCNT,Percent of total land/EEZ area,2019
USA,United States,ALL_INC_POINTS,"All, including data recorded as points",MARINE,Marine,PCNT,Percent of total land/EEZ area,2020
USA,United States,ALL_INC_POINTS,"All, including data recorded as points",MARINE,Marine,PCNT,Percent of total land/EEZ area,2021
G7M,G7,ALL_INC_POINTS,"All, including data recorded as points",MARINE,Marine,PCNT,Percent of total land/EEZ area,1950
G7M,G7,ALL_INC_POINTS,"All, including data recorded as points",MARINE,Marine,PCNT,Percent of total land/EEZ area,1960
G7M,G7,ALL_INC_POINTS,"All, including data recorded as points",MARINE,Marine,PCNT,Percent of total land/EEZ area,1970
G7M,G7,ALL_INC_POINTS,"All, including data recorded as points",MARINE,Marine,PCNT,Percent of total land/EEZ area,1980
G7M,G7,ALL_INC_POINTS,"All, including data recorded as points",MARINE,Marine,PCNT,Percent of total land/EEZ area,1985
G7M,G7,ALL_INC_POINTS,"All, including data recorded as points",MARINE,Marine,PCNT,Percent of total land/EEZ area,1990
G7M,G7,ALL_INC_POINTS,"All, including data recorded as points",MARINE,Marine,PCNT,Percent of total land/EEZ area,1995
G7M,G7,ALL_INC_POINTS,"All, including data recorded as points",MARINE,Marine,PCNT,Percent of total land/EEZ area,2000
G7M,G7,ALL_INC_POINTS,"All, including data recorded as points",MARINE,Marine,PCNT,Percent of total land/EEZ area,2001
G7M,G7,ALL_INC_POINTS,"All, including data recorded as points",MARINE,Marine,PCNT,Percent of total land/EEZ area,2002
G7M,G7,ALL_INC_POINTS,"All, including data recorded as points",MARINE,Marine,PCNT,Percent of total land/EEZ area,2003
G7M,G7,ALL_INC_POINTS,"All, including data recorded as points",MARINE,Marine,PCNT,Percent of total land/EEZ area,2004
G7M,G7,ALL_INC_POINTS,"All, including data recorded as points",MARINE,Marine,PCNT,Percent of total land/EEZ area,2005
G7M,G7,ALL_INC_POINTS,"All, including data recorded as points",MARINE,Marine,PCNT,Percent of total land/EEZ area,2006
G7M,G7,ALL_INC_POINTS,"All, including data recorded as points",MARINE,Marine,PCNT,Percent of total land/EEZ area,2007
G7M,G7,ALL_INC_POINTS,"All, including data recorded as points",MARINE,Marine,PCNT,Percent of total land/EEZ area,2008
G7M,G7,ALL_INC_POINTS,"All, including data recorded as points",MARINE,Marine,PCNT,Percent of total land/EEZ area,2009
G7M,G7,ALL_INC_POINTS,"All, including data recorded as points",MARINE,Marine,PCNT,Percent of total land/EEZ area,2010
G7M,G7,ALL_INC_POINTS,"All, including data recorded as points",MARINE,Marine,PCNT,Percent of total land/EEZ area,2011
G7M,G7,ALL_INC_POINTS,"All, including data recorded as points",MARINE,Marine,PCNT,Percent of total land/EEZ area,2012
G7M,G7,ALL_INC_POINTS,"All, including data recorded as points",MARINE,Marine,PCNT,Percent of total land/EEZ area,2013
G7M,G7,ALL_INC_POINTS,"All, including data recorded as points",MARINE,Marine,PCNT,Percent of total land/EEZ area,2014
G7M,G7,ALL_INC_POINTS,"All, including data recorded as points",MARINE,Marine,PCNT,Percent of total land/EEZ area,2015
G7M,G7,ALL_INC_POINTS,"All, including data recorded as points",MARINE,Marine,PCNT,Percent of total land/EEZ area,2016
G7M,G7,ALL_INC_POINTS,"All, including data recorded as points",MARINE,Marine,PCNT,Percent of total land/EEZ area,2017
G7M,G7,ALL_INC_POINTS,"All, including data recorded as points",MARINE,Marine,PCNT,Percent of total land/EEZ area,2018
G7M,G7,ALL_INC_POINTS,"All, including data recorded as points",MARINE,Marine,PCNT,Percent of total land/EEZ area,2019
G7M,G7,ALL_INC_POINTS,"All, including data recorded as points",MARINE,Marine,PCNT,Percent of total land/EEZ area,2020
G7M,G7,ALL_INC_POINTS,"All, including data recorded as points",MARINE,Marine,PCNT,Percent of total land/EEZ area,2021
NAT,NAFTA,ALL_INC_POINTS,"All, including data recorded as points",MARINE,Marine,PCNT,Percent of total land/EEZ area,1950
NAT,NAFTA,ALL_INC_POINTS,"All, including data recorded as points",MARINE,Marine,PCNT,Percent of total land/EEZ area,1960
NAT,NAFTA,ALL_INC_POINTS,"All, including data recorded as points",MARINE,Marine,PCNT,Percent of total land/EEZ area,1970
NAT,NAFTA,ALL_INC_POINTS,"All, including data recorded as points",MARINE,Marine,PCNT,Percent of total land/EEZ area,1980
NAT,NAFTA,ALL_INC_POINTS,"All, including data recorded as points",MARINE,Marine,PCNT,Percent of total land/EEZ area,1985
NAT,NAFTA,ALL_INC_POINTS,"All, including data recorded as points",MARINE,Marine,PCNT,Percent of total land/EEZ area,1990
NAT,NAFTA,ALL_INC_POINTS,"All, including data recorded as points",MARINE,Marine,PCNT,Percent of total land/EEZ area,1995
NAT,NAFTA,ALL_INC_POINTS,"All, including data recorded as points",MARINE,Marine,PCNT,Percent of total land/EEZ area,2000
NAT,NAFTA,ALL_INC_POINTS,"All, including data recorded as points",MARINE,Marine,PCNT,Percent of total land/EEZ area,2001
NAT,NAFTA,ALL_INC_POINTS,"All, including data recorded as points",MARINE,Marine,PCNT,Percent of total land/EEZ area,2002
NAT,NAFTA,ALL_INC_POINTS,"All, including data recorded as points",MARINE,Marine,PCNT,Percent of total land/EEZ area,2003
NAT,NAFTA,ALL_INC_POINTS,"All, including data recorded as points",MARINE,Marine,PCNT,Percent of total land/EEZ area,2004
NAT,NAFTA,ALL_INC_POINTS,"All, including data recorded as points",MARINE,Marine,PCNT,Percent of total land/EEZ area,2005
NAT,NAFTA,ALL_INC_POINTS,"All, including data recorded as points",MARINE,Marine,PCNT,Percent of total land/EEZ area,2006
NAT,NAFTA,ALL_INC_POINTS,"All, including data recorded as points",MARINE,Marine,PCNT,Percent of total land/EEZ area,2007
NAT,NAFTA,ALL_INC_POINTS,"All, including data recorded as points",MARINE,Marine,PCNT,Percent of total land/EEZ area,2008
NAT,NAFTA,ALL_INC_POINTS,"All, including data recorded as points",MARINE,Marine,PCNT,Percent of total land/EEZ area,2009
NAT,NAFTA,ALL_INC_POINTS,"All, including data recorded as points",MARINE,Marine,PCNT,Percent of total land/EEZ area,2010
NAT,NAFTA,ALL_INC_POINTS,"All, including data recorded as points",MARINE,Marine,PCNT,Percent of total land/EEZ area,2011
NAT,NAFTA,ALL_INC_POINTS,"All, including data recorded as points",MARINE,Marine,PCNT,Percent of total land/EEZ area,2012
NAT,NAFTA,ALL_INC_POINTS,"All, including data recorded as points",MARINE,Marine,PCNT,Percent of total land/EEZ area,2013
NAT,NAFTA,ALL_INC_POINTS,"All, including data recorded as points",MARINE,Marine,PCNT,Percent of total land/EEZ area,2014
NAT,NAFTA,ALL_INC_POINTS,"All, including data recorded as points",MARINE,Marine,PCNT,Percent of total land/EEZ area,2015
NAT,NAFTA,ALL_INC_POINTS,"All, including data recorded as points",MARINE,Marine,PCNT,Percent of total land/EEZ area,2016
NAT,NAFTA,ALL_INC_POINTS,"All, including data recorded as points",MARINE,Marine,PCNT,Percent of total land/EEZ area,2017
NAT,NAFTA,ALL_INC_POINTS,"All, including data recorded as points",MARINE,Marine,PCNT,Percent of total land/EEZ area,2018
NAT,NAFTA,ALL_INC_POINTS,"All, including data recorded as points",MARINE,Marine,PCNT,Percent of total land/EEZ area,2019
NAT,NAFTA,ALL_INC_POINTS,"All, including data recorded as points",MARINE,Marine,PCNT,Percent of total land/EEZ area,2020
NAT,NAFTA,ALL_INC_POINTS,"All, including data recorded as points",MARINE,Marine,PCNT,Percent of total land/EEZ area,2021
ASM,American Samoa,ALL_INC_POINTS,"All, including data recorded as points",MARINE,Marine,PCNT,Percent of total land/EEZ area,1950
ASM,American Samoa,ALL_INC_POINTS,"All, including data recorded as points",MARINE,Marine,PCNT,Percent of total land/EEZ area,1960
ASM,American Samoa,ALL_INC_POINTS,"All, including data recorded as points",MARINE,Marine,PCNT,Percent of total land/EEZ area,1970
ASM,American Samoa,ALL_INC_POINTS,"All, including data recorded as points",MARINE,Marine,PCNT,Percent of total land/EEZ area,1980
ASM,American Samoa,ALL_INC_POINTS,"All, including data recorded as points",MARINE,Marine,PCNT,Percent of total land/EEZ area,1985
ASM,American Samoa,ALL_INC_POINTS,"All, including data recorded as points",MARINE,Marine,PCNT,Percent of total land/EEZ area,1990
ASM,American Samoa,ALL_INC_POINTS,"All, including data recorded as points",MARINE,Marine,PCNT,Percent of total land/EEZ area,1995
ASM,American Samoa,ALL_INC_POINTS,"All, including data recorded as points",MARINE,Marine,PCNT,Percent of total land/EEZ area,2000
ASM,American Samoa,ALL_INC_POINTS,"All, including data recorded as points",MARINE,Marine,PCNT,Percent of total land/EEZ area,2001
ASM,American Samoa,ALL_INC_POINTS,"All, including data recorded as points",MARINE,Marine,PCNT,Percent of total land/EEZ area,2002
ASM,American Samoa,ALL_INC_POINTS,"All, including data recorded as points",MARINE,Marine,PCNT,Percent of total land/EEZ area,2003
ASM,American Samoa,ALL_INC_POINTS,"All, including data recorded as points",MARINE,Marine,PCNT,Percent of total land/EEZ area,2004
ASM,American Samoa,ALL_INC_POINTS,"All, including data recorded as points",MARINE,Marine,PCNT,Percent of total land/EEZ area,2005
ASM,American Samoa,ALL_INC_POINTS,"All, including data recorded as points",MARINE,Marine,PCNT,Percent of total land/EEZ area,2006
ASM,American Samoa,ALL_INC_POINTS,"All, including data recorded as points",MARINE,Marine,PCNT,Percent of total land/EEZ area,2007
ASM,American Samoa,ALL_INC_POINTS,"All, including data recorded as points",MARINE,Marine,PCNT,Percent of total land/EEZ area,2008
ASM,American Samoa,ALL_INC_POINTS,"All, including data recorded as points",MARINE,Marine,PCNT,Percent of total land/EEZ area,2009
ASM,American Samoa,ALL_INC_POINTS,"All, including data recorded as points",MARINE,Marine,PCNT,Percent of total land/EEZ area,2010
ASM,American Samoa,ALL_INC_POINTS,"All, including data recorded as points",MARINE,Marine,PCNT,Percent of total land/EEZ area,2011
ASM,American Samoa,ALL_INC_POINTS,"All, including data recorded as points",MARINE,Marine,PCNT,Percent of total land/EEZ area,2012
ASM,American Samoa,ALL_INC_POINTS,"All, including data recorded as points",MARINE,Marine,PCNT,Percent of total land/EEZ area,2013
ASM,American Samoa,ALL_INC_POINTS,"All, including data recorded as points",MARINE,Marine,PCNT,Percent of total land/EEZ area,2014
ASM,American Samoa,ALL_INC_POINTS,"All, including data recorded as points",MARINE,Marine,PCNT,Percent of total land/EEZ area,2015
ASM,American Samoa,ALL_INC_POINTS,"All, including data recorded as points",MARINE,Marine,PCNT,Percent of total land/EEZ area,2016
ASM,American Samoa,ALL_INC_POINTS,"All, including data recorded as points",MARINE,Marine,PCNT,Percent of total land/EEZ area,2017
ASM,American Samoa,ALL_INC_POINTS,"All, including data recorded as points",MARINE,Marine,PCNT,Percent of total land/EEZ area,2018
ASM,American Samoa,ALL_INC_POINTS,"All, including data recorded as points",MARINE,Marine,PCNT,Percent of total land/EEZ area,2019
ASM,American Samoa,ALL_INC_POINTS,"All, including data recorded as points",MARINE,Marine,PCNT,Percent of total land/EEZ area,2020
ASM,American Samoa,ALL_INC_POINTS,"All, including data recorded as points",MARINE,Marine,PCNT,Percent of total land/EEZ area,2021
AIA,Anguilla,ALL_INC_POINTS,"All, including data recorded as points",MARINE,Marine,PCNT,Percent of total land/EEZ area,1950
AIA,Anguilla,ALL_INC_POINTS,"All, including data recorded as points",MARINE,Marine,PCNT,Percent of total land/EEZ area,1960
AIA,Anguilla,ALL_INC_POINTS,"All, including data recorded as points",MARINE,Marine,PCNT,Percent of total land/EEZ area,1970
AIA,Anguilla,ALL_INC_POINTS,"All, including data recorded as points",MARINE,Marine,PCNT,Percent of total land/EEZ area,1980
AIA,Anguilla,ALL_INC_POINTS,"All, including data recorded as points",MARINE,Marine,PCNT,Percent of total land/EEZ area,1985
AIA,Anguilla,ALL_INC_POINTS,"All, including data recorded as points",MARINE,Marine,PCNT,Percent of total land/EEZ area,1990
AIA,Anguilla,ALL_INC_POINTS,"All, including data recorded as points",MARINE,Marine,PCNT,Percent of total land/EEZ area,1995
AIA,Anguilla,ALL_INC_POINTS,"All, including data recorded as points",MARINE,Marine,PCNT,Percent of total land/EEZ area,2000
AIA,Anguilla,ALL_INC_POINTS,"All, including data recorded as points",MARINE,Marine,PCNT,Percent of total land/EEZ area,2001
AIA,Anguilla,ALL_INC_POINTS,"All, including data recorded as points",MARINE,Marine,PCNT,Percent of total land/EEZ area,2002
AIA,Anguilla,ALL_INC_POINTS,"All, including data recorded as points",MARINE,Marine,PCNT,Percent of total land/EEZ area,2003
AIA,Anguilla,ALL_INC_POINTS,"All, including data recorded as points",MARINE,Marine,PCNT,Percent of total land/EEZ area,2004
AIA,Anguilla,ALL_INC_POINTS,"All, including data recorded as points",MARINE,Marine,PCNT,Percent of total land/EEZ area,2005
AIA,Anguilla,ALL_INC_POINTS,"All, including data recorded as points",MARINE,Marine,PCNT,Percent of total land/EEZ area,2006
AIA,Anguilla,ALL_INC_POINTS,"All, including data recorded as points",MARINE,Marine,PCNT,Percent of total land/EEZ area,2007
AIA,Anguilla,ALL_INC_POINTS,"All, including data recorded as points",MARINE,Marine,PCNT,Percent of total land/EEZ area,2008
AIA,Anguilla,ALL_INC_POINTS,"All, including data recorded as points",MARINE,Marine,PCNT,Percent of total land/EEZ area,2009
AIA,Anguilla,ALL_INC_POINTS,"All, including data recorded as points",MARINE,Marine,PCNT,Percent of total land/EEZ area,2010
AIA,Anguilla,ALL_INC_POINTS,"All, including data recorded as points",MARINE,Marine,PCNT,Percent of total land/EEZ area,2011
AIA,Anguilla,ALL_INC_POINTS,"All, including data recorded as points",MARINE,Marine,PCNT,Percent of total land/EEZ area,2012
AIA,Anguilla,ALL_INC_POINTS,"All, including data recorded as points",MARINE,Marine,PCNT,Percent of total land/EEZ area,2013
AIA,Anguilla,ALL_INC_POINTS,"All, including data recorded as points",MARINE,Marine,PCNT,Percent of total land/EEZ area,2014
AIA,Anguilla,ALL_INC_POINTS,"All, including data recorded as points",MARINE,Marine,PCNT,Percent of total land/EEZ area,2015
AIA,Anguilla,ALL_INC_POINTS,"All, including data recorded as points",MARINE,Marine,PCNT,Percent of total land/EEZ area,2016
AIA,Anguilla,ALL_INC_POINTS,"All, including data recorded as points",MARINE,Marine,PCNT,Percent of total land/EEZ area,2017
AIA,Anguilla,ALL_INC_POINTS,"All, including data recorded as points",MARINE,Marine,PCNT,Percent of total land/EEZ area,2018
AIA,Anguilla,ALL_INC_POINTS,"All, including data recorded as points",MARINE,Marine,PCNT,Percent of total land/EEZ area,2019
AIA,Anguilla,ALL_INC_POINTS,"All, including data recorded as points",MARINE,Marine,PCNT,Percent of total land/EEZ area,2020
AIA,Anguilla,ALL_INC_POINTS,"All, including data recorded as points",MARINE,Marine,PCNT,Percent of total land/EEZ area,2021
ARG,Argentina,ALL_INC_POINTS,"All, including data recorded as points",MARINE,Marine,PCNT,Percent of total land/EEZ area,1950
ARG,Argentina,ALL_INC_POINTS,"All, including data recorded as points",MARINE,Marine,PCNT,Percent of total land/EEZ area,1960
ARG,Argentina,ALL_INC_POINTS,"All, including data recorded as points",MARINE,Marine,PCNT,Percent of total land/EEZ area,1970
ARG,Argentina,ALL_INC_POINTS,"All, including data recorded as points",MARINE,Marine,PCNT,Percent of total land/EEZ area,1980
ARG,Argentina,ALL_INC_POINTS,"All, including data recorded as points",MARINE,Marine,PCNT,Percent of total land/EEZ area,1985
ARG,Argentina,ALL_INC_POINTS,"All, including data recorded as points",MARINE,Marine,PCNT,Percent of total land/EEZ area,1990
ARG,Argentina,ALL_INC_POINTS,"All, including data recorded as points",MARINE,Marine,PCNT,Percent of total land/EEZ area,1995
ARG,Argentina,ALL_INC_POINTS,"All, including data recorded as points",MARINE,Marine,PCNT,Percent of total land/EEZ area,2000
ARG,Argentina,ALL_INC_POINTS,"All, including data recorded as points",MARINE,Marine,PCNT,Percent of total land/EEZ area,2001
ARG,Argentina,ALL_INC_POINTS,"All, including data recorded as points",MARINE,Marine,PCNT,Percent of total land/EEZ area,2002
ARG,Argentina,ALL_INC_POINTS,"All, including data recorded as points",MARINE,Marine,PCNT,Percent of total land/EEZ area,2003
ARG,Argentina,ALL_INC_POINTS,"All, including data recorded as points",MARINE,Marine,PCNT,Percent of total land/EEZ area,2004
ARG,Argentina,ALL_INC_POINTS,"All, including data recorded as points",MARINE,Marine,PCNT,Percent of total land/EEZ area,2005
ARG,Argentina,ALL_INC_POINTS,"All, including data recorded as points",MARINE,Marine,PCNT,Percent of total land/EEZ area,2006
ARG,Argentina,ALL_INC_POINTS,"All, including data recorded as points",MARINE,Marine,PCNT,Percent of total land/EEZ area,2007
ARG,Argentina,ALL_INC_POINTS,"All, including data recorded as points",MARINE,Marine,PCNT,Percent of total land/EEZ area,2008
ARG,Argentina,ALL_INC_POINTS,"All, including data recorded as points",MARINE,Marine,PCNT,Percent of total land/EEZ area,2009
ARG,Argentina,ALL_INC_POINTS,"All, including data recorded as points",MARINE,Marine,PCNT,Percent of total land/EEZ area,2010
ARG,Argentina,ALL_INC_POINTS,"All, including data recorded as points",MARINE,Marine,PCNT,Percent of total land/EEZ area,2011
ARG,Argentina,ALL_INC_POINTS,"All, including data recorded as points",MARINE,Marine,PCNT,Percent of total land/EEZ area,2012
ARG,Argentina,ALL_INC_POINTS,"All, including data recorded as points",MARINE,Marine,PCNT,Percent of total land/EEZ area,2013
ARG,Argentina,ALL_INC_POINTS,"All, including data recorded as points",MARINE,Marine,PCNT,Percent of total land/EEZ area,2014
ARG,Argentina,ALL_INC_POINTS,"All, including data recorded as points",MARINE,Marine,PCNT,Percent of total land/EEZ area,2015
ARG,Argentina,ALL_INC_POINTS,"All, including data recorded as points",MARINE,Marine,PCNT,Percent of total land/EEZ area,2016
ARG,Argentina,ALL_INC_POINTS,"All, including data recorded as points",MARINE,Marine,PCNT,Percent of total land/EEZ area,2017
ARG,Argentina,ALL_INC_POINTS,"All, including data recorded as points",MARINE,Marine,PCNT,Percent of total land/EEZ area,2018
ARG,Argentina,ALL_INC_POINTS,"All, including data recorded as points",MARINE,Marine,PCNT,Percent of total land/EEZ area,2019
ARG,Argentina,ALL_INC_POINTS,"All, including data recorded as points",MARINE,Marine,PCNT,Percent of total land/EEZ area,2020
ARG,Argentina,ALL_INC_POINTS,"All, including data recorded as points",MARINE,Marine,PCNT,Percent of total land/EEZ area,2021
ABW,Aruba,ALL_INC_POINTS,"All, including data recorded as points",MARINE,Marine,PCNT,Percent of total land/EEZ area,1950
ABW,Aruba,ALL_INC_POINTS,"All, including data recorded as points",MARINE,Marine,PCNT,Percent of total land/EEZ area,1960
ABW,Aruba,ALL_INC_POINTS,"All, including data recorded as points",MARINE,Marine,PCNT,Percent of total land/EEZ area,1970
ABW,Aruba,ALL_INC_POINTS,"All, including data recorded as points",MARINE,Marine,PCNT,Percent of total land/EEZ area,1980
ABW,Aruba,ALL_INC_POINTS,"All, including data recorded as points",MARINE,Marine,PCNT,Percent of total land/EEZ area,1985
ABW,Aruba,ALL_INC_POINTS,"All, including data recorded as points",MARINE,Marine,PCNT,Percent of total land/EEZ area,1990
ABW,Aruba,ALL_INC_POINTS,"All, including data recorded as points",MARINE,Marine,PCNT,Percent of total land/EEZ area,1995
ABW,Aruba,ALL_INC_POINTS,"All, including data recorded as points",MARINE,Marine,PCNT,Percent of total land/EEZ area,2000
ABW,Aruba,ALL_INC_POINTS,"All, including data recorded as points",MARINE,Marine,PCNT,Percent of total land/EEZ area,2001
ABW,Aruba,ALL_INC_POINTS,"All, including data recorded as points",MARINE,Marine,PCNT,Percent of total land/EEZ area,2002
ABW,Aruba,ALL_INC_POINTS,"All, including data recorded as points",MARINE,Marine,PCNT,Percent of total land/EEZ area,2003
ABW,Aruba,ALL_INC_POINTS,"All, including data recorded as points",MARINE,Marine,PCNT,Percent of total land/EEZ area,2004
ABW,Aruba,ALL_INC_POINTS,"All, including data recorded as points",MARINE,Marine,PCNT,Percent of total land/EEZ area,2005
ABW,Aruba,ALL_INC_POINTS,"All, including data recorded as points",MARINE,Marine,PCNT,Percent of total land/EEZ area,2006
ABW,Aruba,ALL_INC_POINTS,"All, including data recorded as points",MARINE,Marine,PCNT,Percent of total land/EEZ area,2007
ABW,Aruba,ALL_INC_POINTS,"All, including data recorded as points",MARINE,Marine,PCNT,Percent of total land/EEZ area,2008
ABW,Aruba,ALL_INC_POINTS,"All, including data recorded as points",MARINE,Marine,PCNT,Percent of total land/EEZ area,2009
ABW,Aruba,ALL_INC_POINTS,"All, including data recorded as points",MARINE,Marine,PCNT,Percent of total land/EEZ area,2010
ABW,Aruba,ALL_INC_POINTS,"All, including data recorded as points",MARINE,Marine,PCNT,Percent of total land/EEZ area,2011
ABW,Aruba,ALL_INC_POINTS,"All, including data recorded as points",MARINE,Marine,PCNT,Percent of total land/EEZ area,2012
ABW,Aruba,ALL_INC_POINTS,"All, including data recorded as points",MARINE,Marine,PCNT,Percent of total land/EEZ area,2013
ABW,Aruba,ALL_INC_POINTS,"All, including data recorded as points",MARINE,Marine,PCNT,Percent of total land/EEZ area,2014
ABW,Aruba,ALL_INC_POINTS,"All, including data recorded as points",MARINE,Marine,PCNT,Percent of total land/EEZ area,2015
ABW,Aruba,ALL_INC_POINTS,"All, including data recorded as points",MARINE,Marine,PCNT,Percent of total land/EEZ area,2016
ABW,Aruba,ALL_INC_POINTS,"All, including data recorded as points",MARINE,Marine,PCNT,Percent of total land/EEZ area,2017
ABW,Aruba,ALL_INC_POINTS,"All, including data recorded as points",MARINE,Marine,PCNT,Percent of total land/EEZ area,2018
ABW,Aruba,ALL_INC_POINTS,"All, including data recorded as points",MARINE,Marine,PCNT,Percent of total land/EEZ area,2019
ABW,Aruba,ALL_INC_POINTS,"All, including data recorded as points",MARINE,Marine,PCNT,Percent of total land/EEZ area,2020
ABW,Aruba,ALL_INC_POINTS,"All, including data recorded as points",MARINE,Marine,PCNT,Percent of total land/EEZ area,2021
BMU,Bermuda,ALL_INC_POINTS,"All, including data recorded as points",MARINE,Marine,PCNT,Percent of total land/EEZ area,1950
BMU,Bermuda,ALL_INC_POINTS,"All, including data recorded as points",MARINE,Marine,PCNT,Percent of total land/EEZ area,1960
BMU,Bermuda,ALL_INC_POINTS,"All, including data recorded as points",MARINE,Marine,PCNT,Percent of total land/EEZ area,1970
BMU,Bermuda,ALL_INC_POINTS,"All, including data recorded as points",MARINE,Marine,PCNT,Percent of total land/EEZ area,1980
BMU,Bermuda,ALL_INC_POINTS,"All, including data recorded as points",MARINE,Marine,PCNT,Percent of total land/EEZ area,1985
BMU,Bermuda,ALL_INC_POINTS,"All, including data recorded as points",MARINE,Marine,PCNT,Percent of total land/EEZ area,1990
BMU,Bermuda,ALL_INC_POINTS,"All, including data recorded as points",MARINE,Marine,PCNT,Percent of total land/EEZ area,1995
BMU,Bermuda,ALL_INC_POINTS,"All, including data recorded as points",MARINE,Marine,PCNT,Percent of total land/EEZ area,2000
BMU,Bermuda,ALL_INC_POINTS,"All, including data recorded as points",MARINE,Marine,PCNT,Percent of total land/EEZ area,2001
BMU,Bermuda,ALL_INC_POINTS,"All, including data recorded as points",MARINE,Marine,PCNT,Percent of total land/EEZ area,2002
BMU,Bermuda,ALL_INC_POINTS,"All, including data recorded as points",MARINE,Marine,PCNT,Percent of total land/EEZ area,2003
BMU,Bermuda,ALL_INC_POINTS,"All, including data recorded as points",MARINE,Marine,PCNT,Percent of total land/EEZ area,2004
BMU,Bermuda,ALL_INC_POINTS,"All, including data recorded as points",MARINE,Marine,PCNT,Percent of total land/EEZ area,2005
BMU,Bermuda,ALL_INC_POINTS,"All, including data recorded as points",MARINE,Marine,PCNT,Percent of total land/EEZ area,2006
BMU,Bermuda,ALL_INC_POINTS,"All, including data recorded as points",MARINE,Marine,PCNT,Percent of total land/EEZ area,2007
BMU,Bermuda,ALL_INC_POINTS,"All, including data recorded as points",MARINE,Marine,PCNT,Percent of total land/EEZ area,2008
BMU,Bermuda,ALL_INC_POINTS,"All, including data recorded as points",MARINE,Marine,PCNT,Percent of total land/EEZ area,2009
BMU,Bermuda,ALL_INC_POINTS,"All, including data recorded as points",MARINE,Marine,PCNT,Percent of total land/EEZ area,2010
BMU,Bermuda,ALL_INC_POINTS,"All, including data recorded as points",MARINE,Marine,PCNT,Percent of total land/EEZ area,2011
BMU,Bermuda,ALL_INC_POINTS,"All, including data recorded as points",MARINE,Marine,PCNT,Percent of total land/EEZ area,2012
BMU,Bermuda,ALL_INC_POINTS,"All, including data recorded as points",MARINE,Marine,PCNT,Percent of total land/EEZ area,2013
BMU,Bermuda,ALL_INC_POINTS,"All, including data recorded as points",MARINE,Marine,PCNT,Percent of total land/EEZ area,2014
BMU,Bermuda,ALL_INC_POINTS,"All, including data recorded as points",MARINE,Marine,PCNT,Percent of total land/EEZ area,2015
BMU,Bermuda,ALL_INC_POINTS,"All, including data recorded as points",MARINE,Marine,PCNT,Percent of total land/EEZ area,2016
BMU,Bermuda,ALL_INC_POINTS,"All, including data recorded as points",MARINE,Marine,PCNT,Percent of total land/EEZ area,2017
BMU,Bermuda,ALL_INC_POINTS,"All, including data recorded as points",MARINE,Marine,PCNT,Percent of total land/EEZ area,2018
BMU,Bermuda,ALL_INC_POINTS,"All, including data recorded as points",MARINE,Marine,PCNT,Percent of total land/EEZ area,2019
BMU,Bermuda,ALL_INC_POINTS,"All, including data recorded as points",MARINE,Marine,PCNT,Percent of total land/EEZ area,2020
BMU,Bermuda,ALL_INC_POINTS,"All, including data recorded as points",MARINE,Marine,PCNT,Percent of total land/EEZ area,2021
BRA,Brazil,ALL_INC_POINTS,"All, including data recorded as points",MARINE,Marine,PCNT,Percent of total land/EEZ area,1950
BRA,Brazil,ALL_INC_POINTS,"All, including data recorded as points",MARINE,Marine,PCNT,Percent of total land/EEZ area,1960
BRA,Brazil,ALL_INC_POINTS,"All, including data recorded as points",MARINE,Marine,PCNT,Percent of total land/EEZ area,1970
BRA,Brazil,ALL_INC_POINTS,"All, including data recorded as points",MARINE,Marine,PCNT,Percent of total land/EEZ area,1980
BRA,Brazil,ALL_INC_POINTS,"All, including data recorded as points",MARINE,Marine,PCNT,Percent of total land/EEZ area,1985
BRA,Brazil,ALL_INC_POINTS,"All, including data recorded as points",MARINE,Marine,PCNT,Percent of total land/EEZ area,1990
BRA,Brazil,ALL_INC_POINTS,"All, including data recorded as points",MARINE,Marine,PCNT,Percent of total land/EEZ area,1995
BRA,Brazil,ALL_INC_POINTS,"All, including data recorded as points",MARINE,Marine,PCNT,Percent of total land/EEZ area,2000
BRA,Brazil,ALL_INC_POINTS,"All, including data recorded as points",MARINE,Marine,PCNT,Percent of total land/EEZ area,2001
BRA,Brazil,ALL_INC_POINTS,"All, including data recorded as points",MARINE,Marine,PCNT,Percent of total land/EEZ area,2002
BRA,Brazil,ALL_INC_POINTS,"All, including data recorded as points",MARINE,Marine,PCNT,Percent of total land/EEZ area,2003
BRA,Brazil,ALL_INC_POINTS,"All, including data recorded as points",MARINE,Marine,PCNT,Percent of total land/EEZ area,2004
BRA,Brazil,ALL_INC_POINTS,"All, including data recorded as points",MARINE,Marine,PCNT,Percent of total land/EEZ area,2005
BRA,Brazil,ALL_INC_POINTS,"All, including data recorded as points",MARINE,Marine,PCNT,Percent of total land/EEZ area,2006
BRA,Brazil,ALL_INC_POINTS,"All, including data recorded as points",MARINE,Marine,PCNT,Percent of total land/EEZ area,2007
BRA,Brazil,ALL_INC_POINTS,"All, including data recorded as points",MARINE,Marine,PCNT,Percent of total land/EEZ area,2008
BRA,Brazil,ALL_INC_POINTS,"All, including data recorded as points",MARINE,Marine,PCNT,Percent of total land/EEZ area,2009
BRA,Brazil,ALL_INC_POINTS,"All, including data recorded as points",MARINE,Marine,PCNT,Percent of total land/EEZ area,2010
BRA,Brazil,ALL_INC_POINTS,"All, including data recorded as points",MARINE,Marine,PCNT,Percent of total land/EEZ area,2011
BRA,Brazil,ALL_INC_POINTS,"All, including data recorded as points",MARINE,Marine,PCNT,Percent of total land/EEZ area,2012
BRA,Brazil,ALL_INC_POINTS,"All, including data recorded as points",MARINE,Marine,PCNT,Percent of total land/EEZ area,2013
BRA,Brazil,ALL_INC_POINTS,"All, including data recorded as points",MARINE,Marine,PCNT,Percent of total land/EEZ area,2014
BRA,Brazil,ALL_INC_POINTS,"All, including data recorded as points",MARINE,Marine,PCNT,Percent of total land/EEZ area,2015
BRA,Brazil,ALL_INC_POINTS,"All, including data recorded as points",MARINE,Marine,PCNT,Percent of total land/EEZ area,2016
BRA,Brazil,ALL_INC_POINTS,"All, including data recorded as points",MARINE,Marine,PCNT,Percent of total land/EEZ area,2017
BRA,Brazil,ALL_INC_POINTS,"All, including data recorded as points",MARINE,Marine,PCNT,Percent of total land/EEZ area,2018
BRA,Brazil,ALL_INC_POINTS,"All, including data recorded as points",MARINE,Marine,PCNT,Percent of total land/EEZ area,2019
BRA,Brazil,ALL_INC_POINTS,"All, including data recorded as points",MARINE,Marine,PCNT,Percent of total land/EEZ area,2020
BRA,Brazil,ALL_INC_POINTS,"All, including data recorded as points",MARINE,Marine,PCNT,Percent of total land/EEZ area,2021
VGB,British Virgin Islands,ALL_INC_POINTS,"All, including data recorded as points",MARINE,Marine,PCNT,Percent of total land/EEZ area,1950
VGB,British Virgin Islands,ALL_INC_POINTS,"All, including data recorded as points",MARINE,Marine,PCNT,Percent of total land/EEZ area,1960
VGB,British Virgin Islands,ALL_INC_POINTS,"All, including data recorded as points",MARINE,Marine,PCNT,Percent of total land/EEZ area,1970
VGB,British Virgin Islands,ALL_INC_POINTS,"All, including data recorded as points",MARINE,Marine,PCNT,Percent of total land/EEZ area,1980
VGB,British Virgin Islands,ALL_INC_POINTS,"All, including data recorded as points",MARINE,Marine,PCNT,Percent of total land/EEZ area,1985
VGB,British Virgin Islands,ALL_INC_POINTS,"All, including data recorded as points",MARINE,Marine,PCNT,Percent of total land/EEZ area,1990
VGB,British Virgin Islands,ALL_INC_POINTS,"All, including data recorded as points",MARINE,Marine,PCNT,Percent of total land/EEZ area,1995
VGB,British Virgin Islands,ALL_INC_POINTS,"All, including data recorded as points",MARINE,Marine,PCNT,Percent of total land/EEZ area,2000
VGB,British Virgin Islands,ALL_INC_POINTS,"All, including data recorded as points",MARINE,Marine,PCNT,Percent of total land/EEZ area,2001
VGB,British Virgin Islands,ALL_INC_POINTS,"All, including data recorded as points",MARINE,Marine,PCNT,Percent of total land/EEZ area,2002
VGB,British Virgin Islands,ALL_INC_POINTS,"All, including data recorded as points",MARINE,Marine,PCNT,Percent of total land/EEZ area,2003
VGB,British Virgin Islands,ALL_INC_POINTS,"All, including data recorded as points",MARINE,Marine,PCNT,Percent of total land/EEZ area,2004
VGB,British Virgin Islands,ALL_INC_POINTS,"All, including data recorded as points",MARINE,Marine,PCNT,Percent of total land/EEZ area,2005
VGB,British Virgin Islands,ALL_INC_POINTS,"All, including data recorded as points",MARINE,Marine,PCNT,Percent of total land/EEZ area,2006
VGB,British Virgin Islands,ALL_INC_POINTS,"All, including data recorded as points",MARINE,Marine,PCNT,Percent of total land/EEZ area,2007
VGB,British Virgin Islands,ALL_INC_POINTS,"All, including data recorded as points",MARINE,Marine,PCNT,Percent of total land/EEZ area,2008
VGB,British Virgin Islands,ALL_INC_POINTS,"All, including data recorded as points",MARINE,Marine,PCNT,Percent of total land/EEZ area,2009
VGB,British Virgin Islands,ALL_INC_POINTS,"All, including data recorded as points",MARINE,Marine,PCNT,Percent of total land/EEZ area,2010
VGB,British Virgin Islands,ALL_INC_POINTS,"All, including data recorded as points",MARINE,Marine,PCNT,Percent of total land/EEZ area,2011
VGB,British Virgin Islands,ALL_INC_POINTS,"All, including data recorded as points",MARINE,Marine,PCNT,Percent of total land/EEZ area,2012
VGB,British Virgin Islands,ALL_INC_POINTS,"All, including data recorded as points",MARINE,Marine,PCNT,Percent of total land/EEZ area,2013
VGB,British Virgin Islands,ALL_INC_POINTS,"All, including data recorded as points",MARINE,Marine,PCNT,Percent of total land/EEZ area,2014
VGB,British Virgin Islands,ALL_INC_POINTS,"All, including data recorded as points",MARINE,Marine,PCNT,Percent of total land/EEZ area,2015
VGB,British Virgin Islands,ALL_INC_POINTS,"All, including data recorded as points",MARINE,Marine,PCNT,Percent of total land/EEZ area,2016
VGB,British Virgin Islands,ALL_INC_POINTS,"All, including data recorded as points",MARINE,Marine,PCNT,Percent of total land/EEZ area,2017
VGB,British Virgin Islands,ALL_INC_POINTS,"All, including data recorded as points",MARINE,Marine,PCNT,Percent of total land/EEZ area,2018
VGB,British Virgin Islands,ALL_INC_POINTS,"All, including data recorded as points",MARINE,Marine,PCNT,Percent of total land/EEZ area,2019
VGB,British Virgin Islands,ALL_INC_POINTS,"All, including data recorded as points",MARINE,Marine,PCNT,Percent of total land/EEZ area,2020
VGB,British Virgin Islands,ALL_INC_POINTS,"All, including data recorded as points",MARINE,Marine,PCNT,Percent of total land/EEZ area,2021
BGR,Bulgaria,ALL_INC_POINTS,"All, including data recorded as points",MARINE,Marine,PCNT,Percent of total land/EEZ area,1950
BGR,Bulgaria,ALL_INC_POINTS,"All, including data recorded as points",MARINE,Marine,PCNT,Percent of total land/EEZ area,1960
BGR,Bulgaria,ALL_INC_POINTS,"All, including data recorded as points",MARINE,Marine,PCNT,Percent of total land/EEZ area,1970
BGR,Bulgaria,ALL_INC_POINTS,"All, including data recorded as points",MARINE,Marine,PCNT,Percent of total land/EEZ area,1980
BGR,Bulgaria,ALL_INC_POINTS,"All, including data recorded as points",MARINE,Marine,PCNT,Percent of total land/EEZ area,1985
BGR,Bulgaria,ALL_INC_POINTS,"All, including data recorded as points",MARINE,Marine,PCNT,Percent of total land/EEZ area,1990
BGR,Bulgaria,ALL_INC_POINTS,"All, including data recorded as points",MARINE,Marine,PCNT,Percent of total land/EEZ area,1995
BGR,Bulgaria,ALL_INC_POINTS,"All, including data recorded as points",MARINE,Marine,PCNT,Percent of total land/EEZ area,2000
BGR,Bulgaria,ALL_INC_POINTS,"All, including data recorded as points",MARINE,Marine,PCNT,Percent of total land/EEZ area,2001
BGR,Bulgaria,ALL_INC_POINTS,"All, including data recorded as points",MARINE,Marine,PCNT,Percent of total land/EEZ area,2002
BGR,Bulgaria,ALL_INC_POINTS,"All, including data recorded as points",MARINE,Marine,PCNT,Percent of total land/EEZ area,2003
BGR,Bulgaria,ALL_INC_POINTS,"All, including data recorded as points",MARINE,Marine,PCNT,Percent of total land/EEZ area,2004
BGR,Bulgaria,ALL_INC_POINTS,"All, including data recorded as points",MARINE,Marine,PCNT,Percent of total land/EEZ area,2005
BGR,Bulgaria,ALL_INC_POINTS,"All, including data recorded as points",MARINE,Marine,PCNT,Percent of total land/EEZ area,2006
BGR,Bulgaria,ALL_INC_POINTS,"All, including data recorded as points",MARINE,Marine,PCNT,Percent of total land/EEZ area,2007
BGR,Bulgaria,ALL_INC_POINTS,"All, including data recorded as points",MARINE,Marine,PCNT,Percent of total land/EEZ area,2008
BGR,Bulgaria,ALL_INC_POINTS,"All, including data recorded as points",MARINE,Marine,PCNT,Percent of total land/EEZ area,2009
BGR,Bulgaria,ALL_INC_POINTS,"All, including data recorded as points",MARINE,Marine,PCNT,Percent of total land/EEZ area,2010
BGR,Bulgaria,ALL_INC_POINTS,"All, including data recorded as points",MARINE,Marine,PCNT,Percent of total land/EEZ area,2011
BGR,Bulgaria,ALL_INC_POINTS,"All, including data recorded as points",MARINE,Marine,PCNT,Percent of total land/EEZ area,2012
BGR,Bulgaria,ALL_INC_POINTS,"All, including data recorded as points",MARINE,Marine,PCNT,Percent of total land/EEZ area,2013
BGR,Bulgaria,ALL_INC_POINTS,"All, including data recorded as points",MARINE,Marine,PCNT,Percent of total land/EEZ area,2014
BGR,Bulgaria,ALL_INC_POINTS,"All, including data recorded as points",MARINE,Marine,PCNT,Percent of total land/EEZ area,2015
BGR,Bulgaria,ALL_INC_POINTS,"All, including data recorded as points",MARINE,Marine,PCNT,Percent of total land/EEZ area,2016
BGR,Bulgaria,ALL_INC_POINTS,"All, including data recorded as points",MARINE,Marine,PCNT,Percent of total land/EEZ area,2017
BGR,Bulgaria,ALL_INC_POINTS,"All, including data recorded as points",MARINE,Marine,PCNT,Percent of total land/EEZ area,2018
BGR,Bulgaria,ALL_INC_POINTS,"All, including data recorded as points",MARINE,Marine,PCNT,Percent of total land/EEZ area,2019
BGR,Bulgaria,ALL_INC_POINTS,"All, including data recorded as points",MARINE,Marine,PCNT,Percent of total land/EEZ area,2020
BGR,Bulgaria,ALL_INC_POINTS,"All, including data recorded as points",MARINE,Marine,PCNT,Percent of total land/EEZ area,2021
CYM,Cayman Islands,ALL_INC_POINTS,"All, including data recorded as points",MARINE,Marine,PCNT,Percent of total land/EEZ area,1950
CYM,Cayman Islands,ALL_INC_POINTS,"All, including data recorded as points",MARINE,Marine,PCNT,Percent of total land/EEZ area,1960
CYM,Cayman Islands,ALL_INC_POINTS,"All, including data recorded as points",MARINE,Marine,PCNT,Percent of total land/EEZ area,1970
CYM,Cayman Islands,ALL_INC_POINTS,"All, including data recorded as points",MARINE,Marine,PCNT,Percent of total land/EEZ area,1980
CYM,Cayman Islands,ALL_INC_POINTS,"All, including data recorded as points",MARINE,Marine,PCNT,Percent of total land/EEZ area,1985
CYM,Cayman Islands,ALL_INC_POINTS,"All, including data recorded as points",MARINE,Marine,PCNT,Percent of total land/EEZ area,1990
CYM,Cayman Islands,ALL_INC_POINTS,"All, including data recorded as points",MARINE,Marine,PCNT,Percent of total land/EEZ area,1995
CYM,Cayman Islands,ALL_INC_POINTS,"All, including data recorded as points",MARINE,Marine,PCNT,Percent of total land/EEZ area,2000
CYM,Cayman Islands,ALL_INC_POINTS,"All, including data recorded as points",MARINE,Marine,PCNT,Percent of total land/EEZ area,2001
CYM,Cayman Islands,ALL_INC_POINTS,"All, including data recorded as points",MARINE,Marine,PCNT,Percent of total land/EEZ area,2002
CYM,Cayman Islands,ALL_INC_POINTS,"All, including data recorded as points",MARINE,Marine,PCNT,Percent of total land/EEZ area,2003
CYM,Cayman Islands,ALL_INC_POINTS,"All, including data recorded as points",MARINE,Marine,PCNT,Percent of total land/EEZ area,2004
CYM,Cayman Islands,ALL_INC_POINTS,"All, including data recorded as points",MARINE,Marine,PCNT,Percent of total land/EEZ area,2005
CYM,Cayman Islands,ALL_INC_POINTS,"All, including data recorded as points",MARINE,Marine,PCNT,Percent of total land/EEZ area,2006
CYM,Cayman Islands,ALL_INC_POINTS,"All, including data recorded as points",MARINE,Marine,PCNT,Percent of total land/EEZ area,2007
CYM,Cayman Islands,ALL_INC_POINTS,"All, including data recorded as points",MARINE,Marine,PCNT,Percent of total land/EEZ area,2008
CYM,Cayman Islands,ALL_INC_POINTS,"All, including data recorded as points",MARINE,Marine,PCNT,Percent of total land/EEZ area,2009
CYM,Cayman Islands,ALL_INC_POINTS,"All, including data recorded as points",MARINE,Marine,PCNT,Percent of total land/EEZ area,2010
CYM,Cayman Islands,ALL_INC_POINTS,"All, including data recorded as points",MARINE,Marine,PCNT,Percent of total land/EEZ area,2011
CYM,Cayman Islands,ALL_INC_POINTS,"All, including data recorded as points",MARINE,Marine,PCNT,Percent of total land/EEZ area,2012
CYM,Cayman Islands,ALL_INC_POINTS,"All, including data recorded as points",MARINE,Marine,PCNT,Percent of total land/EEZ area,2013
CYM,Cayman Islands,ALL_INC_POINTS,"All, including data recorded as points",MARINE,Marine,PCNT,Percent of total land/EEZ area,2014
CYM,Cayman Islands,ALL_INC_POINTS,"All, including data recorded as points",MARINE,Marine,PCNT,Percent of total land/EEZ area,2015
CYM,Cayman Islands,ALL_INC_POINTS,"All, including data recorded as points",MARINE,Marine,PCNT,Percent of total land/EEZ area,2016
CYM,Cayman Islands,ALL_INC_POINTS,"All, including data recorded as points",MARINE,Marine,PCNT,Percent of total land/EEZ area,2017
CYM,Cayman Islands,ALL_INC_POINTS,"All, including data recorded as points",MARINE,Marine,PCNT,Percent of total land/EEZ area,2018
CYM,Cayman Islands,ALL_INC_POINTS,"All, including data recorded as points",MARINE,Marine,PCNT,Percent of total land/EEZ area,2019
CYM,Cayman Islands,ALL_INC_POINTS,"All, including data recorded as points",MARINE,Marine,PCNT,Percent of total land/EEZ area,2020
CYM,Cayman Islands,ALL_INC_POINTS,"All, including data recorded as points",MARINE,Marine,PCNT,Percent of total land/EEZ area,2021
CHL,Chile,ALL_INC_POINTS,"All, including data recorded as points",MARINE,Marine,PCNT,Percent of total land/EEZ area,1950
CHL,Chile,ALL_INC_POINTS,"All, including data recorded as points",MARINE,Marine,PCNT,Percent of total land/EEZ area,1960
CHL,Chile,ALL_INC_POINTS,"All, including data recorded as points",MARINE,Marine,PCNT,Percent of total land/EEZ area,1970
CHL,Chile,ALL_INC_POINTS,"All, including data recorded as points",MARINE,Marine,PCNT,Percent of total land/EEZ area,1980
CHL,Chile,ALL_INC_POINTS,"All, including data recorded as points",MARINE,Marine,PCNT,Percent of total land/EEZ area,1985
CHL,Chile,ALL_INC_POINTS,"All, including data recorded as points",MARINE,Marine,PCNT,Percent of total land/EEZ area,1990
CHL,Chile,ALL_INC_POINTS,"All, including data recorded as points",MARINE,Marine,PCNT,Percent of total land/EEZ area,1995
CHL,Chile,ALL_INC_POINTS,"All, including data recorded as points",MARINE,Marine,PCNT,Percent of total land/EEZ area,2000
CHL,Chile,ALL_INC_POINTS,"All, including data recorded as points",MARINE,Marine,PCNT,Percent of total land/EEZ area,2001
CHL,Chile,ALL_INC_POINTS,"All, including data recorded as points",MARINE,Marine,PCNT,Percent of total land/EEZ area,2002
CHL,Chile,ALL_INC_POINTS,"All, including data recorded as points",MARINE,Marine,PCNT,Percent of total land/EEZ area,2003
CHL,Chile,ALL_INC_POINTS,"All, including data recorded as points",MARINE,Marine,PCNT,Percent of total land/EEZ area,2004
CHL,Chile,ALL_INC_POINTS,"All, including data recorded as points",MARINE,Marine,PCNT,Percent of total land/EEZ area,2005
CHL,Chile,ALL_INC_POINTS,"All, including data recorded as points",MARINE,Marine,PCNT,Percent of total land/EEZ area,2006
CHL,Chile,ALL_INC_POINTS,"All, including data recorded as points",MARINE,Marine,PCNT,Percent of total land/EEZ area,2007
CHL,Chile,ALL_INC_POINTS,"All, including data recorded as points",MARINE,Marine,PCNT,Percent of total land/EEZ area,2008
CHL,Chile,ALL_INC_POINTS,"All, including data recorded as points",MARINE,Marine,PCNT,Percent of total land/EEZ area,2009
CHL,Chile,ALL_INC_POINTS,"All, including data recorded as points",MARINE,Marine,PCNT,Percent of total land/EEZ area,2010
CHL,Chile,ALL_INC_POINTS,"All, including data recorded as points",MARINE,Marine,PCNT,Percent of total land/EEZ area,2011
CHL,Chile,ALL_INC_POINTS,"All, including data recorded as points",MARINE,Marine,PCNT,Percent of total land/EEZ area,2012
CHL,Chile,ALL_INC_POINTS,"All, including data recorded as points",MARINE,Marine,PCNT,Percent of total land/EEZ area,2013
CHL,Chile,ALL_INC_POINTS,"All, including data recorded as points",MARINE,Marine,PCNT,Percent of total land/EEZ area,2014
CHL,Chile,ALL_INC_POINTS,"All, including data recorded as points",MARINE,Marine,PCNT,Percent of total land/EEZ area,2015
CHL,Chile,ALL_INC_POINTS,"All, including data recorded as points",MARINE,Marine,PCNT,Percent of total land/EEZ area,2016
CHL,Chile,ALL_INC_POINTS,"All, including data recorded as points",MARINE,Marine,PCNT,Percent of total land/EEZ area,2017
CHL,Chile,ALL_INC_POINTS,"All, including data recorded as points",MARINE,Marine,PCNT,Percent of total land/EEZ area,2018
CHL,Chile,ALL_INC_POINTS,"All, including data recorded as points",MARINE,Marine,PCNT,Percent of total land/EEZ area,2019
CHL,Chile,ALL_INC_POINTS,"All, including data recorded as points",MARINE,Marine,PCNT,Percent of total land/EEZ area,2020
CHL,Chile,ALL_INC_POINTS,"All, including data recorded as points",MARINE,Marine,PCNT,Percent of total land/EEZ area,2021
CHN,China (People's Republic of),ALL_INC_POINTS,"All, including data recorded as points",MARINE,Marine,PCNT,Percent of total land/EEZ area,1950
CHN,China (People's Republic of),ALL_INC_POINTS,"All, including data recorded as points",MARINE,Marine,PCNT,Percent of total land/EEZ area,1960
CHN,China (People's Republic of),ALL_INC_POINTS,"All, including data recorded as points",MARINE,Marine,PCNT,Percent of total land/EEZ area,1970
CHN,China (People's Republic of),ALL_INC_POINTS,"All, including data recorded as points",MARINE,Marine,PCNT,Percent of total land/EEZ area,1980
CHN,China (People's Republic of),ALL_INC_POINTS,"All, including data recorded as points",MARINE,Marine,PCNT,Percent of total land/EEZ area,1985
CHN,China (People's Republic of),ALL_INC_POINTS,"All, including data recorded as points",MARINE,Marine,PCNT,Percent of total land/EEZ area,1990
CHN,China (People's Republic of),ALL_INC_POINTS,"All, including data recorded as points",MARINE,Marine,PCNT,Percent of total land/EEZ area,1995
CHN,China (People's Republic of),ALL_INC_POINTS,"All, including data recorded as points",MARINE,Marine,PCNT,Percent of total land/EEZ area,2000
CHN,China (People's Republic of),ALL_INC_POINTS,"All, including data recorded as points",MARINE,Marine,PCNT,Percent of total land/EEZ area,2001
CHN,China (People's Republic of),ALL_INC_POINTS,"All, including data recorded as points",MARINE,Marine,PCNT,Percent of total land/EEZ area,2002
CHN,China (People's Republic of),ALL_INC_POINTS,"All, including data recorded as points",MARINE,Marine,PCNT,Percent of total land/EEZ area,2003
CHN,China (People's Republic of),ALL_INC_POINTS,"All, including data recorded as points",MARINE,Marine,PCNT,Percent of total land/EEZ area,2004
CHN,China (People's Republic of),ALL_INC_POINTS,"All, including data recorded as points",MARINE,Marine,PCNT,Percent of total land/EEZ area,2005
CHN,China (People's Republic of),ALL_INC_POINTS,"All, including data recorded as points",MARINE,Marine,PCNT,Percent of total land/EEZ area,2006
CHN,China (People's Republic of),ALL_INC_POINTS,"All, including data recorded as points",MARINE,Marine,PCNT,Percent of total land/EEZ area,2007
CHN,China (People's Republic of),ALL_INC_POINTS,"All, including data recorded as points",MARINE,Marine,PCNT,Percent of total land/EEZ area,2008
CHN,China (People's Republic of),ALL_INC_POINTS,"All, including data recorded as points",MARINE,Marine,PCNT,Percent of total land/EEZ area,2009
CHN,China (People's Republic of),ALL_INC_POINTS,"All, including data recorded as points",MARINE,Marine,PCNT,Percent of total land/EEZ area,2010
CHN,China (People's Republic of),ALL_INC_POINTS,"All, including data recorded as points",MARINE,Marine,PCNT,Percent of total land/EEZ area,2011
CHN,China (People's Republic of),ALL_INC_POINTS,"All, including data recorded as points",MARINE,Marine,PCNT,Percent of total land/EEZ area,2012
CHN,China (People's Republic of),ALL_INC_POINTS,"All, including data recorded as points",MARINE,Marine,PCNT,Percent of total land/EEZ area,2013
CHN,China (People's Republic of),ALL_INC_POINTS,"All, including data recorded as points",MARINE,Marine,PCNT,Percent of total land/EEZ area,2014
CHN,China (People's Republic of),ALL_INC_POINTS,"All, including data recorded as points",MARINE,Marine,PCNT,Percent of total land/EEZ area,2015
CHN,China (People's Republic of),ALL_INC_POINTS,"All, including data recorded as points",MARINE,Marine,PCNT,Percent of total land/EEZ area,2016
CHN,China (People's Republic of),ALL_INC_POINTS,"All, including data recorded as points",MARINE,Marine,PCNT,Percent of total land/EEZ area,2017
CHN,China (People's Republic of),ALL_INC_POINTS,"All, including data recorded as points",MARINE,Marine,PCNT,Percent of total land/EEZ area,2018
CHN,China (People's Republic of),ALL_INC_POINTS,"All, including data recorded as points",MARINE,Marine,PCNT,Percent of total land/EEZ area,2019
CHN,China (People's Republic of),ALL_INC_POINTS,"All, including data recorded as points",MARINE,Marine,PCNT,Percent of total land/EEZ area,2020
CHN,China (People's Republic of),ALL_INC_POINTS,"All, including data recorded as points",MARINE,Marine,PCNT,Percent of total land/EEZ area,2021
COL,Colombia,ALL_INC_POINTS,"All, including data recorded as points",MARINE,Marine,PCNT,Percent of total land/EEZ area,1950
COL,Colombia,ALL_INC_POINTS,"All, including data recorded as points",MARINE,Marine,PCNT,Percent of total land/EEZ area,1960
COL,Colombia,ALL_INC_POINTS,"All, including data recorded as points",MARINE,Marine,PCNT,Percent of total land/EEZ area,1970
COL,Colombia,ALL_INC_POINTS,"All, including data recorded as points",MARINE,Marine,PCNT,Percent of total land/EEZ area,1980
COL,Colombia,ALL_INC_POINTS,"All, including data recorded as points",MARINE,Marine,PCNT,Percent of total land/EEZ area,1985
COL,Colombia,ALL_INC_POINTS,"All, including data recorded as points",MARINE,Marine,PCNT,Percent of total land/EEZ area,1990
COL,Colombia,ALL_INC_POINTS,"All, including data recorded as points",MARINE,Marine,PCNT,Percent of total land/EEZ area,1995
COL,Colombia,ALL_INC_POINTS,"All, including data recorded as points",MARINE,Marine,PCNT,Percent of total land/EEZ area,2000
COL,Colombia,ALL_INC_POINTS,"All, including data recorded as points",MARINE,Marine,PCNT,Percent of total land/EEZ area,2001
COL,Colombia,ALL_INC_POINTS,"All, including data recorded as points",MARINE,Marine,PCNT,Percent of total land/EEZ area,2002
COL,Colombia,ALL_INC_POINTS,"All, including data recorded as points",MARINE,Marine,PCNT,Percent of total land/EEZ area,2003
COL,Colombia,ALL_INC_POINTS,"All, including data recorded as points",MARINE,Marine,PCNT,Percent of total land/EEZ area,2004
COL,Colombia,ALL_INC_POINTS,"All, including data recorded as points",MARINE,Marine,PCNT,Percent of total land/EEZ area,2005
COL,Colombia,ALL_INC_POINTS,"All, including data recorded as points",MARINE,Marine,PCNT,Percent of total land/EEZ area,2006
COL,Colombia,ALL_INC_POINTS,"All, including data recorded as points",MARINE,Marine,PCNT,Percent of total land/EEZ area,2007
COL,Colombia,ALL_INC_POINTS,"All, including data recorded as points",MARINE,Marine,PCNT,Percent of total land/EEZ area,2008
COL,Colombia,ALL_INC_POINTS,"All, including data recorded as points",MARINE,Marine,PCNT,Percent of total land/EEZ area,2009
COL,Colombia,ALL_INC_POINTS,"All, including data recorded as points",MARINE,Marine,PCNT,Percent of total land/EEZ area,2010
COL,Colombia,ALL_INC_POINTS,"All, including data recorded as points",MARINE,Marine,PCNT,Percent of total land/EEZ area,2011
COL,Colombia,ALL_INC_POINTS,"All, including data recorded as points",MARINE,Marine,PCNT,Percent of total land/EEZ area,2012
COL,Colombia,ALL_INC_POINTS,"All, including data recorded as points",MARINE,Marine,PCNT,Percent of total land/EEZ area,2013
COL,Colombia,ALL_INC_POINTS,"All, including data recorded as points",MARINE,Marine,PCNT,Percent of total land/EEZ area,2014
COL,Colombia,ALL_INC_POINTS,"All, including data recorded as points",MARINE,Marine,PCNT,Percent of total land/EEZ area,2015
COL,Colombia,ALL_INC_POINTS,"All, including data recorded as points",MARINE,Marine,PCNT,Percent of total land/EEZ area,2016
COL,Colombia,ALL_INC_POINTS,"All, including data recorded as points",MARINE,Marine,PCNT,Percent of total land/EEZ area,2017
COL,Colombia,ALL_INC_POINTS,"All, including data recorded as points",MARINE,Marine,PCNT,Percent of total land/EEZ area,2018
COL,Colombia,ALL_INC_POINTS,"All, including data recorded as points",MARINE,Marine,PCNT,Percent of total land/EEZ area,2019
COL,Colombia,ALL_INC_POINTS,"All, including data recorded as points",MARINE,Marine,PCNT,Percent of total land/EEZ area,2020
COL,Colombia,ALL_INC_POINTS,"All, including data recorded as points",MARINE,Marine,PCNT,Percent of total land/EEZ area,2021
COK,Cook Islands,ALL_INC_POINTS,"All, including data recorded as points",MARINE,Marine,PCNT,Percent of total land/EEZ area,1950
COK,Cook Islands,ALL_INC_POINTS,"All, including data recorded as points",MARINE,Marine,PCNT,Percent of total land/EEZ area,1960
COK,Cook Islands,ALL_INC_POINTS,"All, including data recorded as points",MARINE,Marine,PCNT,Percent of total land/EEZ area,1970
COK,Cook Islands,ALL_INC_POINTS,"All, including data recorded as points",MARINE,Marine,PCNT,Percent of total land/EEZ area,1980
COK,Cook Islands,ALL_INC_POINTS,"All, including data recorded as points",MARINE,Marine,PCNT,Percent of total land/EEZ area,1985
COK,Cook Islands,ALL_INC_POINTS,"All, including data recorded as points",MARINE,Marine,PCNT,Percent of total land/EEZ area,1990
COK,Cook Islands,ALL_INC_POINTS,"All, including data recorded as points",MARINE,Marine,PCNT,Percent of total land/EEZ area,1995
COK,Cook Islands,ALL_INC_POINTS,"All, including data recorded as points",MARINE,Marine,PCNT,Percent of total land/EEZ area,2000
COK,Cook Islands,ALL_INC_POINTS,"All, including data recorded as points",MARINE,Marine,PCNT,Percent of total land/EEZ area,2001
COK,Cook Islands,ALL_INC_POINTS,"All, including data recorded as points",MARINE,Marine,PCNT,Percent of total land/EEZ area,2002
COK,Cook Islands,ALL_INC_POINTS,"All, including data recorded as points",MARINE,Marine,PCNT,Percent of total land/EEZ area,2003
COK,Cook Islands,ALL_INC_POINTS,"All, including data recorded as points",MARINE,Marine,PCNT,Percent of total land/EEZ area,2004
COK,Cook Islands,ALL_INC_POINTS,"All, including data recorded as points",MARINE,Marine,PCNT,Percent of total land/EEZ area,2005
COK,Cook Islands,ALL_INC_POINTS,"All, including data recorded as points",MARINE,Marine,PCNT,Percent of total land/EEZ area,2006
COK,Cook Islands,ALL_INC_POINTS,"All, including data recorded as points",MARINE,Marine,PCNT,Percent of total land/EEZ area,2007
COK,Cook Islands,ALL_INC_POINTS,"All, including data recorded as points",MARINE,Marine,PCNT,Percent of total land/EEZ area,2008
COK,Cook Islands,ALL_INC_POINTS,"All, including data recorded as points",MARINE,Marine,PCNT,Percent of total land/EEZ area,2009
COK,Cook Islands,ALL_INC_POINTS,"All, including data recorded as points",MARINE,Marine,PCNT,Percent of total land/EEZ area,2010
COK,Cook Islands,ALL_INC_POINTS,"All, including data recorded as points",MARINE,Marine,PCNT,Percent of total land/EEZ area,2011
COK,Cook Islands,ALL_INC_POINTS,"All, including data recorded as points",MARINE,Marine,PCNT,Percent of total land/EEZ area,2012
COK,Cook Islands,ALL_INC_POINTS,"All, including data recorded as points",MARINE,Marine,PCNT,Percent of total land/EEZ area,2013
COK,Cook Islands,ALL_INC_POINTS,"All, including data recorded as points",MARINE,Marine,PCNT,Percent of total land/EEZ area,2014
COK,Cook Islands,ALL_INC_POINTS,"All, including data recorded as points",MARINE,Marine,PCNT,Percent of total land/EEZ area,2015
COK,Cook Islands,ALL_INC_POINTS,"All, including data recorded as points",MARINE,Marine,PCNT,Percent of total land/EEZ area,2016
COK,Cook Islands,ALL_INC_POINTS,"All, including data recorded as points",MARINE,Marine,PCNT,Percent of total land/EEZ area,2017
COK,Cook Islands,ALL_INC_POINTS,"All, including data recorded as points",MARINE,Marine,PCNT,Percent of total land/EEZ area,2018
COK,Cook Islands,ALL_INC_POINTS,"All, including data recorded as points",MARINE,Marine,PCNT,Percent of total land/EEZ area,2019
COK,Cook Islands,ALL_INC_POINTS,"All, including data recorded as points",MARINE,Marine,PCNT,Percent of total land/EEZ area,2020
COK,Cook Islands,ALL_INC_POINTS,"All, including data recorded as points",MARINE,Marine,PCNT,Percent of total land/EEZ area,2021
CRI,Costa Rica,ALL_INC_POINTS,"All, including data recorded as points",MARINE,Marine,PCNT,Percent of total land/EEZ area,1950
CRI,Costa Rica,ALL_INC_POINTS,"All, including data recorded as points",MARINE,Marine,PCNT,Percent of total land/EEZ area,1960
CRI,Costa Rica,ALL_INC_POINTS,"All, including data recorded as points",MARINE,Marine,PCNT,Percent of total land/EEZ area,1970
CRI,Costa Rica,ALL_INC_POINTS,"All, including data recorded as points",MARINE,Marine,PCNT,Percent of total land/EEZ area,1980
CRI,Costa Rica,ALL_INC_POINTS,"All, including data recorded as points",MARINE,Marine,PCNT,Percent of total land/EEZ area,1985
CRI,Costa Rica,ALL_INC_POINTS,"All, including data recorded as points",MARINE,Marine,PCNT,Percent of total land/EEZ area,1990
CRI,Costa Rica,ALL_INC_POINTS,"All, including data recorded as points",MARINE,Marine,PCNT,Percent of total land/EEZ area,1995
CRI,Costa Rica,ALL_INC_POINTS,"All, including data recorded as points",MARINE,Marine,PCNT,Percent of total land/EEZ area,2000
CRI,Costa Rica,ALL_INC_POINTS,"All, including data recorded as points",MARINE,Marine,PCNT,Percent of total land/EEZ area,2001
CRI,Costa Rica,ALL_INC_POINTS,"All, including data recorded as points",MARINE,Marine,PCNT,Percent of total land/EEZ area,2002
CRI,Costa Rica,ALL_INC_POINTS,"All, including data recorded as points",MARINE,Marine,PCNT,Percent of total land/EEZ area,2003
CRI,Costa Rica,ALL_INC_POINTS,"All, including data recorded as points",MARINE,Marine,PCNT,Percent of total land/EEZ area,2004
CRI,Costa Rica,ALL_INC_POINTS,"All, including data recorded as points",MARINE,Marine,PCNT,Percent of total land/EEZ area,2005
CRI,Costa Rica,ALL_INC_POINTS,"All, including data recorded as points",MARINE,Marine,PCNT,Percent of total land/EEZ area,2006
CRI,Costa Rica,ALL_INC_POINTS,"All, including data recorded as points",MARINE,Marine,PCNT,Percent of total land/EEZ area,2007
CRI,Costa Rica,ALL_INC_POINTS,"All, including data recorded as points",MARINE,Marine,PCNT,Percent of total land/EEZ area,2008
CRI,Costa Rica,ALL_INC_POINTS,"All, including data recorded as points",MARINE,Marine,PCNT,Percent of total land/EEZ area,2009
CRI,Costa Rica,ALL_INC_POINTS,"All, including data recorded as points",MARINE,Marine,PCNT,Percent of total land/EEZ area,2010
CRI,Costa Rica,ALL_INC_POINTS,"All, including data recorded as points",MARINE,Marine,PCNT,Percent of total land/EEZ area,2011
CRI,Costa Rica,ALL_INC_POINTS,"All, including data recorded as points",MARINE,Marine,PCNT,Percent of total land/EEZ area,2012
CRI,Costa Rica,ALL_INC_POINTS,"All, including data recorded as points",MARINE,Marine,PCNT,Percent of total land/EEZ area,2013
CRI,Costa Rica,ALL_INC_POINTS,"All, including data recorded as points",MARINE,Marine,PCNT,Percent of total land/EEZ area,2014
CRI,Costa Rica,ALL_INC_POINTS,"All, including data recorded as points",MARINE,Marine,PCNT,Percent of total land/EEZ area,2015
CRI,Costa Rica,ALL_INC_POINTS,"All, including data recorded as points",MARINE,Marine,PCNT,Percent of total land/EEZ area,2016
CRI,Costa Rica,ALL_INC_POINTS,"All, including data recorded as points",MARINE,Marine,PCNT,Percent of total land/EEZ area,2017
CRI,Costa Rica,ALL_INC_POINTS,"All, including data recorded as points",MARINE,Marine,PCNT,Percent of total land/EEZ area,2018
CRI,Costa Rica,ALL_INC_POINTS,"All, including data recorded as points",MARINE,Marine,PCNT,Percent of total land/EEZ area,2019
CRI,Costa Rica,ALL_INC_POINTS,"All, including data recorded as points",MARINE,Marine,PCNT,Percent of total land/EEZ area,2020
CRI,Costa Rica,ALL_INC_POINTS,"All, including data recorded as points",MARINE,Marine,PCNT,Percent of total land/EEZ area,2021
HRV,Croatia,ALL_INC_POINTS,"All, including data recorded as points",MARINE,Marine,PCNT,Percent of total land/EEZ area,1950
HRV,Croatia,ALL_INC_POINTS,"All, including data recorded as points",MARINE,Marine,PCNT,Percent of total land/EEZ area,1960
HRV,Croatia,ALL_INC_POINTS,"All, including data recorded as points",MARINE,Marine,PCNT,Percent of total land/EEZ area,1970
HRV,Croatia,ALL_INC_POINTS,"All, including data recorded as points",MARINE,Marine,PCNT,Percent of total land/EEZ area,1980
HRV,Croatia,ALL_INC_POINTS,"All, including data recorded as points",MARINE,Marine,PCNT,Percent of total land/EEZ area,1985
HRV,Croatia,ALL_INC_POINTS,"All, including data recorded as points",MARINE,Marine,PCNT,Percent of total land/EEZ area,1990
HRV,Croatia,ALL_INC_POINTS,"All, including data recorded as points",MARINE,Marine,PCNT,Percent of total land/EEZ area,1995
HRV,Croatia,ALL_INC_POINTS,"All, including data recorded as points",MARINE,Marine,PCNT,Percent of total land/EEZ area,2000
HRV,Croatia,ALL_INC_POINTS,"All, including data recorded as points",MARINE,Marine,PCNT,Percent of total land/EEZ area,2001
HRV,Croatia,ALL_INC_POINTS,"All, including data recorded as points",MARINE,Marine,PCNT,Percent of total land/EEZ area,2002
HRV,Croatia,ALL_INC_POINTS,"All, including data recorded as points",MARINE,Marine,PCNT,Percent of total land/EEZ area,2003
HRV,Croatia,ALL_INC_POINTS,"All, including data recorded as points",MARINE,Marine,PCNT,Percent of total land/EEZ area,2004
HRV,Croatia,ALL_INC_POINTS,"All, including data recorded as points",MARINE,Marine,PCNT,Percent of total land/EEZ area,2005
HRV,Croatia,ALL_INC_POINTS,"All, including data recorded as points",MARINE,Marine,PCNT,Percent of total land/EEZ area,2006
HRV,Croatia,ALL_INC_POINTS,"All, including data recorded as points",MARINE,Marine,PCNT,Percent of total land/EEZ area,2007
HRV,Croatia,ALL_INC_POINTS,"All, including data recorded as points",MARINE,Marine,PCNT,Percent of total land/EEZ area,2008
HRV,Croatia,ALL_INC_POINTS,"All, including data recorded as points",MARINE,Marine,PCNT,Percent of total land/EEZ area,2009
HRV,Croatia,ALL_INC_POINTS,"All, including data recorded as points",MARINE,Marine,PCNT,Percent of total land/EEZ area,2010
HRV,Croatia,ALL_INC_POINTS,"All, including data recorded as points",MARINE,Marine,PCNT,Percent of total land/EEZ area,2011
HRV,Croatia,ALL_INC_POINTS,"All, including data recorded as points",MARINE,Marine,PCNT,Percent of total land/EEZ area,2012
HRV,Croatia,ALL_INC_POINTS,"All, including data recorded as points",MARINE,Marine,PCNT,Percent of total land/EEZ area,2013
HRV,Croatia,ALL_INC_POINTS,"All, including data recorded as points",MARINE,Marine,PCNT,Percent of total land/EEZ area,2014
HRV,Croatia,ALL_INC_POINTS,"All, including data recorded as points",MARINE,Marine,PCNT,Percent of total land/EEZ area,2015
HRV,Croatia,ALL_INC_POINTS,"All, including data recorded as points",MARINE,Marine,PCNT,Percent of total land/EEZ area,2016
HRV,Croatia,ALL_INC_POINTS,"All, including data recorded as points",MARINE,Marine,PCNT,Percent of total land/EEZ area,2017
HRV,Croatia,ALL_INC_POINTS,"All, including data recorded as points",MARINE,Marine,PCNT,Percent of total land/EEZ area,2018
HRV,Croatia,ALL_INC_POINTS,"All, including data recorded as points",MARINE,Marine,PCNT,Percent of total land/EEZ area,2019
HRV,Croatia,ALL_INC_POINTS,"All, including data recorded as points",MARINE,Marine,PCNT,Percent of total land/EEZ area,2020
HRV,Croatia,ALL_INC_POINTS,"All, including data recorded as points",MARINE,Marine,PCNT,Percent of total land/EEZ area,2021
CYP,Cyprus,ALL_INC_POINTS,"All, including data recorded as points",MARINE,Marine,PCNT,Percent of total land/EEZ area,1950
CYP,Cyprus,ALL_INC_POINTS,"All, including data recorded as points",MARINE,Marine,PCNT,Percent of total land/EEZ area,1960
CYP,Cyprus,ALL_INC_POINTS,"All, including data recorded as points",MARINE,Marine,PCNT,Percent of total land/EEZ area,1970
CYP,Cyprus,ALL_INC_POINTS,"All, including data recorded as points",MARINE,Marine,PCNT,Percent of total land/EEZ area,1980
CYP,Cyprus,ALL_INC_POINTS,"All, including data recorded as points",MARINE,Marine,PCNT,Percent of total land/EEZ area,1985
CYP,Cyprus,ALL_INC_POINTS,"All, including data recorded as points",MARINE,Marine,PCNT,Percent of total land/EEZ area,1990
CYP,Cyprus,ALL_INC_POINTS,"All, including data recorded as points",MARINE,Marine,PCNT,Percent of total land/EEZ area,1995
CYP,Cyprus,ALL_INC_POINTS,"All, including data recorded as points",MARINE,Marine,PCNT,Percent of total land/EEZ area,2000
CYP,Cyprus,ALL_INC_POINTS,"All, including data recorded as points",MARINE,Marine,PCNT,Percent of total land/EEZ area,2001
CYP,Cyprus,ALL_INC_POINTS,"All, including data recorded as points",MARINE,Marine,PCNT,Percent of total land/EEZ area,2002
CYP,Cyprus,ALL_INC_POINTS,"All, including data recorded as points",MARINE,Marine,PCNT,Percent of total land/EEZ area,2003
CYP,Cyprus,ALL_INC_POINTS,"All, including data recorded as points",MARINE,Marine,PCNT,Percent of total land/EEZ area,2004
CYP,Cyprus,ALL_INC_POINTS,"All, including data recorded as points",MARINE,Marine,PCNT,Percent of total land/EEZ area,2005
CYP,Cyprus,ALL_INC_POINTS,"All, including data recorded as points",MARINE,Marine,PCNT,Percent of total land/EEZ area,2006
CYP,Cyprus,ALL_INC_POINTS,"All, including data recorded as points",MARINE,Marine,PCNT,Percent of total land/EEZ area,2007
CYP,Cyprus,ALL_INC_POINTS,"All, including data recorded as points",MARINE,Marine,PCNT,Percent of total land/EEZ area,2008
CYP,Cyprus,ALL_INC_POINTS,"All, including data recorded as points",MARINE,Marine,PCNT,Percent of total land/EEZ area,2009
CYP,Cyprus,ALL_INC_POINTS,"All, including data recorded as points",MARINE,Marine,PCNT,Percent of total land/EEZ area,2010
CYP,Cyprus,ALL_INC_POINTS,"All, including data recorded as points",MARINE,Marine,PCNT,Percent of total land/EEZ area,2011
CYP,Cyprus,ALL_INC_POINTS,"All, including data recorded as points",MARINE,Marine,PCNT,Percent of total land/EEZ area,2012
CYP,Cyprus,ALL_INC_POINTS,"All, including data recorded as points",MARINE,Marine,PCNT,Percent of total land/EEZ area,2013
CYP,Cyprus,ALL_INC_POINTS,"All, including data recorded as points",MARINE,Marine,PCNT,Percent of total land/EEZ area,2014
CYP,Cyprus,ALL_INC_POINTS,"All, including data recorded as points",MARINE,Marine,PCNT,Percent of total land/EEZ area,2015
CYP,Cyprus,ALL_INC_POINTS,"All, including data recorded as points",MARINE,Marine,PCNT,Percent of total land/EEZ area,2016
CYP,Cyprus,ALL_INC_POINTS,"All, including data recorded as points",MARINE,Marine,PCNT,Percent of total land/EEZ area,2017
CYP,Cyprus,ALL_INC_POINTS,"All, including data recorded as points",MARINE,Marine,PCNT,Percent of total land/EEZ area,2018
CYP,Cyprus,ALL_INC_POINTS,"All, including data recorded as points",MARINE,Marine,PCNT,Percent of total land/EEZ area,2019
CYP,Cyprus,ALL_INC_POINTS,"All, including data recorded as points",MARINE,Marine,PCNT,Percent of total land/EEZ area,2020
CYP,Cyprus,ALL_INC_POINTS,"All, including data recorded as points",MARINE,Marine,PCNT,Percent of total land/EEZ area,2021
EST,Estonia,ALL_INC_POINTS,"All, including data recorded as points",MARINE,Marine,PCNT,Percent of total land/EEZ area,1950
EST,Estonia,ALL_INC_POINTS,"All, including data recorded as points",MARINE,Marine,PCNT,Percent of total land/EEZ area,1960
EST,Estonia,ALL_INC_POINTS,"All, including data recorded as points",MARINE,Marine,PCNT,Percent of total land/EEZ area,1970
EST,Estonia,ALL_INC_POINTS,"All, including data recorded as points",MARINE,Marine,PCNT,Percent of total land/EEZ area,1980
EST,Estonia,ALL_INC_POINTS,"All, including data recorded as points",MARINE,Marine,PCNT,Percent of total land/EEZ area,1985
EST,Estonia,ALL_INC_POINTS,"All, including data recorded as points",MARINE,Marine,PCNT,Percent of total land/EEZ area,1990
EST,Estonia,ALL_INC_POINTS,"All, including data recorded as points",MARINE,Marine,PCNT,Percent of total land/EEZ area,1995
EST,Estonia,ALL_INC_POINTS,"All, including data recorded as points",MARINE,Marine,PCNT,Percent of total land/EEZ area,2000
EST,Estonia,ALL_INC_POINTS,"All, including data recorded as points",MARINE,Marine,PCNT,Percent of total land/EEZ area,2001
EST,Estonia,ALL_INC_POINTS,"All, including data recorded as points",MARINE,Marine,PCNT,Percent of total land/EEZ area,2002
EST,Estonia,ALL_INC_POINTS,"All, including data recorded as points",MARINE,Marine,PCNT,Percent of total land/EEZ area,2003
EST,Estonia,ALL_INC_POINTS,"All, including data recorded as points",MARINE,Marine,PCNT,Percent of total land/EEZ area,2004
EST,Estonia,ALL_INC_POINTS,"All, including data recorded as points",MARINE,Marine,PCNT,Percent of total land/EEZ area,2005
EST,Estonia,ALL_INC_POINTS,"All, including data recorded as points",MARINE,Marine,PCNT,Percent of total land/EEZ area,2006
EST,Estonia,ALL_INC_POINTS,"All, including data recorded as points",MARINE,Marine,PCNT,Percent of total land/EEZ area,2007
EST,Estonia,ALL_INC_POINTS,"All, including data recorded as points",MARINE,Marine,PCNT,Percent of total land/EEZ area,2008
EST,Estonia,ALL_INC_POINTS,"All, including data recorded as points",MARINE,Marine,PCNT,Percent of total land/EEZ area,2009
EST,Estonia,ALL_INC_POINTS,"All, including data recorded as points",MARINE,Marine,PCNT,Percent of total land/EEZ area,2010
EST,Estonia,ALL_INC_POINTS,"All, including data recorded as points",MARINE,Marine,PCNT,Percent of total land/EEZ area,2011
EST,Estonia,ALL_INC_POINTS,"All, including data recorded as points",MARINE,Marine,PCNT,Percent of total land/EEZ area,2012
EST,Estonia,ALL_INC_POINTS,"All, including data recorded as points",MARINE,Marine,PCNT,Percent of total land/EEZ area,2013
EST,Estonia,ALL_INC_POINTS,"All, including data recorded as points",MARINE,Marine,PCNT,Percent of total land/EEZ area,2014
EST,Estonia,ALL_INC_POINTS,"All, including data recorded as points",MARINE,Marine,PCNT,Percent of total land/EEZ area,2015
EST,Estonia,ALL_INC_POINTS,"All, including data recorded as points",MARINE,Marine,PCNT,Percent of total land/EEZ area,2016
EST,Estonia,ALL_INC_POINTS,"All, including data recorded as points",MARINE,Marine,PCNT,Percent of total land/EEZ area,2017
EST,Estonia,ALL_INC_POINTS,"All, including data recorded as points",MARINE,Marine,PCNT,Percent of total land/EEZ area,2018
EST,Estonia,ALL_INC_POINTS,"All, including data recorded as points",MARINE,Marine,PCNT,Percent of total land/EEZ area,2019
EST,Estonia,ALL_INC_POINTS,"All, including data recorded as points",MARINE,Marine,PCNT,Percent of total land/EEZ area,2020
EST,Estonia,ALL_INC_POINTS,"All, including data recorded as points",MARINE,Marine,PCNT,Percent of total land/EEZ area,2021
FRO,Faeroe Islands,ALL_INC_POINTS,"All, including data recorded as points",MARINE,Marine,PCNT,Percent of total land/EEZ area,1950
FRO,Faeroe Islands,ALL_INC_POINTS,"All, including data recorded as points",MARINE,Marine,PCNT,Percent of total land/EEZ area,1960
FRO,Faeroe Islands,ALL_INC_POINTS,"All, including data recorded as points",MARINE,Marine,PCNT,Percent of total land/EEZ area,1970
FRO,Faeroe Islands,ALL_INC_POINTS,"All, including data recorded as points",MARINE,Marine,PCNT,Percent of total land/EEZ area,1980
FRO,Faeroe Islands,ALL_INC_POINTS,"All, including data recorded as points",MARINE,Marine,PCNT,Percent of total land/EEZ area,1985
FRO,Faeroe Islands,ALL_INC_POINTS,"All, including data recorded as points",MARINE,Marine,PCNT,Percent of total land/EEZ area,1990
FRO,Faeroe Islands,ALL_INC_POINTS,"All, including data recorded as points",MARINE,Marine,PCNT,Percent of total land/EEZ area,1995
FRO,Faeroe Islands,ALL_INC_POINTS,"All, including data recorded as points",MARINE,Marine,PCNT,Percent of total land/EEZ area,2000
FRO,Faeroe Islands,ALL_INC_POINTS,"All, including data recorded as points",MARINE,Marine,PCNT,Percent of total land/EEZ area,2001
FRO,Faeroe Islands,ALL_INC_POINTS,"All, including data recorded as points",MARINE,Marine,PCNT,Percent of total land/EEZ area,2002
FRO,Faeroe Islands,ALL_INC_POINTS,"All, including data recorded as points",MARINE,Marine,PCNT,Percent of total land/EEZ area,2003
FRO,Faeroe Islands,ALL_INC_POINTS,"All, including data recorded as points",MARINE,Marine,PCNT,Percent of total land/EEZ area,2004
FRO,Faeroe Islands,ALL_INC_POINTS,"All, including data recorded as points",MARINE,Marine,PCNT,Percent of total land/EEZ area,2005
FRO,Faeroe Islands,ALL_INC_POINTS,"All, including data recorded as points",MARINE,Marine,PCNT,Percent of total land/EEZ area,2006
FRO,Faeroe Islands,ALL_INC_POINTS,"All, including data recorded as points",MARINE,Marine,PCNT,Percent of total land/EEZ area,2007
FRO,Faeroe Islands,ALL_INC_POINTS,"All, including data recorded as points",MARINE,Marine,PCNT,Percent of total land/EEZ area,2008
FRO,Faeroe Islands,ALL_INC_POINTS,"All, including data recorded as points",MARINE,Marine,PCNT,Percent of total land/EEZ area,2009
FRO,Faeroe Islands,ALL_INC_POINTS,"All, including data recorded as points",MARINE,Marine,PCNT,Percent of total land/EEZ area,2010
FRO,Faeroe Islands,ALL_INC_POINTS,"All, including data recorded as points",MARINE,Marine,PCNT,Percent of total land/EEZ area,2011
FRO,Faeroe Islands,ALL_INC_POINTS,"All, including data recorded as points",MARINE,Marine,PCNT,Percent of total land/EEZ area,2012
FRO,Faeroe Islands,ALL_INC_POINTS,"All, including data recorded as points",MARINE,Marine,PCNT,Percent of total land/EEZ area,2013
FRO,Faeroe Islands,ALL_INC_POINTS,"All, including data recorded as points",MARINE,Marine,PCNT,Percent of total land/EEZ area,2014
FRO,Faeroe Islands,ALL_INC_POINTS,"All, including data recorded as points",MARINE,Marine,PCNT,Percent of total land/EEZ area,2015
FRO,Faeroe Islands,ALL_INC_POINTS,"All, including data recorded as points",MARINE,Marine,PCNT,Percent of total land/EEZ area,2016
FRO,Faeroe Islands,ALL_INC_POINTS,"All, including data recorded as points",MARINE,Marine,PCNT,Percent of total land/EEZ area,2017
FRO,Faeroe Islands,ALL_INC_POINTS,"All, including data recorded as points",MARINE,Marine,PCNT,Percent of total land/EEZ area,2018
FRO,Faeroe Islands,ALL_INC_POINTS,"All, including data recorded as points",MARINE,Marine,PCNT,Percent of total land/EEZ area,2019
FRO,Faeroe Islands,ALL_INC_POINTS,"All, including data recorded as points",MARINE,Marine,PCNT,Percent of total land/EEZ area,2020
FRO,Faeroe Islands,ALL_INC_POINTS,"All, including data recorded as points",MARINE,Marine,PCNT,Percent of total land/EEZ area,2021
FLK,Falkland Islands (Malvinas),ALL_INC_POINTS,"All, including data recorded as points",MARINE,Marine,PCNT,Percent of total land/EEZ area,1950
FLK,Falkland Islands (Malvinas),ALL_INC_POINTS,"All, including data recorded as points",MARINE,Marine,PCNT,Percent of total land/EEZ area,1960
FLK,Falkland Islands (Malvinas),ALL_INC_POINTS,"All, including data recorded as points",MARINE,Marine,PCNT,Percent of total land/EEZ area,1970
FLK,Falkland Islands (Malvinas),ALL_INC_POINTS,"All, including data recorded as points",MARINE,Marine,PCNT,Percent of total land/EEZ area,1980
FLK,Falkland Islands (Malvinas),ALL_INC_POINTS,"All, including data recorded as points",MARINE,Marine,PCNT,Percent of total land/EEZ area,1985
FLK,Falkland Islands (Malvinas),ALL_INC_POINTS,"All, including data recorded as points",MARINE,Marine,PCNT,Percent of total land/EEZ area,1990
FLK,Falkland Islands (Malvinas),ALL_INC_POINTS,"All, including data recorded as points",MARINE,Marine,PCNT,Percent of total land/EEZ area,1995
FLK,Falkland Islands (Malvinas),ALL_INC_POINTS,"All, including data recorded as points",MARINE,Marine,PCNT,Percent of total land/EEZ area,2000
FLK,Falkland Islands (Malvinas),ALL_INC_POINTS,"All, including data recorded as points",MARINE,Marine,PCNT,Percent of total land/EEZ area,2001
FLK,Falkland Islands (Malvinas),ALL_INC_POINTS,"All, including data recorded as points",MARINE,Marine,PCNT,Percent of total land/EEZ area,2002
FLK,Falkland Islands (Malvinas),ALL_INC_POINTS,"All, including data recorded as points",MARINE,Marine,PCNT,Percent of total land/EEZ area,2003
FLK,Falkland Islands (Malvinas),ALL_INC_POINTS,"All, including data recorded as points",MARINE,Marine,PCNT,Percent of total land/EEZ area,2004
FLK,Falkland Islands (Malvinas),ALL_INC_POINTS,"All, including data recorded as points",MARINE,Marine,PCNT,Percent of total land/EEZ area,2005
FLK,Falkland Islands (Malvinas),ALL_INC_POINTS,"All, including data recorded as points",MARINE,Marine,PCNT,Percent of total land/EEZ area,2006
FLK,Falkland Islands (Malvinas),ALL_INC_POINTS,"All, including data recorded as points",MARINE,Marine,PCNT,Percent of total land/EEZ area,2007
FLK,Falkland Islands (Malvinas),ALL_INC_POINTS,"All, including data recorded as points",MARINE,Marine,PCNT,Percent of total land/EEZ area,2008
FLK,Falkland Islands (Malvinas),ALL_INC_POINTS,"All, including data recorded as points",MARINE,Marine,PCNT,Percent of total land/EEZ area,2009
FLK,Falkland Islands (Malvinas),ALL_INC_POINTS,"All, including data recorded as points",MARINE,Marine,PCNT,Percent of total land/EEZ area,2010
FLK,Falkland Islands (Malvinas),ALL_INC_POINTS,"All, including data recorded as points",MARINE,Marine,PCNT,Percent of total land/EEZ area,2011
FLK,Falkland Islands (Malvinas),ALL_INC_POINTS,"All, including data recorded as points",MARINE,Marine,PCNT,Percent of total land/EEZ area,2012
FLK,Falkland Islands (Malvinas),ALL_INC_POINTS,"All, including data recorded as points",MARINE,Marine,PCNT,Percent of total land/EEZ area,2013
FLK,Falkland Islands (Malvinas),ALL_INC_POINTS,"All, including data recorded as points",MARINE,Marine,PCNT,Percent of total land/EEZ area,2014
FLK,Falkland Islands (Malvinas),ALL_INC_POINTS,"All, including data recorded as points",MARINE,Marine,PCNT,Percent of total land/EEZ area,2015
FLK,Falkland Islands (Malvinas),ALL_INC_POINTS,"All, including data recorded as points",MARINE,Marine,PCNT,Percent of total land/EEZ area,2016
FLK,Falkland Islands (Malvinas),ALL_INC_POINTS,"All, including data recorded as points",MARINE,Marine,PCNT,Percent of total land/EEZ area,2017
FLK,Falkland Islands (Malvinas),ALL_INC_POINTS,"All, including data recorded as points",MARINE,Marine,PCNT,Percent of total land/EEZ area,2018
FLK,Falkland Islands (Malvinas),ALL_INC_POINTS,"All, including data recorded as points",MARINE,Marine,PCNT,Percent of total land/EEZ area,2019
FLK,Falkland Islands (Malvinas),ALL_INC_POINTS,"All, including data recorded as points",MARINE,Marine,PCNT,Percent of total land/EEZ area,2020
FLK,Falkland Islands (Malvinas),ALL_INC_POINTS,"All, including data recorded as points",MARINE,Marine,PCNT,Percent of total land/EEZ area,2021
GUF,French Guiana,ALL_INC_POINTS,"All, including data recorded as points",MARINE,Marine,PCNT,Percent of total land/EEZ area,1950
GUF,French Guiana,ALL_INC_POINTS,"All, including data recorded as points",MARINE,Marine,PCNT,Percent of total land/EEZ area,1960
GUF,French Guiana,ALL_INC_POINTS,"All, including data recorded as points",MARINE,Marine,PCNT,Percent of total land/EEZ area,1970
GUF,French Guiana,ALL_INC_POINTS,"All, including data recorded as points",MARINE,Marine,PCNT,Percent of total land/EEZ area,1980
GUF,French Guiana,ALL_INC_POINTS,"All, including data recorded as points",MARINE,Marine,PCNT,Percent of total land/EEZ area,1985
GUF,French Guiana,ALL_INC_POINTS,"All, including data recorded as points",MARINE,Marine,PCNT,Percent of total land/EEZ area,1990
GUF,French Guiana,ALL_INC_POINTS,"All, including data recorded as points",MARINE,Marine,PCNT,Percent of total land/EEZ area,1995
GUF,French Guiana,ALL_INC_POINTS,"All, including data recorded as points",MARINE,Marine,PCNT,Percent of total land/EEZ area,2000
GUF,French Guiana,ALL_INC_POINTS,"All, including data recorded as points",MARINE,Marine,PCNT,Percent of total land/EEZ area,2001
GUF,French Guiana,ALL_INC_POINTS,"All, including data recorded as points",MARINE,Marine,PCNT,Percent of total land/EEZ area,2002
GUF,French Guiana,ALL_INC_POINTS,"All, including data recorded as points",MARINE,Marine,PCNT,Percent of total land/EEZ area,2003
GUF,French Guiana,ALL_INC_POINTS,"All, including data recorded as points",MARINE,Marine,PCNT,Percent of total land/EEZ area,2004
GUF,French Guiana,ALL_INC_POINTS,"All, including data recorded as points",MARINE,Marine,PCNT,Percent of total land/EEZ area,2005
GUF,French Guiana,ALL_INC_POINTS,"All, including data recorded as points",MARINE,Marine,PCNT,Percent of total land/EEZ area,2006
GUF,French Guiana,ALL_INC_POINTS,"All, including data recorded as points",MARINE,Marine,PCNT,Percent of total land/EEZ area,2007
GUF,French Guiana,ALL_INC_POINTS,"All, including data recorded as points",MARINE,Marine,PCNT,Percent of total land/EEZ area,2008
GUF,French Guiana,ALL_INC_POINTS,"All, including data recorded as points",MARINE,Marine,PCNT,Percent of total land/EEZ area,2009
GUF,French Guiana,ALL_INC_POINTS,"All, including data recorded as points",MARINE,Marine,PCNT,Percent of total land/EEZ area,2010
GUF,French Guiana,ALL_INC_POINTS,"All, including data recorded as points",MARINE,Marine,PCNT,Percent of total land/EEZ area,2011
GUF,French Guiana,ALL_INC_POINTS,"All, including data recorded as points",MARINE,Marine,PCNT,Percent of total land/EEZ area,2012
GUF,French Guiana,ALL_INC_POINTS,"All, including data recorded as points",MARINE,Marine,PCNT,Percent of total land/EEZ area,2013
GUF,French Guiana,ALL_INC_POINTS,"All, including data recorded as points",MARINE,Marine,PCNT,Percent of total land/EEZ area,2014
GUF,French Guiana,ALL_INC_POINTS,"All, including data recorded as points",MARINE,Marine,PCNT,Percent of total land/EEZ area,2015
GUF,French Guiana,ALL_INC_POINTS,"All, including data recorded as points",MARINE,Marine,PCNT,Percent of total land/EEZ area,2016
GUF,French Guiana,ALL_INC_POINTS,"All, including data recorded as points",MARINE,Marine,PCNT,Percent of total land/EEZ area,2017
GUF,French Guiana,ALL_INC_POINTS,"All, including data recorded as points",MARINE,Marine,PCNT,Percent of total land/EEZ area,2018
GUF,French Guiana,ALL_INC_POINTS,"All, including data recorded as points",MARINE,Marine,PCNT,Percent of total land/EEZ area,2019
GUF,French Guiana,ALL_INC_POINTS,"All, including data recorded as points",MARINE,Marine,PCNT,Percent of total land/EEZ area,2020
GUF,French Guiana,ALL_INC_POINTS,"All, including data recorded as points",MARINE,Marine,PCNT,Percent of total land/EEZ area,2021
PYF,French Polynesia,ALL_INC_POINTS,"All, including data recorded as points",MARINE,Marine,PCNT,Percent of total land/EEZ area,1950
PYF,French Polynesia,ALL_INC_POINTS,"All, including data recorded as points",MARINE,Marine,PCNT,Percent of total land/EEZ area,1960
PYF,French Polynesia,ALL_INC_POINTS,"All, including data recorded as points",MARINE,Marine,PCNT,Percent of total land/EEZ area,1970
PYF,French Polynesia,ALL_INC_POINTS,"All, including data recorded as points",MARINE,Marine,PCNT,Percent of total land/EEZ area,1980
PYF,French Polynesia,ALL_INC_POINTS,"All, including data recorded as points",MARINE,Marine,PCNT,Percent of total land/EEZ area,1985
PYF,French Polynesia,ALL_INC_POINTS,"All, including data recorded as points",MARINE,Marine,PCNT,Percent of total land/EEZ area,1990
PYF,French Polynesia,ALL_INC_POINTS,"All, including data recorded as points",MARINE,Marine,PCNT,Percent of total land/EEZ area,1995
PYF,French Polynesia,ALL_INC_POINTS,"All, including data recorded as points",MARINE,Marine,PCNT,Percent of total land/EEZ area,2000
PYF,French Polynesia,ALL_INC_POINTS,"All, including data recorded as points",MARINE,Marine,PCNT,Percent of total land/EEZ area,2001
PYF,French Polynesia,ALL_INC_POINTS,"All, including data recorded as points",MARINE,Marine,PCNT,Percent of total land/EEZ area,2002
PYF,French Polynesia,ALL_INC_POINTS,"All, including data recorded as points",MARINE,Marine,PCNT,Percent of total land/EEZ area,2003
PYF,French Polynesia,ALL_INC_POINTS,"All, including data recorded as points",MARINE,Marine,PCNT,Percent of total land/EEZ area,2004
PYF,French Polynesia,ALL_INC_POINTS,"All, including data recorded as points",MARINE,Marine,PCNT,Percent of total land/EEZ area,2005
PYF,French Polynesia,ALL_INC_POINTS,"All, including data recorded as points",MARINE,Marine,PCNT,Percent of total land/EEZ area,2006
PYF,French Polynesia,ALL_INC_POINTS,"All, including data recorded as points",MARINE,Marine,PCNT,Percent of total land/EEZ area,2007
PYF,French Polynesia,ALL_INC_POINTS,"All, including data recorded as points",MARINE,Marine,PCNT,Percent of total land/EEZ area,2008
PYF,French Polynesia,ALL_INC_POINTS,"All, including data recorded as points",MARINE,Marine,PCNT,Percent of total land/EEZ area,2009
PYF,French Polynesia,ALL_INC_POINTS,"All, including data recorded as points",MARINE,Marine,PCNT,Percent of total land/EEZ area,2010
PYF,French Polynesia,ALL_INC_POINTS,"All, including data recorded as points",MARINE,Marine,PCNT,Percent of total land/EEZ area,2011
PYF,French Polynesia,ALL_INC_POINTS,"All, including data recorded as points",MARINE,Marine,PCNT,Percent of total land/EEZ area,2012
PYF,French Polynesia,ALL_INC_POINTS,"All, including data recorded as points",MARINE,Marine,PCNT,Percent of total land/EEZ area,2013
PYF,French Polynesia,ALL_INC_POINTS,"All, including data recorded as points",MARINE,Marine,PCNT,Percent of total land/EEZ area,2014
PYF,French Polynesia,ALL_INC_POINTS,"All, including data recorded as points",MARINE,Marine,PCNT,Percent of total land/EEZ area,2015
PYF,French Polynesia,ALL_INC_POINTS,"All, including data recorded as points",MARINE,Marine,PCNT,Percent of total land/EEZ area,2016
PYF,French Polynesia,ALL_INC_POINTS,"All, including data recorded as points",MARINE,Marine,PCNT,Percent of total land/EEZ area,2017
PYF,French Polynesia,ALL_INC_POINTS,"All, including data recorded as points",MARINE,Marine,PCNT,Percent of total land/EEZ area,2018
PYF,French Polynesia,ALL_INC_POINTS,"All, including data recorded as points",MARINE,Marine,PCNT,Percent of total land/EEZ area,2019
PYF,French Polynesia,ALL_INC_POINTS,"All, including data recorded as points",MARINE,Marine,PCNT,Percent of total land/EEZ area,2020
PYF,French Polynesia,ALL_INC_POINTS,"All, including data recorded as points",MARINE,Marine,PCNT,Percent of total land/EEZ area,2021
GEO,Georgia,ALL_INC_POINTS,"All, including data recorded as points",MARINE,Marine,PCNT,Percent of total land/EEZ area,1950
GEO,Georgia,ALL_INC_POINTS,"All, including data recorded as points",MARINE,Marine,PCNT,Percent of total land/EEZ area,1960
GEO,Georgia,ALL_INC_POINTS,"All, including data recorded as points",MARINE,Marine,PCNT,Percent of total land/EEZ area,1970
GEO,Georgia,ALL_INC_POINTS,"All, including data recorded as points",MARINE,Marine,PCNT,Percent of total land/EEZ area,1980
GEO,Georgia,ALL_INC_POINTS,"All, including data recorded as points",MARINE,Marine,PCNT,Percent of total land/EEZ area,1985
GEO,Georgia,ALL_INC_POINTS,"All, including data recorded as points",MARINE,Marine,PCNT,Percent of total land/EEZ area,1990
GEO,Georgia,ALL_INC_POINTS,"All, including data recorded as points",MARINE,Marine,PCNT,Percent of total land/EEZ area,1995
GEO,Georgia,ALL_INC_POINTS,"All, including data recorded as points",MARINE,Marine,PCNT,Percent of total land/EEZ area,2000
GEO,Georgia,ALL_INC_POINTS,"All, including data recorded as points",MARINE,Marine,PCNT,Percent of total land/EEZ area,2001
GEO,Georgia,ALL_INC_POINTS,"All, including data recorded as points",MARINE,Marine,PCNT,Percent of total land/EEZ area,2002
GEO,Georgia,ALL_INC_POINTS,"All, including data recorded as points",MARINE,Marine,PCNT,Percent of total land/EEZ area,2003
GEO,Georgia,ALL_INC_POINTS,"All, including data recorded as points",MARINE,Marine,PCNT,Percent of total land/EEZ area,2004
GEO,Georgia,ALL_INC_POINTS,"All, including data recorded as points",MARINE,Marine,PCNT,Percent of total land/EEZ area,2005
GEO,Georgia,ALL_INC_POINTS,"All, including data recorded as points",MARINE,Marine,PCNT,Percent of total land/EEZ area,2006
GEO,Georgia,ALL_INC_POINTS,"All, including data recorded as points",MARINE,Marine,PCNT,Percent of total land/EEZ area,2007
GEO,Georgia,ALL_INC_POINTS,"All, including data recorded as points",MARINE,Marine,PCNT,Percent of total land/EEZ area,2008
GEO,Georgia,ALL_INC_POINTS,"All, including data recorded as points",MARINE,Marine,PCNT,Percent of total land/EEZ area,2009
GEO,Georgia,ALL_INC_POINTS,"All, including data recorded as points",MARINE,Marine,PCNT,Percent of total land/EEZ area,2010
GEO,Georgia,ALL_INC_POINTS,"All, including data recorded as points",MARINE,Marine,PCNT,Percent of total land/EEZ area,2011
GEO,Georgia,ALL_INC_POINTS,"All, including data recorded as points",MARINE,Marine,PCNT,Percent of total land/EEZ area,2012
GEO,Georgia,ALL_INC_POINTS,"All, including data recorded as points",MARINE,Marine,PCNT,Percent of total land/EEZ area,2013
GEO,Georgia,ALL_INC_POINTS,"All, including data recorded as points",MARINE,Marine,PCNT,Percent of total land/EEZ area,2014
GEO,Georgia,ALL_INC_POINTS,"All, including data recorded as points",MARINE,Marine,PCNT,Percent of total land/EEZ area,2015
GEO,Georgia,ALL_INC_POINTS,"All, including data recorded as points",MARINE,Marine,PCNT,Percent of total land/EEZ area,2016
GEO,Georgia,ALL_INC_POINTS,"All, including data recorded as points",MARINE,Marine,PCNT,Percent of total land/EEZ area,2017
GEO,Georgia,ALL_INC_POINTS,"All, including data recorded as points",MARINE,Marine,PCNT,Percent of total land/EEZ area,2018
GEO,Georgia,ALL_INC_POINTS,"All, including data recorded as points",MARINE,Marine,PCNT,Percent of total land/EEZ area,2019
GEO,Georgia,ALL_INC_POINTS,"All, including data recorded as points",MARINE,Marine,PCNT,Percent of total land/EEZ area,2020
GEO,Georgia,ALL_INC_POINTS,"All, including data recorded as points",MARINE,Marine,PCNT,Percent of total land/EEZ area,2021
GIB,Gibraltar,ALL_INC_POINTS,"All, including data recorded as points",MARINE,Marine,PCNT,Percent of total land/EEZ area,1950
GIB,Gibraltar,ALL_INC_POINTS,"All, including data recorded as points",MARINE,Marine,PCNT,Percent of total land/EEZ area,1960
GIB,Gibraltar,ALL_INC_POINTS,"All, including data recorded as points",MARINE,Marine,PCNT,Percent of total land/EEZ area,1970
GIB,Gibraltar,ALL_INC_POINTS,"All, including data recorded as points",MARINE,Marine,PCNT,Percent of total land/EEZ area,1980
GIB,Gibraltar,ALL_INC_POINTS,"All, including data recorded as points",MARINE,Marine,PCNT,Percent of total land/EEZ area,1985
GIB,Gibraltar,ALL_INC_POINTS,"All, including data recorded as points",MARINE,Marine,PCNT,Percent of total land/EEZ area,1990
GIB,Gibraltar,ALL_INC_POINTS,"All, including data recorded as points",MARINE,Marine,PCNT,Percent of total land/EEZ area,1995
GIB,Gibraltar,ALL_INC_POINTS,"All, including data recorded as points",MARINE,Marine,PCNT,Percent of total land/EEZ area,2000
GIB,Gibraltar,ALL_INC_POINTS,"All, including data recorded as points",MARINE,Marine,PCNT,Percent of total land/EEZ area,2001
GIB,Gibraltar,ALL_INC_POINTS,"All, including data recorded as points",MARINE,Marine,PCNT,Percent of total land/EEZ area,2002
GIB,Gibraltar,ALL_INC_POINTS,"All, including data recorded as points",MARINE,Marine,PCNT,Percent of total land/EEZ area,2003
GIB,Gibraltar,ALL_INC_POINTS,"All, including data recorded as points",MARINE,Marine,PCNT,Percent of total land/EEZ area,2004
GIB,Gibraltar,ALL_INC_POINTS,"All, including data recorded as points",MARINE,Marine,PCNT,Percent of total land/EEZ area,2005
GIB,Gibraltar,ALL_INC_POINTS,"All, including data recorded as points",MARINE,Marine,PCNT,Percent of total land/EEZ area,2006
GIB,Gibraltar,ALL_INC_POINTS,"All, including data recorded as points",MARINE,Marine,PCNT,Percent of total land/EEZ area,2007
GIB,Gibraltar,ALL_INC_POINTS,"All, including data recorded as points",MARINE,Marine,PCNT,Percent of total land/EEZ area,2008
GIB,Gibraltar,ALL_INC_POINTS,"All, including data recorded as points",MARINE,Marine,PCNT,Percent of total land/EEZ area,2009
GIB,Gibraltar,ALL_INC_POINTS,"All, including data recorded as points",MARINE,Marine,PCNT,Percent of total land/EEZ area,2010
GIB,Gibraltar,ALL_INC_POINTS,"All, including data recorded as points",MARINE,Marine,PCNT,Percent of total land/EEZ area,2011
GIB,Gibraltar,ALL_INC_POINTS,"All, including data recorded as points",MARINE,Marine,PCNT,Percent of total land/EEZ area,2012
GIB,Gibraltar,ALL_INC_POINTS,"All, including data recorded as points",MARINE,Marine,PCNT,Percent of total land/EEZ area,2013
GIB,Gibraltar,ALL_INC_POINTS,"All, including data recorded as points",MARINE,Marine,PCNT,Percent of total land/EEZ area,2014
GIB,Gibraltar,ALL_INC_POINTS,"All, including data recorded as points",MARINE,Marine,PCNT,Percent of total land/EEZ area,2015
GIB,Gibraltar,ALL_INC_POINTS,"All, including data recorded as points",MARINE,Marine,PCNT,Percent of total land/EEZ area,2016
GIB,Gibraltar,ALL_INC_POINTS,"All, including data recorded as points",MARINE,Marine,PCNT,Percent of total land/EEZ area,2017
GIB,Gibraltar,ALL_INC_POINTS,"All, including data recorded as points",MARINE,Marine,PCNT,Percent of total land/EEZ area,2018
GIB,Gibraltar,ALL_INC_POINTS,"All, including data recorded as points",MARINE,Marine,PCNT,Percent of total land/EEZ area,2019
GIB,Gibraltar,ALL_INC_POINTS,"All, including data recorded as points",MARINE,Marine,PCNT,Percent of total land/EEZ area,2020
GIB,Gibraltar,ALL_INC_POINTS,"All, including data recorded as points",MARINE,Marine,PCNT,Percent of total land/EEZ area,2021
GRL,Greenland,ALL_INC_POINTS,"All, including data recorded as points",MARINE,Marine,PCNT,Percent of total land/EEZ area,1950
GRL,Greenland,ALL_INC_POINTS,"All, including data recorded as points",MARINE,Marine,PCNT,Percent of total land/EEZ area,1960
GRL,Greenland,ALL_INC_POINTS,"All, including data recorded as points",MARINE,Marine,PCNT,Percent of total land/EEZ area,1970
GRL,Greenland,ALL_INC_POINTS,"All, including data recorded as points",MARINE,Marine,PCNT,Percent of total land/EEZ area,1980
GRL,Greenland,ALL_INC_POINTS,"All, including data recorded as points",MARINE,Marine,PCNT,Percent of total land/EEZ area,1985
GRL,Greenland,ALL_INC_POINTS,"All, including data recorded as points",MARINE,Marine,PCNT,Percent of total land/EEZ area,1990
GRL,Greenland,ALL_INC_POINTS,"All, including data recorded as points",MARINE,Marine,PCNT,Percent of total land/EEZ area,1995
GRL,Greenland,ALL_INC_POINTS,"All, including data recorded as points",MARINE,Marine,PCNT,Percent of total land/EEZ area,2000
GRL,Greenland,ALL_INC_POINTS,"All, including data recorded as points",MARINE,Marine,PCNT,Percent of total land/EEZ area,2001
GRL,Greenland,ALL_INC_POINTS,"All, including data recorded as points",MARINE,Marine,PCNT,Percent of total land/EEZ area,2002
GRL,Greenland,ALL_INC_POINTS,"All, including data recorded as points",MARINE,Marine,PCNT,Percent of total land/EEZ area,2003
GRL,Greenland,ALL_INC_POINTS,"All, including data recorded as points",MARINE,Marine,PCNT,Percent of total land/EEZ area,2004
GRL,Greenland,ALL_INC_POINTS,"All, including data recorded as points",MARINE,Marine,PCNT,Percent of total land/EEZ area,2005
GRL,Greenland,ALL_INC_POINTS,"All, including data recorded as points",MARINE,Marine,PCNT,Percent of total land/EEZ area,2006
GRL,Greenland,ALL_INC_POINTS,"All, including data recorded as points",MARINE,Marine,PCNT,Percent of total land/EEZ area,2007
GRL,Greenland,ALL_INC_POINTS,"All, including data recorded as points",MARINE,Marine,PCNT,Percent of total land/EEZ area,2008
GRL,Greenland,ALL_INC_POINTS,"All, including data recorded as points",MARINE,Marine,PCNT,Percent of total land/EEZ area,2009
GRL,Greenland,ALL_INC_POINTS,"All, including data recorded as points",MARINE,Marine,PCNT,Percent of total land/EEZ area,2010
GRL,Greenland,ALL_INC_POINTS,"All, including data recorded as points",MARINE,Marine,PCNT,Percent of total land/EEZ area,2011
GRL,Greenland,ALL_INC_POINTS,"All, including data recorded as points",MARINE,Marine,PCNT,Percent of total land/EEZ area,2012
GRL,Greenland,ALL_INC_POINTS,"All, including data recorded as points",MARINE,Marine,PCNT,Percent of total land/EEZ area,2013
GRL,Greenland,ALL_INC_POINTS,"All, including data recorded as points",MARINE,Marine,PCNT,Percent of total land/EEZ area,2014
GRL,Greenland,ALL_INC_POINTS,"All, including data recorded as points",MARINE,Marine,PCNT,Percent of total land/EEZ area,2015
GRL,Greenland,ALL_INC_POINTS,"All, including data recorded as points",MARINE,Marine,PCNT,Percent of total land/EEZ area,2016
GRL,Greenland,ALL_INC_POINTS,"All, including data recorded as points",MARINE,Marine,PCNT,Percent of total land/EEZ area,2017
GRL,Greenland,ALL_INC_POINTS,"All, including data recorded as points",MARINE,Marine,PCNT,Percent of total land/EEZ area,2018
GRL,Greenland,ALL_INC_POINTS,"All, including data recorded as points",MARINE,Marine,PCNT,Percent of total land/EEZ area,2019
GRL,Greenland,ALL_INC_POINTS,"All, including data recorded as points",MARINE,Marine,PCNT,Percent of total land/EEZ area,2020
GRL,Greenland,ALL_INC_POINTS,"All, including data recorded as points",MARINE,Marine,PCNT,Percent of total land/EEZ area,2021
GLP,Guadeloupe,ALL_INC_POINTS,"All, including data recorded as points",MARINE,Marine,PCNT,Percent of total land/EEZ area,1950
GLP,Guadeloupe,ALL_INC_POINTS,"All, including data recorded as points",MARINE,Marine,PCNT,Percent of total land/EEZ area,1960
GLP,Guadeloupe,ALL_INC_POINTS,"All, including data recorded as points",MARINE,Marine,PCNT,Percent of total land/EEZ area,1970
GLP,Guadeloupe,ALL_INC_POINTS,"All, including data recorded as points",MARINE,Marine,PCNT,Percent of total land/EEZ area,1980
GLP,Guadeloupe,ALL_INC_POINTS,"All, including data recorded as points",MARINE,Marine,PCNT,Percent of total land/EEZ area,1985
GLP,Guadeloupe,ALL_INC_POINTS,"All, including data recorded as points",MARINE,Marine,PCNT,Percent of total land/EEZ area,1990
GLP,Guadeloupe,ALL_INC_POINTS,"All, including data recorded as points",MARINE,Marine,PCNT,Percent of total land/EEZ area,1995
GLP,Guadeloupe,ALL_INC_POINTS,"All, including data recorded as points",MARINE,Marine,PCNT,Percent of total land/EEZ area,2000
GLP,Guadeloupe,ALL_INC_POINTS,"All, including data recorded as points",MARINE,Marine,PCNT,Percent of total land/EEZ area,2001
GLP,Guadeloupe,ALL_INC_POINTS,"All, including data recorded as points",MARINE,Marine,PCNT,Percent of total land/EEZ area,2002
GLP,Guadeloupe,ALL_INC_POINTS,"All, including data recorded as points",MARINE,Marine,PCNT,Percent of total land/EEZ area,2003
GLP,Guadeloupe,ALL_INC_POINTS,"All, including data recorded as points",MARINE,Marine,PCNT,Percent of total land/EEZ area,2004
GLP,Guadeloupe,ALL_INC_POINTS,"All, including data recorded as points",MARINE,Marine,PCNT,Percent of total land/EEZ area,2005
GLP,Guadeloupe,ALL_INC_POINTS,"All, including data recorded as points",MARINE,Marine,PCNT,Percent of total land/EEZ area,2006
GLP,Guadeloupe,ALL_INC_POINTS,"All, including data recorded as points",MARINE,Marine,PCNT,Percent of total land/EEZ area,2007
GLP,Guadeloupe,ALL_INC_POINTS,"All, including data recorded as points",MARINE,Marine,PCNT,Percent of total land/EEZ area,2008
GLP,Guadeloupe,ALL_INC_POINTS,"All, including data recorded as points",MARINE,Marine,PCNT,Percent of total land/EEZ area,2009
GLP,Guadeloupe,ALL_INC_POINTS,"All, including data recorded as points",MARINE,Marine,PCNT,Percent of total land/EEZ area,2010
GLP,Guadeloupe,ALL_INC_POINTS,"All, including data recorded as points",MARINE,Marine,PCNT,Percent of total land/EEZ area,2011
GLP,Guadeloupe,ALL_INC_POINTS,"All, including data recorded as points",MARINE,Marine,PCNT,Percent of total land/EEZ area,2012
GLP,Guadeloupe,ALL_INC_POINTS,"All, including data recorded as points",MARINE,Marine,PCNT,Percent of total land/EEZ area,2013
GLP,Guadeloupe,ALL_INC_POINTS,"All, including data recorded as points",MARINE,Marine,PCNT,Percent of total land/EEZ area,2014
GLP,Guadeloupe,ALL_INC_POINTS,"All, including data recorded as points",MARINE,Marine,PCNT,Percent of total land/EEZ area,2015
GLP,Guadeloupe,ALL_INC_POINTS,"All, including data recorded as points",MARINE,Marine,PCNT,Percent of total land/EEZ area,2016
GLP,Guadeloupe,ALL_INC_POINTS,"All, including data recorded as points",MARINE,Marine,PCNT,Percent of total land/EEZ area,2017
GLP,Guadeloupe,ALL_INC_POINTS,"All, including data recorded as points",MARINE,Marine,PCNT,Percent of total land/EEZ area,2018
GLP,Guadeloupe,ALL_INC_POINTS,"All, including data recorded as points",MARINE,Marine,PCNT,Percent of total land/EEZ area,2019
GLP,Guadeloupe,ALL_INC_POINTS,"All, including data recorded as points",MARINE,Marine,PCNT,Percent of total land/EEZ area,2020
GLP,Guadeloupe,ALL_INC_POINTS,"All, including data recorded as points",MARINE,Marine,PCNT,Percent of total land/EEZ area,2021
GUM,Guam,ALL_INC_POINTS,"All, including data recorded as points",MARINE,Marine,PCNT,Percent of total land/EEZ area,1950
GUM,Guam,ALL_INC_POINTS,"All, including data recorded as points",MARINE,Marine,PCNT,Percent of total land/EEZ area,1960
GUM,Guam,ALL_INC_POINTS,"All, including data recorded as points",MARINE,Marine,PCNT,Percent of total land/EEZ area,1970
GUM,Guam,ALL_INC_POINTS,"All, including data recorded as points",MARINE,Marine,PCNT,Percent of total land/EEZ area,1980
GUM,Guam,ALL_INC_POINTS,"All, including data recorded as points",MARINE,Marine,PCNT,Percent of total land/EEZ area,1985
GUM,Guam,ALL_INC_POINTS,"All, including data recorded as points",MARINE,Marine,PCNT,Percent of total land/EEZ area,1990
GUM,Guam,ALL_INC_POINTS,"All, including data recorded as points",MARINE,Marine,PCNT,Percent of total land/EEZ area,1995
GUM,Guam,ALL_INC_POINTS,"All, including data recorded as points",MARINE,Marine,PCNT,Percent of total land/EEZ area,2000
GUM,Guam,ALL_INC_POINTS,"All, including data recorded as points",MARINE,Marine,PCNT,Percent of total land/EEZ area,2001
GUM,Guam,ALL_INC_POINTS,"All, including data recorded as points",MARINE,Marine,PCNT,Percent of total land/EEZ area,2002
GUM,Guam,ALL_INC_POINTS,"All, including data recorded as points",MARINE,Marine,PCNT,Percent of total land/EEZ area,2003
GUM,Guam,ALL_INC_POINTS,"All, including data recorded as points",MARINE,Marine,PCNT,Percent of total land/EEZ area,2004
GUM,Guam,ALL_INC_POINTS,"All, including data recorded as points",MARINE,Marine,PCNT,Percent of total land/EEZ area,2005
GUM,Guam,ALL_INC_POINTS,"All, including data recorded as points",MARINE,Marine,PCNT,Percent of total land/EEZ area,2006
GUM,Guam,ALL_INC_POINTS,"All, including data recorded as points",MARINE,Marine,PCNT,Percent of total land/EEZ area,2007
GUM,Guam,ALL_INC_POINTS,"All, including data recorded as points",MARINE,Marine,PCNT,Percent of total land/EEZ area,2008
GUM,Guam,ALL_INC_POINTS,"All, including data recorded as points",MARINE,Marine,PCNT,Percent of total land/EEZ area,2009
GUM,Guam,ALL_INC_POINTS,"All, including data recorded as points",MARINE,Marine,PCNT,Percent of total land/EEZ area,2010
GUM,Guam,ALL_INC_POINTS,"All, including data recorded as points",MARINE,Marine,PCNT,Percent of total land/EEZ area,2011
GUM,Guam,ALL_INC_POINTS,"All, including data recorded as points",MARINE,Marine,PCNT,Percent of total land/EEZ area,2012
GUM,Guam,ALL_INC_POINTS,"All, including data recorded as points",MARINE,Marine,PCNT,Percent of total land/EEZ area,2013
GUM,Guam,ALL_INC_POINTS,"All, including data recorded as points",MARINE,Marine,PCNT,Percent of total land/EEZ area,2014
GUM,Guam,ALL_INC_POINTS,"All, including data recorded as points",MARINE,Marine,PCNT,Percent of total land/EEZ area,2015
GUM,Guam,ALL_INC_POINTS,"All, including data recorded as points",MARINE,Marine,PCNT,Percent of total land/EEZ area,2016
GUM,Guam,ALL_INC_POINTS,"All, including data recorded as points",MARINE,Marine,PCNT,Percent of total land/EEZ area,2017
GUM,Guam,ALL_INC_POINTS,"All, including data recorded as points",MARINE,Marine,PCNT,Percent of total land/EEZ area,2018
GUM,Guam,ALL_INC_POINTS,"All, including data recorded as points",MARINE,Marine,PCNT,Percent of total land/EEZ area,2019
GUM,Guam,ALL_INC_POINTS,"All, including data recorded as points",MARINE,Marine,PCNT,Percent of total land/EEZ area,2020
GUM,Guam,ALL_INC_POINTS,"All, including data recorded as points",MARINE,Marine,PCNT,Percent of total land/EEZ area,2021
IND,India,ALL_INC_POINTS,"All, including data recorded as points",MARINE,Marine,PCNT,Percent of total land/EEZ area,1950
IND,India,ALL_INC_POINTS,"All, including data recorded as points",MARINE,Marine,PCNT,Percent of total land/EEZ area,1960
IND,India,ALL_INC_POINTS,"All, including data recorded as points",MARINE,Marine,PCNT,Percent of total land/EEZ area,1970
IND,India,ALL_INC_POINTS,"All, including data recorded as points",MARINE,Marine,PCNT,Percent of total land/EEZ area,1980
IND,India,ALL_INC_POINTS,"All, including data recorded as points",MARINE,Marine,PCNT,Percent of total land/EEZ area,1985
IND,India,ALL_INC_POINTS,"All, including data recorded as points",MARINE,Marine,PCNT,Percent of total land/EEZ area,1990
IND,India,ALL_INC_POINTS,"All, including data recorded as points",MARINE,Marine,PCNT,Percent of total land/EEZ area,1995
IND,India,ALL_INC_POINTS,"All, including data recorded as points",MARINE,Marine,PCNT,Percent of total land/EEZ area,2000
IND,India,ALL_INC_POINTS,"All, including data recorded as points",MARINE,Marine,PCNT,Percent of total land/EEZ area,2001
IND,India,ALL_INC_POINTS,"All, including data recorded as points",MARINE,Marine,PCNT,Percent of total land/EEZ area,2002
IND,India,ALL_INC_POINTS,"All, including data recorded as points",MARINE,Marine,PCNT,Percent of total land/EEZ area,2003
IND,India,ALL_INC_POINTS,"All, including data recorded as points",MARINE,Marine,PCNT,Percent of total land/EEZ area,2004
IND,India,ALL_INC_POINTS,"All, including data recorded as points",MARINE,Marine,PCNT,Percent of total land/EEZ area,2005
IND,India,ALL_INC_POINTS,"All, including data recorded as points",MARINE,Marine,PCNT,Percent of total land/EEZ area,2006
IND,India,ALL_INC_POINTS,"All, including data recorded as points",MARINE,Marine,PCNT,Percent of total land/EEZ area,2007
IND,India,ALL_INC_POINTS,"All, including data recorded as points",MARINE,Marine,PCNT,Percent of total land/EEZ area,2008
IND,India,ALL_INC_POINTS,"All, including data recorded as points",MARINE,Marine,PCNT,Percent of total land/EEZ area,2009
IND,India,ALL_INC_POINTS,"All, including data recorded as points",MARINE,Marine,PCNT,Percent of total land/EEZ area,2010
IND,India,ALL_INC_POINTS,"All, including data recorded as points",MARINE,Marine,PCNT,Percent of total land/EEZ area,2011
IND,India,ALL_INC_POINTS,"All, including data recorded as points",MARINE,Marine,PCNT,Percent of total land/EEZ area,2012
IND,India,ALL_INC_POINTS,"All, including data recorded as points",MARINE,Marine,PCNT,Percent of total land/EEZ area,2013
IND,India,ALL_INC_POINTS,"All, including data recorded as points",MARINE,Marine,PCNT,Percent of total land/EEZ area,2014
IND,India,ALL_INC_POINTS,"All, including data recorded as points",MARINE,Marine,PCNT,Percent of total land/EEZ area,2015
IND,India,ALL_INC_POINTS,"All, including data recorded as points",MARINE,Marine,PCNT,Percent of total land/EEZ area,2016
IND,India,ALL_INC_POINTS,"All, including data recorded as points",MARINE,Marine,PCNT,Percent of total land/EEZ area,2017
IND,India,ALL_INC_POINTS,"All, including data recorded as points",MARINE,Marine,PCNT,Percent of total land/EEZ area,2018
IND,India,ALL_INC_POINTS,"All, including data recorded as points",MARINE,Marine,PCNT,Percent of total land/EEZ area,2019
IND,India,ALL_INC_POINTS,"All, including data recorded as points",MARINE,Marine,PCNT,Percent of total land/EEZ area,2020
IND,India,ALL_INC_POINTS,"All, including data recorded as points",MARINE,Marine,PCNT,Percent of total land/EEZ area,2021
IDN,Indonesia,ALL_INC_POINTS,"All, including data recorded as points",MARINE,Marine,PCNT,Percent of total land/EEZ area,1950
IDN,Indonesia,ALL_INC_POINTS,"All, including data recorded as points",MARINE,Marine,PCNT,Percent of total land/EEZ area,1960
IDN,Indonesia,ALL_INC_POINTS,"All, including data recorded as points",MARINE,Marine,PCNT,Percent of total land/EEZ area,1970
IDN,Indonesia,ALL_INC_POINTS,"All, including data recorded as points",MARINE,Marine,PCNT,Percent of total land/EEZ area,1980
IDN,Indonesia,ALL_INC_POINTS,"All, including data recorded as points",MARINE,Marine,PCNT,Percent of total land/EEZ area,1985
IDN,Indonesia,ALL_INC_POINTS,"All, including data recorded as points",MARINE,Marine,PCNT,Percent of total land/EEZ area,1990
IDN,Indonesia,ALL_INC_POINTS,"All, including data recorded as points",MARINE,Marine,PCNT,Percent of total land/EEZ area,1995
IDN,Indonesia,ALL_INC_POINTS,"All, including data recorded as points",MARINE,Marine,PCNT,Percent of total land/EEZ area,2000
IDN,Indonesia,ALL_INC_POINTS,"All, including data recorded as points",MARINE,Marine,PCNT,Percent of total land/EEZ area,2001
IDN,Indonesia,ALL_INC_POINTS,"All, including data recorded as points",MARINE,Marine,PCNT,Percent of total land/EEZ area,2002
IDN,Indonesia,ALL_INC_POINTS,"All, including data recorded as points",MARINE,Marine,PCNT,Percent of total land/EEZ area,2003
IDN,Indonesia,ALL_INC_POINTS,"All, including data recorded as points",MARINE,Marine,PCNT,Percent of total land/EEZ area,2004
IDN,Indonesia,ALL_INC_POINTS,"All, including data recorded as points",MARINE,Marine,PCNT,Percent of total land/EEZ area,2005
IDN,Indonesia,ALL_INC_POINTS,"All, including data recorded as points",MARINE,Marine,PCNT,Percent of total land/EEZ area,2006
IDN,Indonesia,ALL_INC_POINTS,"All, including data recorded as points",MARINE,Marine,PCNT,Percent of total land/EEZ area,2007
IDN,Indonesia,ALL_INC_POINTS,"All, including data recorded as points",MARINE,Marine,PCNT,Percent of total land/EEZ area,2008
IDN,Indonesia,ALL_INC_POINTS,"All, including data recorded as points",MARINE,Marine,PCNT,Percent of total land/EEZ area,2009
IDN,Indonesia,ALL_INC_POINTS,"All, including data recorded as points",MARINE,Marine,PCNT,Percent of total land/EEZ area,2010
IDN,Indonesia,ALL_INC_POINTS,"All, including data recorded as points",MARINE,Marine,PCNT,Percent of total land/EEZ area,2011
IDN,Indonesia,ALL_INC_POINTS,"All, including data recorded as points",MARINE,Marine,PCNT,Percent of total land/EEZ area,2012
IDN,Indonesia,ALL_INC_POINTS,"All, including data recorded as points",MARINE,Marine,PCNT,Percent of total land/EEZ area,2013
IDN,Indonesia,ALL_INC_POINTS,"All, including data recorded as points",MARINE,Marine,PCNT,Percent of total land/EEZ area,2014
IDN,Indonesia,ALL_INC_POINTS,"All, including data recorded as points",MARINE,Marine,PCNT,Percent of total land/EEZ area,2015
IDN,Indonesia,ALL_INC_POINTS,"All, including data recorded as points",MARINE,Marine,PCNT,Percent of total land/EEZ area,2016
IDN,Indonesia,ALL_INC_POINTS,"All, including data recorded as points",MARINE,Marine,PCNT,Percent of total land/EEZ area,2017
IDN,Indonesia,ALL_INC_POINTS,"All, including data recorded as points",MARINE,Marine,PCNT,Percent of total land/EEZ area,2018
IDN,Indonesia,ALL_INC_POINTS,"All, including data recorded as points",MARINE,Marine,PCNT,Percent of total land/EEZ area,2019
IDN,Indonesia,ALL_INC_POINTS,"All, including data recorded as points",MARINE,Marine,PCNT,Percent of total land/EEZ area,2020
IDN,Indonesia,ALL_INC_POINTS,"All, including data recorded as points",MARINE,Marine,PCNT,Percent of total land/EEZ area,2021
ISR,Israel,ALL_INC_POINTS,"All, including data recorded as points",MARINE,Marine,PCNT,Percent of total land/EEZ area,1950
ISR,Israel,ALL_INC_POINTS,"All, including data recorded as points",MARINE,Marine,PCNT,Percent of total land/EEZ area,1960
ISR,Israel,ALL_INC_POINTS,"All, including data recorded as points",MARINE,Marine,PCNT,Percent of total land/EEZ area,1970
ISR,Israel,ALL_INC_POINTS,"All, including data recorded as points",MARINE,Marine,PCNT,Percent of total land/EEZ area,1980
ISR,Israel,ALL_INC_POINTS,"All, including data recorded as points",MARINE,Marine,PCNT,Percent of total land/EEZ area,1985
ISR,Israel,ALL_INC_POINTS,"All, including data recorded as points",MARINE,Marine,PCNT,Percent of total land/EEZ area,1990
ISR,Israel,ALL_INC_POINTS,"All, including data recorded as points",MARINE,Marine,PCNT,Percent of total land/EEZ area,1995
ISR,Israel,ALL_INC_POINTS,"All, including data recorded as points",MARINE,Marine,PCNT,Percent of total land/EEZ area,2000
ISR,Israel,ALL_INC_POINTS,"All, including data recorded as points",MARINE,Marine,PCNT,Percent of total land/EEZ area,2001
ISR,Israel,ALL_INC_POINTS,"All, including data recorded as points",MARINE,Marine,PCNT,Percent of total land/EEZ area,2002
ISR,Israel,ALL_INC_POINTS,"All, including data recorded as points",MARINE,Marine,PCNT,Percent of total land/EEZ area,2003
ISR,Israel,ALL_INC_POINTS,"All, including data recorded as points",MARINE,Marine,PCNT,Percent of total land/EEZ area,2004
ISR,Israel,ALL_INC_POINTS,"All, including data recorded as points",MARINE,Marine,PCNT,Percent of total land/EEZ area,2005
ISR,Israel,ALL_INC_POINTS,"All, including data recorded as points",MARINE,Marine,PCNT,Percent of total land/EEZ area,2006
ISR,Israel,ALL_INC_POINTS,"All, including data recorded as points",MARINE,Marine,PCNT,Percent of total land/EEZ area,2007
ISR,Israel,ALL_INC_POINTS,"All, including data recorded as points",MARINE,Marine,PCNT,Percent of total land/EEZ area,2008
ISR,Israel,ALL_INC_POINTS,"All, including data recorded as points",MARINE,Marine,PCNT,Percent of total land/EEZ area,2009
ISR,Israel,ALL_INC_POINTS,"All, including data recorded as points",MARINE,Marine,PCNT,Percent of total land/EEZ area,2010
ISR,Israel,ALL_INC_POINTS,"All, including data recorded as points",MARINE,Marine,PCNT,Percent of total land/EEZ area,2011
ISR,Israel,ALL_INC_POINTS,"All, including data recorded as points",MARINE,Marine,PCNT,Percent of total land/EEZ area,2012
ISR,Israel,ALL_INC_POINTS,"All, including data recorded as points",MARINE,Marine,PCNT,Percent of total land/EEZ area,2013
ISR,Israel,ALL_INC_POINTS,"All, including data recorded as points",MARINE,Marine,PCNT,Percent of total land/EEZ area,2014
ISR,Israel,ALL_INC_POINTS,"All, including data recorded as points",MARINE,Marine,PCNT,Percent of total land/EEZ area,2015
ISR,Israel,ALL_INC_POINTS,"All, including data recorded as points",MARINE,Marine,PCNT,Percent of total land/EEZ area,2016
ISR,Israel,ALL_INC_POINTS,"All, including data recorded as points",MARINE,Marine,PCNT,Percent of total land/EEZ area,2017
ISR,Israel,ALL_INC_POINTS,"All, including data recorded as points",MARINE,Marine,PCNT,Percent of total land/EEZ area,2018
ISR,Israel,ALL_INC_POINTS,"All, including data recorded as points",MARINE,Marine,PCNT,Percent of total land/EEZ area,2019
ISR,Israel,ALL_INC_POINTS,"All, including data recorded as points",MARINE,Marine,PCNT,Percent of total land/EEZ area,2020
ISR,Israel,ALL_INC_POINTS,"All, including data recorded as points",MARINE,Marine,PCNT,Percent of total land/EEZ area,2021
LVA,Latvia,ALL_INC_POINTS,"All, including data recorded as points",MARINE,Marine,PCNT,Percent of total land/EEZ area,1950
LVA,Latvia,ALL_INC_POINTS,"All, including data recorded as points",MARINE,Marine,PCNT,Percent of total land/EEZ area,1960
LVA,Latvia,ALL_INC_POINTS,"All, including data recorded as points",MARINE,Marine,PCNT,Percent of total land/EEZ area,1970
LVA,Latvia,ALL_INC_POINTS,"All, including data recorded as points",MARINE,Marine,PCNT,Percent of total land/EEZ area,1980
LVA,Latvia,ALL_INC_POINTS,"All, including data recorded as points",MARINE,Marine,PCNT,Percent of total land/EEZ area,1985
LVA,Latvia,ALL_INC_POINTS,"All, including data recorded as points",MARINE,Marine,PCNT,Percent of total land/EEZ area,1990
LVA,Latvia,ALL_INC_POINTS,"All, including data recorded as points",MARINE,Marine,PCNT,Percent of total land/EEZ area,1995
LVA,Latvia,ALL_INC_POINTS,"All, including data recorded as points",MARINE,Marine,PCNT,Percent of total land/EEZ area,2000
LVA,Latvia,ALL_INC_POINTS,"All, including data recorded as points",MARINE,Marine,PCNT,Percent of total land/EEZ area,2001
LVA,Latvia,ALL_INC_POINTS,"All, including data recorded as points",MARINE,Marine,PCNT,Percent of total land/EEZ area,2002
LVA,Latvia,ALL_INC_POINTS,"All, including data recorded as points",MARINE,Marine,PCNT,Percent of total land/EEZ area,2003
LVA,Latvia,ALL_INC_POINTS,"All, including data recorded as points",MARINE,Marine,PCNT,Percent of total land/EEZ area,2004
LVA,Latvia,ALL_INC_POINTS,"All, including data recorded as points",MARINE,Marine,PCNT,Percent of total land/EEZ area,2005
LVA,Latvia,ALL_INC_POINTS,"All, including data recorded as points",MARINE,Marine,PCNT,Percent of total land/EEZ area,2006
LVA,Latvia,ALL_INC_POINTS,"All, including data recorded as points",MARINE,Marine,PCNT,Percent of total land/EEZ area,2007
LVA,Latvia,ALL_INC_POINTS,"All, including data recorded as points",MARINE,Marine,PCNT,Percent of total land/EEZ area,2008
LVA,Latvia,ALL_INC_POINTS,"All, including data recorded as points",MARINE,Marine,PCNT,Percent of total land/EEZ area,2009
LVA,Latvia,ALL_INC_POINTS,"All, including data recorded as points",MARINE,Marine,PCNT,Percent of total land/EEZ area,2010
LVA,Latvia,ALL_INC_POINTS,"All, including data recorded as points",MARINE,Marine,PCNT,Percent of total land/EEZ area,2011
LVA,Latvia,ALL_INC_POINTS,"All, including data recorded as points",MARINE,Marine,PCNT,Percent of total land/EEZ area,2012
LVA,Latvia,ALL_INC_POINTS,"All, including data recorded as points",MARINE,Marine,PCNT,Percent of total land/EEZ area,2013
LVA,Latvia,ALL_INC_POINTS,"All, including data recorded as points",MARINE,Marine,PCNT,Percent of total land/EEZ area,2014
LVA,Latvia,ALL_INC_POINTS,"All, including data recorded as points",MARINE,Marine,PCNT,Percent of total land/EEZ area,2015
LVA,Latvia,ALL_INC_POINTS,"All, including data recorded as points",MARINE,Marine,PCNT,Percent of total land/EEZ area,2016
LVA,Latvia,ALL_INC_POINTS,"All, including data recorded as points",MARINE,Marine,PCNT,Percent of total land/EEZ area,2017
LVA,Latvia,ALL_INC_POINTS,"All, including data recorded as points",MARINE,Marine,PCNT,Percent of total land/EEZ area,2018
LVA,Latvia,ALL_INC_POINTS,"All, including data recorded as points",MARINE,Marine,PCNT,Percent of total land/EEZ area,2019
LVA,Latvia,ALL_INC_POINTS,"All, including data recorded as points",MARINE,Marine,PCNT,Percent of total land/EEZ area,2020
LVA,Latvia,ALL_INC_POINTS,"All, including data recorded as points",MARINE,Marine,PCNT,Percent of total land/EEZ area,2021
LTU,Lithuania,ALL_INC_POINTS,"All, including data recorded as points",MARINE,Marine,PCNT,Percent of total land/EEZ area,1950
LTU,Lithuania,ALL_INC_POINTS,"All, including data recorded as points",MARINE,Marine,PCNT,Percent of total land/EEZ area,1960
LTU,Lithuania,ALL_INC_POINTS,"All, including data recorded as points",MARINE,Marine,PCNT,Percent of total land/EEZ area,1970
LTU,Lithuania,ALL_INC_POINTS,"All, including data recorded as points",MARINE,Marine,PCNT,Percent of total land/EEZ area,1980
LTU,Lithuania,ALL_INC_POINTS,"All, including data recorded as points",MARINE,Marine,PCNT,Percent of total land/EEZ area,1985
LTU,Lithuania,ALL_INC_POINTS,"All, including data recorded as points",MARINE,Marine,PCNT,Percent of total land/EEZ area,1990
LTU,Lithuania,ALL_INC_POINTS,"All, including data recorded as points",MARINE,Marine,PCNT,Percent of total land/EEZ area,1995
LTU,Lithuania,ALL_INC_POINTS,"All, including data recorded as points",MARINE,Marine,PCNT,Percent of total land/EEZ area,2000
LTU,Lithuania,ALL_INC_POINTS,"All, including data recorded as points",MARINE,Marine,PCNT,Percent of total land/EEZ area,2001
LTU,Lithuania,ALL_INC_POINTS,"All, including data recorded as points",MARINE,Marine,PCNT,Percent of total land/EEZ area,2002
LTU,Lithuania,ALL_INC_POINTS,"All, including data recorded as points",MARINE,Marine,PCNT,Percent of total land/EEZ area,2003
LTU,Lithuania,ALL_INC_POINTS,"All, including data recorded as points",MARINE,Marine,PCNT,Percent of total land/EEZ area,2004
LTU,Lithuania,ALL_INC_POINTS,"All, including data recorded as points",MARINE,Marine,PCNT,Percent of total land/EEZ area,2005
LTU,Lithuania,ALL_INC_POINTS,"All, including data recorded as points",MARINE,Marine,PCNT,Percent of total land/EEZ area,2006
LTU,Lithuania,ALL_INC_POINTS,"All, including data recorded as points",MARINE,Marine,PCNT,Percent of total land/EEZ area,2007
LTU,Lithuania,ALL_INC_POINTS,"All, including data recorded as points",MARINE,Marine,PCNT,Percent of total land/EEZ area,2008
LTU,Lithuania,ALL_INC_POINTS,"All, including data recorded as points",MARINE,Marine,PCNT,Percent of total land/EEZ area,2009
LTU,Lithuania,ALL_INC_POINTS,"All, including data recorded as points",MARINE,Marine,PCNT,Percent of total land/EEZ area,2010
LTU,Lithuania,ALL_INC_POINTS,"All, including data recorded as points",MARINE,Marine,PCNT,Percent of total land/EEZ area,2011
LTU,Lithuania,ALL_INC_POINTS,"All, including data recorded as points",MARINE,Marine,PCNT,Percent of total land/EEZ area,2012
LTU,Lithuania,ALL_INC_POINTS,"All, including data recorded as points",MARINE,Marine,PCNT,Percent of total land/EEZ area,2013
LTU,Lithuania,ALL_INC_POINTS,"All, including data recorded as points",MARINE,Marine,PCNT,Percent of total land/EEZ area,2014
LTU,Lithuania,ALL_INC_POINTS,"All, including data recorded as points",MARINE,Marine,PCNT,Percent of total land/EEZ area,2015
LTU,Lithuania,ALL_INC_POINTS,"All, including data recorded as points",MARINE,Marine,PCNT,Percent of total land/EEZ area,2016
LTU,Lithuania,ALL_INC_POINTS,"All, including data recorded as points",MARINE,Marine,PCNT,Percent of total land/EEZ area,2017
LTU,Lithuania,ALL_INC_POINTS,"All, including data recorded as points",MARINE,Marine,PCNT,Percent of total land/EEZ area,2018
LTU,Lithuania,ALL_INC_POINTS,"All, including data recorded as points",MARINE,Marine,PCNT,Percent of total land/EEZ area,2019
LTU,Lithuania,ALL_INC_POINTS,"All, including data recorded as points",MARINE,Marine,PCNT,Percent of total land/EEZ area,2020
LTU,Lithuania,ALL_INC_POINTS,"All, including data recorded as points",MARINE,Marine,PCNT,Percent of total land/EEZ area,2021
MLT,Malta,ALL_INC_POINTS,"All, including data recorded as points",MARINE,Marine,PCNT,Percent of total land/EEZ area,1950
MLT,Malta,ALL_INC_POINTS,"All, including data recorded as points",MARINE,Marine,PCNT,Percent of total land/EEZ area,1960
MLT,Malta,ALL_INC_POINTS,"All, including data recorded as points",MARINE,Marine,PCNT,Percent of total land/EEZ area,1970
MLT,Malta,ALL_INC_POINTS,"All, including data recorded as points",MARINE,Marine,PCNT,Percent of total land/EEZ area,1980
MLT,Malta,ALL_INC_POINTS,"All, including data recorded as points",MARINE,Marine,PCNT,Percent of total land/EEZ area,1985
MLT,Malta,ALL_INC_POINTS,"All, including data recorded as points",MARINE,Marine,PCNT,Percent of total land/EEZ area,1990
MLT,Malta,ALL_INC_POINTS,"All, including data recorded as points",MARINE,Marine,PCNT,Percent of total land/EEZ area,1995
MLT,Malta,ALL_INC_POINTS,"All, including data recorded as points",MARINE,Marine,PCNT,Percent of total land/EEZ area,2000
MLT,Malta,ALL_INC_POINTS,"All, including data recorded as points",MARINE,Marine,PCNT,Percent of total land/EEZ area,2001
MLT,Malta,ALL_INC_POINTS,"All, including data recorded as points",MARINE,Marine,PCNT,Percent of total land/EEZ area,2002
MLT,Malta,ALL_INC_POINTS,"All, including data recorded as points",MARINE,Marine,PCNT,Percent of total land/EEZ area,2003
MLT,Malta,ALL_INC_POINTS,"All, including data recorded as points",MARINE,Marine,PCNT,Percent of total land/EEZ area,2004
MLT,Malta,ALL_INC_POINTS,"All, including data recorded as points",MARINE,Marine,PCNT,Percent of total land/EEZ area,2005
MLT,Malta,ALL_INC_POINTS,"All, including data recorded as points",MARINE,Marine,PCNT,Percent of total land/EEZ area,2006
MLT,Malta,ALL_INC_POINTS,"All, including data recorded as points",MARINE,Marine,PCNT,Percent of total land/EEZ area,2007
MLT,Malta,ALL_INC_POINTS,"All, including data recorded as points",MARINE,Marine,PCNT,Percent of total land/EEZ area,2008
MLT,Malta,ALL_INC_POINTS,"All, including data recorded as points",MARINE,Marine,PCNT,Percent of total land/EEZ area,2009
MLT,Malta,ALL_INC_POINTS,"All, including data recorded as points",MARINE,Marine,PCNT,Percent of total land/EEZ area,2010
MLT,Malta,ALL_INC_POINTS,"All, including data recorded as points",MARINE,Marine,PCNT,Percent of total land/EEZ area,2011
MLT,Malta,ALL_INC_POINTS,"All, including data recorded as points",MARINE,Marine,PCNT,Percent of total land/EEZ area,2012
MLT,Malta,ALL_INC_POINTS,"All, including data recorded as points",MARINE,Marine,PCNT,Percent of total land/EEZ area,2013
MLT,Malta,ALL_INC_POINTS,"All, including data recorded as points",MARINE,Marine,PCNT,Percent of total land/EEZ area,2014
MLT,Malta,ALL_INC_POINTS,"All, including data recorded as points",MARINE,Marine,PCNT,Percent of total land/EEZ area,2015
MLT,Malta,ALL_INC_POINTS,"All, including data recorded as points",MARINE,Marine,PCNT,Percent of total land/EEZ area,2016
MLT,Malta,ALL_INC_POINTS,"All, including data recorded as points",MARINE,Marine,PCNT,Percent of total land/EEZ area,2017
MLT,Malta,ALL_INC_POINTS,"All, including data recorded as points",MARINE,Marine,PCNT,Percent of total land/EEZ area,2018
MLT,Malta,ALL_INC_POINTS,"All, including data recorded as points",MARINE,Marine,PCNT,Percent of total land/EEZ area,2019
MLT,Malta,ALL_INC_POINTS,"All, including data recorded as points",MARINE,Marine,PCNT,Percent of total land/EEZ area,2020
MLT,Malta,ALL_INC_POINTS,"All, including data recorded as points",MARINE,Marine,PCNT,Percent of total land/EEZ area,2021
MTQ,Martinique,ALL_INC_POINTS,"All, including data recorded as points",MARINE,Marine,PCNT,Percent of total land/EEZ area,1950
MTQ,Martinique,ALL_INC_POINTS,"All, including data recorded as points",MARINE,Marine,PCNT,Percent of total land/EEZ area,1960
MTQ,Martinique,ALL_INC_POINTS,"All, including data recorded as points",MARINE,Marine,PCNT,Percent of total land/EEZ area,1970
MTQ,Martinique,ALL_INC_POINTS,"All, including data recorded as points",MARINE,Marine,PCNT,Percent of total land/EEZ area,1980
MTQ,Martinique,ALL_INC_POINTS,"All, including data recorded as points",MARINE,Marine,PCNT,Percent of total land/EEZ area,1985
MTQ,Martinique,ALL_INC_POINTS,"All, including data recorded as points",MARINE,Marine,PCNT,Percent of total land/EEZ area,1990
MTQ,Martinique,ALL_INC_POINTS,"All, including data recorded as points",MARINE,Marine,PCNT,Percent of total land/EEZ area,1995
MTQ,Martinique,ALL_INC_POINTS,"All, including data recorded as points",MARINE,Marine,PCNT,Percent of total land/EEZ area,2000
MTQ,Martinique,ALL_INC_POINTS,"All, including data recorded as points",MARINE,Marine,PCNT,Percent of total land/EEZ area,2001
MTQ,Martinique,ALL_INC_POINTS,"All, including data recorded as points",MARINE,Marine,PCNT,Percent of total land/EEZ area,2002
MTQ,Martinique,ALL_INC_POINTS,"All, including data recorded as points",MARINE,Marine,PCNT,Percent of total land/EEZ area,2003
MTQ,Martinique,ALL_INC_POINTS,"All, including data recorded as points",MARINE,Marine,PCNT,Percent of total land/EEZ area,2004
MTQ,Martinique,ALL_INC_POINTS,"All, including data recorded as points",MARINE,Marine,PCNT,Percent of total land/EEZ area,2005
MTQ,Martinique,ALL_INC_POINTS,"All, including data recorded as points",MARINE,Marine,PCNT,Percent of total land/EEZ area,2006
MTQ,Martinique,ALL_INC_POINTS,"All, including data recorded as points",MARINE,Marine,PCNT,Percent of total land/EEZ area,2007
MTQ,Martinique,ALL_INC_POINTS,"All, including data recorded as points",MARINE,Marine,PCNT,Percent of total land/EEZ area,2008
MTQ,Martinique,ALL_INC_POINTS,"All, including data recorded as points",MARINE,Marine,PCNT,Percent of total land/EEZ area,2009
MTQ,Martinique,ALL_INC_POINTS,"All, including data recorded as points",MARINE,Marine,PCNT,Percent of total land/EEZ area,2010
MTQ,Martinique,ALL_INC_POINTS,"All, including data recorded as points",MARINE,Marine,PCNT,Percent of total land/EEZ area,2011
MTQ,Martinique,ALL_INC_POINTS,"All, including data recorded as points",MARINE,Marine,PCNT,Percent of total land/EEZ area,2012
MTQ,Martinique,ALL_INC_POINTS,"All, including data recorded as points",MARINE,Marine,PCNT,Percent of total land/EEZ area,2013
MTQ,Martinique,ALL_INC_POINTS,"All, including data recorded as points",MARINE,Marine,PCNT,Percent of total land/EEZ area,2014
MTQ,Martinique,ALL_INC_POINTS,"All, including data recorded as points",MARINE,Marine,PCNT,Percent of total land/EEZ area,2015
MTQ,Martinique,ALL_INC_POINTS,"All, including data recorded as points",MARINE,Marine,PCNT,Percent of total land/EEZ area,2016
MTQ,Martinique,ALL_INC_POINTS,"All, including data recorded as points",MARINE,Marine,PCNT,Percent of total land/EEZ area,2017
MTQ,Martinique,ALL_INC_POINTS,"All, including data recorded as points",MARINE,Marine,PCNT,Percent of total land/EEZ area,2018
MTQ,Martinique,ALL_INC_POINTS,"All, including data recorded as points",MARINE,Marine,PCNT,Percent of total land/EEZ area,2019
MTQ,Martinique,ALL_INC_POINTS,"All, including data recorded as points",MARINE,Marine,PCNT,Percent of total land/EEZ area,2020
MTQ,Martinique,ALL_INC_POINTS,"All, including data recorded as points",MARINE,Marine,PCNT,Percent of total land/EEZ area,2021
MYT,Mayotte,ALL_INC_POINTS,"All, including data recorded as points",MARINE,Marine,PCNT,Percent of total land/EEZ area,1950
MYT,Mayotte,ALL_INC_POINTS,"All, including data recorded as points",MARINE,Marine,PCNT,Percent of total land/EEZ area,1960
MYT,Mayotte,ALL_INC_POINTS,"All, including data recorded as points",MARINE,Marine,PCNT,Percent of total land/EEZ area,1970
MYT,Mayotte,ALL_INC_POINTS,"All, including data recorded as points",MARINE,Marine,PCNT,Percent of total land/EEZ area,1980
MYT,Mayotte,ALL_INC_POINTS,"All, including data recorded as points",MARINE,Marine,PCNT,Percent of total land/EEZ area,1985
MYT,Mayotte,ALL_INC_POINTS,"All, including data recorded as points",MARINE,Marine,PCNT,Percent of total land/EEZ area,1990
MYT,Mayotte,ALL_INC_POINTS,"All, including data recorded as points",MARINE,Marine,PCNT,Percent of total land/EEZ area,1995
MYT,Mayotte,ALL_INC_POINTS,"All, including data recorded as points",MARINE,Marine,PCNT,Percent of total land/EEZ area,2000
MYT,Mayotte,ALL_INC_POINTS,"All, including data recorded as points",MARINE,Marine,PCNT,Percent of total land/EEZ area,2001
MYT,Mayotte,ALL_INC_POINTS,"All, including data recorded as points",MARINE,Marine,PCNT,Percent of total land/EEZ area,2002
MYT,Mayotte,ALL_INC_POINTS,"All, including data recorded as points",MARINE,Marine,PCNT,Percent of total land/EEZ area,2003
MYT,Mayotte,ALL_INC_POINTS,"All, including data recorded as points",MARINE,Marine,PCNT,Percent of total land/EEZ area,2004
MYT,Mayotte,ALL_INC_POINTS,"All, including data recorded as points",MARINE,Marine,PCNT,Percent of total land/EEZ area,2005
MYT,Mayotte,ALL_INC_POINTS,"All, including data recorded as points",MARINE,Marine,PCNT,Percent of total land/EEZ area,2006
MYT,Mayotte,ALL_INC_POINTS,"All, including data recorded as points",MARINE,Marine,PCNT,Percent of total land/EEZ area,2007
MYT,Mayotte,ALL_INC_POINTS,"All, including data recorded as points",MARINE,Marine,PCNT,Percent of total land/EEZ area,2008
MYT,Mayotte,ALL_INC_POINTS,"All, including data recorded as points",MARINE,Marine,PCNT,Percent of total land/EEZ area,2009
MYT,Mayotte,ALL_INC_POINTS,"All, including data recorded as points",MARINE,Marine,PCNT,Percent of total land/EEZ area,2010
MYT,Mayotte,ALL_INC_POINTS,"All, including data recorded as points",MARINE,Marine,PCNT,Percent of total land/EEZ area,2011
MYT,Mayotte,ALL_INC_POINTS,"All, including data recorded as points",MARINE,Marine,PCNT,Percent of total land/EEZ area,2012
MYT,Mayotte,ALL_INC_POINTS,"All, including data recorded as points",MARINE,Marine,PCNT,Percent of total land/EEZ area,2013
MYT,Mayotte,ALL_INC_POINTS,"All, including data recorded as points",MARINE,Marine,PCNT,Percent of total land/EEZ area,2014
MYT,Mayotte,ALL_INC_POINTS,"All, including data recorded as points",MARINE,Marine,PCNT,Percent of total land/EEZ area,2015
MYT,Mayotte,ALL_INC_POINTS,"All, including data recorded as points",MARINE,Marine,PCNT,Percent of total land/EEZ area,2016
MYT,Mayotte,ALL_INC_POINTS,"All, including data recorded as points",MARINE,Marine,PCNT,Percent of total land/EEZ area,2017
MYT,Mayotte,ALL_INC_POINTS,"All, including data recorded as points",MARINE,Marine,PCNT,Percent of total land/EEZ area,2018
MYT,Mayotte,ALL_INC_POINTS,"All, including data recorded as points",MARINE,Marine,PCNT,Percent of total land/EEZ area,2019
MYT,Mayotte,ALL_INC_POINTS,"All, including data recorded as points",MARINE,Marine,PCNT,Percent of total land/EEZ area,2020
MYT,Mayotte,ALL_INC_POINTS,"All, including data recorded as points",MARINE,Marine,PCNT,Percent of total land/EEZ area,2021
MSR,Montserrat,ALL_INC_POINTS,"All, including data recorded as points",MARINE,Marine,PCNT,Percent of total land/EEZ area,1950
MSR,Montserrat,ALL_INC_POINTS,"All, including data recorded as points",MARINE,Marine,PCNT,Percent of total land/EEZ area,1960
MSR,Montserrat,ALL_INC_POINTS,"All, including data recorded as points",MARINE,Marine,PCNT,Percent of total land/EEZ area,1970
MSR,Montserrat,ALL_INC_POINTS,"All, including data recorded as points",MARINE,Marine,PCNT,Percent of total land/EEZ area,1980
MSR,Montserrat,ALL_INC_POINTS,"All, including data recorded as points",MARINE,Marine,PCNT,Percent of total land/EEZ area,1985
MSR,Montserrat,ALL_INC_POINTS,"All, including data recorded as points",MARINE,Marine,PCNT,Percent of total land/EEZ area,1990
MSR,Montserrat,ALL_INC_POINTS,"All, including data recorded as points",MARINE,Marine,PCNT,Percent of total land/EEZ area,1995
MSR,Montserrat,ALL_INC_POINTS,"All, including data recorded as points",MARINE,Marine,PCNT,Percent of total land/EEZ area,2000
MSR,Montserrat,ALL_INC_POINTS,"All, including data recorded as points",MARINE,Marine,PCNT,Percent of total land/EEZ area,2001
MSR,Montserrat,ALL_INC_POINTS,"All, including data recorded as points",MARINE,Marine,PCNT,Percent of total land/EEZ area,2002
MSR,Montserrat,ALL_INC_POINTS,"All, including data recorded as points",MARINE,Marine,PCNT,Percent of total land/EEZ area,2003
MSR,Montserrat,ALL_INC_POINTS,"All, including data recorded as points",MARINE,Marine,PCNT,Percent of total land/EEZ area,2004
MSR,Montserrat,ALL_INC_POINTS,"All, including data recorded as points",MARINE,Marine,PCNT,Percent of total land/EEZ area,2005
MSR,Montserrat,ALL_INC_POINTS,"All, including data recorded as points",MARINE,Marine,PCNT,Percent of total land/EEZ area,2006
MSR,Montserrat,ALL_INC_POINTS,"All, including data recorded as points",MARINE,Marine,PCNT,Percent of total land/EEZ area,2007
MSR,Montserrat,ALL_INC_POINTS,"All, including data recorded as points",MARINE,Marine,PCNT,Percent of total land/EEZ area,2008
MSR,Montserrat,ALL_INC_POINTS,"All, including data recorded as points",MARINE,Marine,PCNT,Percent of total land/EEZ area,2009
MSR,Montserrat,ALL_INC_POINTS,"All, including data recorded as points",MARINE,Marine,PCNT,Percent of total land/EEZ area,2010
MSR,Montserrat,ALL_INC_POINTS,"All, including data recorded as points",MARINE,Marine,PCNT,Percent of total land/EEZ area,2011
MSR,Montserrat,ALL_INC_POINTS,"All, including data recorded as points",MARINE,Marine,PCNT,Percent of total land/EEZ area,2012
MSR,Montserrat,ALL_INC_POINTS,"All, including data recorded as points",MARINE,Marine,PCNT,Percent of total land/EEZ area,2013
MSR,Montserrat,ALL_INC_POINTS,"All, including data recorded as points",MARINE,Marine,PCNT,Percent of total land/EEZ area,2014
MSR,Montserrat,ALL_INC_POINTS,"All, including data recorded as points",MARINE,Marine,PCNT,Percent of total land/EEZ area,2015
MSR,Montserrat,ALL_INC_POINTS,"All, including data recorded as points",MARINE,Marine,PCNT,Percent of total land/EEZ area,2016
MSR,Montserrat,ALL_INC_POINTS,"All, including data recorded as points",MARINE,Marine,PCNT,Percent of total land/EEZ area,2017
MSR,Montserrat,ALL_INC_POINTS,"All, including data recorded as points",MARINE,Marine,PCNT,Percent of total land/EEZ area,2018
MSR,Montserrat,ALL_INC_POINTS,"All, including data recorded as points",MARINE,Marine,PCNT,Percent of total land/EEZ area,2019
MSR,Montserrat,ALL_INC_POINTS,"All, including data recorded as points",MARINE,Marine,PCNT,Percent of total land/EEZ area,2020
MSR,Montserrat,ALL_INC_POINTS,"All, including data recorded as points",MARINE,Marine,PCNT,Percent of total land/EEZ area,2021
NCL,New Caledonia,ALL_INC_POINTS,"All, including data recorded as points",MARINE,Marine,PCNT,Percent of total land/EEZ area,1950
NCL,New Caledonia,ALL_INC_POINTS,"All, including data recorded as points",MARINE,Marine,PCNT,Percent of total land/EEZ area,1960
NCL,New Caledonia,ALL_INC_POINTS,"All, including data recorded as points",MARINE,Marine,PCNT,Percent of total land/EEZ area,1970
NCL,New Caledonia,ALL_INC_POINTS,"All, including data recorded as points",MARINE,Marine,PCNT,Percent of total land/EEZ area,1980
NCL,New Caledonia,ALL_INC_POINTS,"All, including data recorded as points",MARINE,Marine,PCNT,Percent of total land/EEZ area,1985
NCL,New Caledonia,ALL_INC_POINTS,"All, including data recorded as points",MARINE,Marine,PCNT,Percent of total land/EEZ area,1990
NCL,New Caledonia,ALL_INC_POINTS,"All, including data recorded as points",MARINE,Marine,PCNT,Percent of total land/EEZ area,1995
NCL,New Caledonia,ALL_INC_POINTS,"All, including data recorded as points",MARINE,Marine,PCNT,Percent of total land/EEZ area,2000
NCL,New Caledonia,ALL_INC_POINTS,"All, including data recorded as points",MARINE,Marine,PCNT,Percent of total land/EEZ area,2001
NCL,New Caledonia,ALL_INC_POINTS,"All, including data recorded as points",MARINE,Marine,PCNT,Percent of total land/EEZ area,2002
NCL,New Caledonia,ALL_INC_POINTS,"All, including data recorded as points",MARINE,Marine,PCNT,Percent of total land/EEZ area,2003
NCL,New Caledonia,ALL_INC_POINTS,"All, including data recorded as points",MARINE,Marine,PCNT,Percent of total land/EEZ area,2004
NCL,New Caledonia,ALL_INC_POINTS,"All, including data recorded as points",MARINE,Marine,PCNT,Percent of total land/EEZ area,2005
NCL,New Caledonia,ALL_INC_POINTS,"All, including data recorded as points",MARINE,Marine,PCNT,Percent of total land/EEZ area,2006
NCL,New Caledonia,ALL_INC_POINTS,"All, including data recorded as points",MARINE,Marine,PCNT,Percent of total land/EEZ area,2007
NCL,New Caledonia,ALL_INC_POINTS,"All, including data recorded as points",MARINE,Marine,PCNT,Percent of total land/EEZ area,2008
NCL,New Caledonia,ALL_INC_POINTS,"All, including data recorded as points",MARINE,Marine,PCNT,Percent of total land/EEZ area,2009
NCL,New Caledonia,ALL_INC_POINTS,"All, including data recorded as points",MARINE,Marine,PCNT,Percent of total land/EEZ area,2010
NCL,New Caledonia,ALL_INC_POINTS,"All, including data recorded as points",MARINE,Marine,PCNT,Percent of total land/EEZ area,2011
NCL,New Caledonia,ALL_INC_POINTS,"All, including data recorded as points",MARINE,Marine,PCNT,Percent of total land/EEZ area,2012
NCL,New Caledonia,ALL_INC_POINTS,"All, including data recorded as points",MARINE,Marine,PCNT,Percent of total land/EEZ area,2013
NCL,New Caledonia,ALL_INC_POINTS,"All, including data recorded as points",MARINE,Marine,PCNT,Percent of total land/EEZ area,2014
NCL,New Caledonia,ALL_INC_POINTS,"All, including data recorded as points",MARINE,Marine,PCNT,Percent of total land/EEZ area,2015
NCL,New Caledonia,ALL_INC_POINTS,"All, including data recorded as points",MARINE,Marine,PCNT,Percent of total land/EEZ area,2016
NCL,New Caledonia,ALL_INC_POINTS,"All, including data recorded as points",MARINE,Marine,PCNT,Percent of total land/EEZ area,2017
NCL,New Caledonia,ALL_INC_POINTS,"All, including data recorded as points",MARINE,Marine,PCNT,Percent of total land/EEZ area,2018
NCL,New Caledonia,ALL_INC_POINTS,"All, including data recorded as points",MARINE,Marine,PCNT,Percent of total land/EEZ area,2019
NCL,New Caledonia,ALL_INC_POINTS,"All, including data recorded as points",MARINE,Marine,PCNT,Percent of total land/EEZ area,2020
NCL,New Caledonia,ALL_INC_POINTS,"All, including data recorded as points",MARINE,Marine,PCNT,Percent of total land/EEZ area,2021
NIU,Niue,ALL_INC_POINTS,"All, including data recorded as points",MARINE,Marine,PCNT,Percent of total land/EEZ area,1950
NIU,Niue,ALL_INC_POINTS,"All, including data recorded as points",MARINE,Marine,PCNT,Percent of total land/EEZ area,1960
NIU,Niue,ALL_INC_POINTS,"All, including data recorded as points",MARINE,Marine,PCNT,Percent of total land/EEZ area,1970
NIU,Niue,ALL_INC_POINTS,"All, including data recorded as points",MARINE,Marine,PCNT,Percent of total land/EEZ area,1980
NIU,Niue,ALL_INC_POINTS,"All, including data recorded as points",MARINE,Marine,PCNT,Percent of total land/EEZ area,1985
NIU,Niue,ALL_INC_POINTS,"All, including data recorded as points",MARINE,Marine,PCNT,Percent of total land/EEZ area,1990
NIU,Niue,ALL_INC_POINTS,"All, including data recorded as points",MARINE,Marine,PCNT,Percent of total land/EEZ area,1995
NIU,Niue,ALL_INC_POINTS,"All, including data recorded as points",MARINE,Marine,PCNT,Percent of total land/EEZ area,2000
NIU,Niue,ALL_INC_POINTS,"All, including data recorded as points",MARINE,Marine,PCNT,Percent of total land/EEZ area,2001
NIU,Niue,ALL_INC_POINTS,"All, including data recorded as points",MARINE,Marine,PCNT,Percent of total land/EEZ area,2002
NIU,Niue,ALL_INC_POINTS,"All, including data recorded as points",MARINE,Marine,PCNT,Percent of total land/EEZ area,2003
NIU,Niue,ALL_INC_POINTS,"All, including data recorded as points",MARINE,Marine,PCNT,Percent of total land/EEZ area,2004
NIU,Niue,ALL_INC_POINTS,"All, including data recorded as points",MARINE,Marine,PCNT,Percent of total land/EEZ area,2005
NIU,Niue,ALL_INC_POINTS,"All, including data recorded as points",MARINE,Marine,PCNT,Percent of total land/EEZ area,2006
NIU,Niue,ALL_INC_POINTS,"All, including data recorded as points",MARINE,Marine,PCNT,Percent of total land/EEZ area,2007
NIU,Niue,ALL_INC_POINTS,"All, including data recorded as points",MARINE,Marine,PCNT,Percent of total land/EEZ area,2008
NIU,Niue,ALL_INC_POINTS,"All, including data recorded as points",MARINE,Marine,PCNT,Percent of total land/EEZ area,2009
NIU,Niue,ALL_INC_POINTS,"All, including data recorded as points",MARINE,Marine,PCNT,Percent of total land/EEZ area,2010
NIU,Niue,ALL_INC_POINTS,"All, including data recorded as points",MARINE,Marine,PCNT,Percent of total land/EEZ area,2011
NIU,Niue,ALL_INC_POINTS,"All, including data recorded as points",MARINE,Marine,PCNT,Percent of total land/EEZ area,2012
NIU,Niue,ALL_INC_POINTS,"All, including data recorded as points",MARINE,Marine,PCNT,Percent of total land/EEZ area,2013
NIU,Niue,ALL_INC_POINTS,"All, including data recorded as points",MARINE,Marine,PCNT,Percent of total land/EEZ area,2014
NIU,Niue,ALL_INC_POINTS,"All, including data recorded as points",MARINE,Marine,PCNT,Percent of total land/EEZ area,2015
NIU,Niue,ALL_INC_POINTS,"All, including data recorded as points",MARINE,Marine,PCNT,Percent of total land/EEZ area,2016
NIU,Niue,ALL_INC_POINTS,"All, including data recorded as points",MARINE,Marine,PCNT,Percent of total land/EEZ area,2017
NIU,Niue,ALL_INC_POINTS,"All, including data recorded as points",MARINE,Marine,PCNT,Percent of total land/EEZ area,2018
NIU,Niue,ALL_INC_POINTS,"All, including data recorded as points",MARINE,Marine,PCNT,Percent of total land/EEZ area,2019
NIU,Niue,ALL_INC_POINTS,"All, including data recorded as points",MARINE,Marine,PCNT,Percent of total land/EEZ area,2020
NIU,Niue,ALL_INC_POINTS,"All, including data recorded as points",MARINE,Marine,PCNT,Percent of total land/EEZ area,2021
NFK,Norfolk Island,ALL_INC_POINTS,"All, including data recorded as points",MARINE,Marine,PCNT,Percent of total land/EEZ area,1950
NFK,Norfolk Island,ALL_INC_POINTS,"All, including data recorded as points",MARINE,Marine,PCNT,Percent of total land/EEZ area,1960
NFK,Norfolk Island,ALL_INC_POINTS,"All, including data recorded as points",MARINE,Marine,PCNT,Percent of total land/EEZ area,1970
NFK,Norfolk Island,ALL_INC_POINTS,"All, including data recorded as points",MARINE,Marine,PCNT,Percent of total land/EEZ area,1980
NFK,Norfolk Island,ALL_INC_POINTS,"All, including data recorded as points",MARINE,Marine,PCNT,Percent of total land/EEZ area,1985
NFK,Norfolk Island,ALL_INC_POINTS,"All, including data recorded as points",MARINE,Marine,PCNT,Percent of total land/EEZ area,1990
NFK,Norfolk Island,ALL_INC_POINTS,"All, including data recorded as points",MARINE,Marine,PCNT,Percent of total land/EEZ area,1995
NFK,Norfolk Island,ALL_INC_POINTS,"All, including data recorded as points",MARINE,Marine,PCNT,Percent of total land/EEZ area,2000
NFK,Norfolk Island,ALL_INC_POINTS,"All, including data recorded as points",MARINE,Marine,PCNT,Percent of total land/EEZ area,2001
NFK,Norfolk Island,ALL_INC_POINTS,"All, including data recorded as points",MARINE,Marine,PCNT,Percent of total land/EEZ area,2002
NFK,Norfolk Island,ALL_INC_POINTS,"All, including data recorded as points",MARINE,Marine,PCNT,Percent of total land/EEZ area,2003
NFK,Norfolk Island,ALL_INC_POINTS,"All, including data recorded as points",MARINE,Marine,PCNT,Percent of total land/EEZ area,2004
NFK,Norfolk Island,ALL_INC_POINTS,"All, including data recorded as points",MARINE,Marine,PCNT,Percent of total land/EEZ area,2005
NFK,Norfolk Island,ALL_INC_POINTS,"All, including data recorded as points",MARINE,Marine,PCNT,Percent of total land/EEZ area,2006
NFK,Norfolk Island,ALL_INC_POINTS,"All, including data recorded as points",MARINE,Marine,PCNT,Percent of total land/EEZ area,2007
NFK,Norfolk Island,ALL_INC_POINTS,"All, including data recorded as points",MARINE,Marine,PCNT,Percent of total land/EEZ area,2008
NFK,Norfolk Island,ALL_INC_POINTS,"All, including data recorded as points",MARINE,Marine,PCNT,Percent of total land/EEZ area,2009
NFK,Norfolk Island,ALL_INC_POINTS,"All, including data recorded as points",MARINE,Marine,PCNT,Percent of total land/EEZ area,2010
NFK,Norfolk Island,ALL_INC_POINTS,"All, including data recorded as points",MARINE,Marine,PCNT,Percent of total land/EEZ area,2011
NFK,Norfolk Island,ALL_INC_POINTS,"All, including data recorded as points",MARINE,Marine,PCNT,Percent of total land/EEZ area,2012
NFK,Norfolk Island,ALL_INC_POINTS,"All, including data recorded as points",MARINE,Marine,PCNT,Percent of total land/EEZ area,2013
NFK,Norfolk Island,ALL_INC_POINTS,"All, including data recorded as points",MARINE,Marine,PCNT,Percent of total land/EEZ area,2014
NFK,Norfolk Island,ALL_INC_POINTS,"All, including data recorded as points",MARINE,Marine,PCNT,Percent of total land/EEZ area,2015
NFK,Norfolk Island,ALL_INC_POINTS,"All, including data recorded as points",MARINE,Marine,PCNT,Percent of total land/EEZ area,2016
NFK,Norfolk Island,ALL_INC_POINTS,"All, including data recorded as points",MARINE,Marine,PCNT,Percent of total land/EEZ area,2017
NFK,Norfolk Island,ALL_INC_POINTS,"All, including data recorded as points",MARINE,Marine,PCNT,Percent of total land/EEZ area,2018
NFK,Norfolk Island,ALL_INC_POINTS,"All, including data recorded as points",MARINE,Marine,PCNT,Percent of total land/EEZ area,2019
NFK,Norfolk Island,ALL_INC_POINTS,"All, including data recorded as points",MARINE,Marine,PCNT,Percent of total land/EEZ area,2020
NFK,Norfolk Island,ALL_INC_POINTS,"All, including data recorded as points",MARINE,Marine,PCNT,Percent of total land/EEZ area,2021
MNP,Northern Mariana Islands,ALL_INC_POINTS,"All, including data recorded as points",MARINE,Marine,PCNT,Percent of total land/EEZ area,1950
MNP,Northern Mariana Islands,ALL_INC_POINTS,"All, including data recorded as points",MARINE,Marine,PCNT,Percent of total land/EEZ area,1960
MNP,Northern Mariana Islands,ALL_INC_POINTS,"All, including data recorded as points",MARINE,Marine,PCNT,Percent of total land/EEZ area,1970
MNP,Northern Mariana Islands,ALL_INC_POINTS,"All, including data recorded as points",MARINE,Marine,PCNT,Percent of total land/EEZ area,1980
MNP,Northern Mariana Islands,ALL_INC_POINTS,"All, including data recorded as points",MARINE,Marine,PCNT,Percent of total land/EEZ area,1985
MNP,Northern Mariana Islands,ALL_INC_POINTS,"All, including data recorded as points",MARINE,Marine,PCNT,Percent of total land/EEZ area,1990
MNP,Northern Mariana Islands,ALL_INC_POINTS,"All, including data recorded as points",MARINE,Marine,PCNT,Percent of total land/EEZ area,1995
MNP,Northern Mariana Islands,ALL_INC_POINTS,"All, including data recorded as points",MARINE,Marine,PCNT,Percent of total land/EEZ area,2000
MNP,Northern Mariana Islands,ALL_INC_POINTS,"All, including data recorded as points",MARINE,Marine,PCNT,Percent of total land/EEZ area,2001
MNP,Northern Mariana Islands,ALL_INC_POINTS,"All, including data recorded as points",MARINE,Marine,PCNT,Percent of total land/EEZ area,2002
MNP,Northern Mariana Islands,ALL_INC_POINTS,"All, including data recorded as points",MARINE,Marine,PCNT,Percent of total land/EEZ area,2003
MNP,Northern Mariana Islands,ALL_INC_POINTS,"All, including data recorded as points",MARINE,Marine,PCNT,Percent of total land/EEZ area,2004
MNP,Northern Mariana Islands,ALL_INC_POINTS,"All, including data recorded as points",MARINE,Marine,PCNT,Percent of total land/EEZ area,2005
MNP,Northern Mariana Islands,ALL_INC_POINTS,"All, including data recorded as points",MARINE,Marine,PCNT,Percent of total land/EEZ area,2006
MNP,Northern Mariana Islands,ALL_INC_POINTS,"All, including data recorded as points",MARINE,Marine,PCNT,Percent of total land/EEZ area,2007
MNP,Northern Mariana Islands,ALL_INC_POINTS,"All, including data recorded as points",MARINE,Marine,PCNT,Percent of total land/EEZ area,2008
MNP,Northern Mariana Islands,ALL_INC_POINTS,"All, including data recorded as points",MARINE,Marine,PCNT,Percent of total land/EEZ area,2009
MNP,Northern Mariana Islands,ALL_INC_POINTS,"All, including data recorded as points",MARINE,Marine,PCNT,Percent of total land/EEZ area,2010
MNP,Northern Mariana Islands,ALL_INC_POINTS,"All, including data recorded as points",MARINE,Marine,PCNT,Percent of total land/EEZ area,2011
MNP,Northern Mariana Islands,ALL_INC_POINTS,"All, including data recorded as points",MARINE,Marine,PCNT,Percent of total land/EEZ area,2012
MNP,Northern Mariana Islands,ALL_INC_POINTS,"All, including data recorded as points",MARINE,Marine,PCNT,Percent of total land/EEZ area,2013
MNP,Northern Mariana Islands,ALL_INC_POINTS,"All, including data recorded as points",MARINE,Marine,PCNT,Percent of total land/EEZ area,2014
MNP,Northern Mariana Islands,ALL_INC_POINTS,"All, including data recorded as points",MARINE,Marine,PCNT,Percent of total land/EEZ area,2015
MNP,Northern Mariana Islands,ALL_INC_POINTS,"All, including data recorded as points",MARINE,Marine,PCNT,Percent of total land/EEZ area,2016
MNP,Northern Mariana Islands,ALL_INC_POINTS,"All, including data recorded as points",MARINE,Marine,PCNT,Percent of total land/EEZ area,2017
MNP,Northern Mariana Islands,ALL_INC_POINTS,"All, including data recorded as points",MARINE,Marine,PCNT,Percent of total land/EEZ area,2018
MNP,Northern Mariana Islands,ALL_INC_POINTS,"All, including data recorded as points",MARINE,Marine,PCNT,Percent of total land/EEZ area,2019
MNP,Northern Mariana Islands,ALL_INC_POINTS,"All, including data recorded as points",MARINE,Marine,PCNT,Percent of total land/EEZ area,2020
MNP,Northern Mariana Islands,ALL_INC_POINTS,"All, including data recorded as points",MARINE,Marine,PCNT,Percent of total land/EEZ area,2021
PER,Peru,ALL_INC_POINTS,"All, including data recorded as points",MARINE,Marine,PCNT,Percent of total land/EEZ area,1950
PER,Peru,ALL_INC_POINTS,"All, including data recorded as points",MARINE,Marine,PCNT,Percent of total land/EEZ area,1960
PER,Peru,ALL_INC_POINTS,"All, including data recorded as points",MARINE,Marine,PCNT,Percent of total land/EEZ area,1970
PER,Peru,ALL_INC_POINTS,"All, including data recorded as points",MARINE,Marine,PCNT,Percent of total land/EEZ area,1980
PER,Peru,ALL_INC_POINTS,"All, including data recorded as points",MARINE,Marine,PCNT,Percent of total land/EEZ area,1985
PER,Peru,ALL_INC_POINTS,"All, including data recorded as points",MARINE,Marine,PCNT,Percent of total land/EEZ area,1990
PER,Peru,ALL_INC_POINTS,"All, including data recorded as points",MARINE,Marine,PCNT,Percent of total land/EEZ area,1995
PER,Peru,ALL_INC_POINTS,"All, including data recorded as points",MARINE,Marine,PCNT,Percent of total land/EEZ area,2000
PER,Peru,ALL_INC_POINTS,"All, including data recorded as points",MARINE,Marine,PCNT,Percent of total land/EEZ area,2001
PER,Peru,ALL_INC_POINTS,"All, including data recorded as points",MARINE,Marine,PCNT,Percent of total land/EEZ area,2002
PER,Peru,ALL_INC_POINTS,"All, including data recorded as points",MARINE,Marine,PCNT,Percent of total land/EEZ area,2003
PER,Peru,ALL_INC_POINTS,"All, including data recorded as points",MARINE,Marine,PCNT,Percent of total land/EEZ area,2004
PER,Peru,ALL_INC_POINTS,"All, including data recorded as points",MARINE,Marine,PCNT,Percent of total land/EEZ area,2005
PER,Peru,ALL_INC_POINTS,"All, including data recorded as points",MARINE,Marine,PCNT,Percent of total land/EEZ area,2006
PER,Peru,ALL_INC_POINTS,"All, including data recorded as points",MARINE,Marine,PCNT,Percent of total land/EEZ area,2007
PER,Peru,ALL_INC_POINTS,"All, including data recorded as points",MARINE,Marine,PCNT,Percent of total land/EEZ area,2008
PER,Peru,ALL_INC_POINTS,"All, including data recorded as points",MARINE,Marine,PCNT,Percent of total land/EEZ area,2009
PER,Peru,ALL_INC_POINTS,"All, including data recorded as points",MARINE,Marine,PCNT,Percent of total land/EEZ area,2010
PER,Peru,ALL_INC_POINTS,"All, including data recorded as points",MARINE,Marine,PCNT,Percent of total land/EEZ area,2011
PER,Peru,ALL_INC_POINTS,"All, including data recorded as points",MARINE,Marine,PCNT,Percent of total land/EEZ area,2012
PER,Peru,ALL_INC_POINTS,"All, including data recorded as points",MARINE,Marine,PCNT,Percent of total land/EEZ area,2013
PER,Peru,ALL_INC_POINTS,"All, including data recorded as points",MARINE,Marine,PCNT,Percent of total land/EEZ area,2014
PER,Peru,ALL_INC_POINTS,"All, including data recorded as points",MARINE,Marine,PCNT,Percent of total land/EEZ area,2015
PER,Peru,ALL_INC_POINTS,"All, including data recorded as points",MARINE,Marine,PCNT,Percent of total land/EEZ area,2016
PER,Peru,ALL_INC_POINTS,"All, including data recorded as points",MARINE,Marine,PCNT,Percent of total land/EEZ area,2017
PER,Peru,ALL_INC_POINTS,"All, including data recorded as points",MARINE,Marine,PCNT,Percent of total land/EEZ area,2018
PER,Peru,ALL_INC_POINTS,"All, including data recorded as points",MARINE,Marine,PCNT,Percent of total land/EEZ area,2019
PER,Peru,ALL_INC_POINTS,"All, including data recorded as points",MARINE,Marine,PCNT,Percent of total land/EEZ area,2020
PER,Peru,ALL_INC_POINTS,"All, including data recorded as points",MARINE,Marine,PCNT,Percent of total land/EEZ area,2021
PCN,Pitcairn,ALL_INC_POINTS,"All, including data recorded as points",MARINE,Marine,PCNT,Percent of total land/EEZ area,1950
PCN,Pitcairn,ALL_INC_POINTS,"All, including data recorded as points",MARINE,Marine,PCNT,Percent of total land/EEZ area,1960
PCN,Pitcairn,ALL_INC_POINTS,"All, including data recorded as points",MARINE,Marine,PCNT,Percent of total land/EEZ area,1970
PCN,Pitcairn,ALL_INC_POINTS,"All, including data recorded as points",MARINE,Marine,PCNT,Percent of total land/EEZ area,1980
PCN,Pitcairn,ALL_INC_POINTS,"All, including data recorded as points",MARINE,Marine,PCNT,Percent of total land/EEZ area,1985
PCN,Pitcairn,ALL_INC_POINTS,"All, including data recorded as points",MARINE,Marine,PCNT,Percent of total land/EEZ area,1990
PCN,Pitcairn,ALL_INC_POINTS,"All, including data recorded as points",MARINE,Marine,PCNT,Percent of total land/EEZ area,1995
PCN,Pitcairn,ALL_INC_POINTS,"All, including data recorded as points",MARINE,Marine,PCNT,Percent of total land/EEZ area,2000
PCN,Pitcairn,ALL_INC_POINTS,"All, including data recorded as points",MARINE,Marine,PCNT,Percent of total land/EEZ area,2001
PCN,Pitcairn,ALL_INC_POINTS,"All, including data recorded as points",MARINE,Marine,PCNT,Percent of total land/EEZ area,2002
PCN,Pitcairn,ALL_INC_POINTS,"All, including data recorded as points",MARINE,Marine,PCNT,Percent of total land/EEZ area,2003
PCN,Pitcairn,ALL_INC_POINTS,"All, including data recorded as points",MARINE,Marine,PCNT,Percent of total land/EEZ area,2004
PCN,Pitcairn,ALL_INC_POINTS,"All, including data recorded as points",MARINE,Marine,PCNT,Percent of total land/EEZ area,2005
PCN,Pitcairn,ALL_INC_POINTS,"All, including data recorded as points",MARINE,Marine,PCNT,Percent of total land/EEZ area,2006
PCN,Pitcairn,ALL_INC_POINTS,"All, including data recorded as points",MARINE,Marine,PCNT,Percent of total land/EEZ area,2007
PCN,Pitcairn,ALL_INC_POINTS,"All, including data recorded as points",MARINE,Marine,PCNT,Percent of total land/EEZ area,2008
PCN,Pitcairn,ALL_INC_POINTS,"All, including data recorded as points",MARINE,Marine,PCNT,Percent of total land/EEZ area,2009
PCN,Pitcairn,ALL_INC_POINTS,"All, including data recorded as points",MARINE,Marine,PCNT,Percent of total land/EEZ area,2010
PCN,Pitcairn,ALL_INC_POINTS,"All, including data recorded as points",MARINE,Marine,PCNT,Percent of total land/EEZ area,2011
PCN,Pitcairn,ALL_INC_POINTS,"All, including data recorded as points",MARINE,Marine,PCNT,Percent of total land/EEZ area,2012
PCN,Pitcairn,ALL_INC_POINTS,"All, including data recorded as points",MARINE,Marine,PCNT,Percent of total land/EEZ area,2013
PCN,Pitcairn,ALL_INC_POINTS,"All, including data recorded as points",MARINE,Marine,PCNT,Percent of total land/EEZ area,2014
PCN,Pitcairn,ALL_INC_POINTS,"All, including data recorded as points",MARINE,Marine,PCNT,Percent of total land/EEZ area,2015
PCN,Pitcairn,ALL_INC_POINTS,"All, including data recorded as points",MARINE,Marine,PCNT,Percent of total land/EEZ area,2016
PCN,Pitcairn,ALL_INC_POINTS,"All, including data recorded as points",MARINE,Marine,PCNT,Percent of total land/EEZ area,2017
PCN,Pitcairn,ALL_INC_POINTS,"All, including data recorded as points",MARINE,Marine,PCNT,Percent of total land/EEZ area,2018
PCN,Pitcairn,ALL_INC_POINTS,"All, including data recorded as points",MARINE,Marine,PCNT,Percent of total land/EEZ area,2019
PCN,Pitcairn,ALL_INC_POINTS,"All, including data recorded as points",MARINE,Marine,PCNT,Percent of total land/EEZ area,2020
PCN,Pitcairn,ALL_INC_POINTS,"All, including data recorded as points",MARINE,Marine,PCNT,Percent of total land/EEZ area,2021
PRI,Puerto Rico,ALL_INC_POINTS,"All, including data recorded as points",MARINE,Marine,PCNT,Percent of total land/EEZ area,1950
PRI,Puerto Rico,ALL_INC_POINTS,"All, including data recorded as points",MARINE,Marine,PCNT,Percent of total land/EEZ area,1960
PRI,Puerto Rico,ALL_INC_POINTS,"All, including data recorded as points",MARINE,Marine,PCNT,Percent of total land/EEZ area,1970
PRI,Puerto Rico,ALL_INC_POINTS,"All, including data recorded as points",MARINE,Marine,PCNT,Percent of total land/EEZ area,1980
PRI,Puerto Rico,ALL_INC_POINTS,"All, including data recorded as points",MARINE,Marine,PCNT,Percent of total land/EEZ area,1985
PRI,Puerto Rico,ALL_INC_POINTS,"All, including data recorded as points",MARINE,Marine,PCNT,Percent of total land/EEZ area,1990
PRI,Puerto Rico,ALL_INC_POINTS,"All, including data recorded as points",MARINE,Marine,PCNT,Percent of total land/EEZ area,1995
PRI,Puerto Rico,ALL_INC_POINTS,"All, including data recorded as points",MARINE,Marine,PCNT,Percent of total land/EEZ area,2000
PRI,Puerto Rico,ALL_INC_POINTS,"All, including data recorded as points",MARINE,Marine,PCNT,Percent of total land/EEZ area,2001
PRI,Puerto Rico,ALL_INC_POINTS,"All, including data recorded as points",MARINE,Marine,PCNT,Percent of total land/EEZ area,2002
PRI,Puerto Rico,ALL_INC_POINTS,"All, including data recorded as points",MARINE,Marine,PCNT,Percent of total land/EEZ area,2003
PRI,Puerto Rico,ALL_INC_POINTS,"All, including data recorded as points",MARINE,Marine,PCNT,Percent of total land/EEZ area,2004
PRI,Puerto Rico,ALL_INC_POINTS,"All, including data recorded as points",MARINE,Marine,PCNT,Percent of total land/EEZ area,2005
PRI,Puerto Rico,ALL_INC_POINTS,"All, including data recorded as points",MARINE,Marine,PCNT,Percent of total land/EEZ area,2006
PRI,Puerto Rico,ALL_INC_POINTS,"All, including data recorded as points",MARINE,Marine,PCNT,Percent of total land/EEZ area,2007
PRI,Puerto Rico,ALL_INC_POINTS,"All, including data recorded as points",MARINE,Marine,PCNT,Percent of total land/EEZ area,2008
PRI,Puerto Rico,ALL_INC_POINTS,"All, including data recorded as points",MARINE,Marine,PCNT,Percent of total land/EEZ area,2009
PRI,Puerto Rico,ALL_INC_POINTS,"All, including data recorded as points",MARINE,Marine,PCNT,Percent of total land/EEZ area,2010
PRI,Puerto Rico,ALL_INC_POINTS,"All, including data recorded as points",MARINE,Marine,PCNT,Percent of total land/EEZ area,2011
PRI,Puerto Rico,ALL_INC_POINTS,"All, including data recorded as points",MARINE,Marine,PCNT,Percent of total land/EEZ area,2012
PRI,Puerto Rico,ALL_INC_POINTS,"All, including data recorded as points",MARINE,Marine,PCNT,Percent of total land/EEZ area,2013
PRI,Puerto Rico,ALL_INC_POINTS,"All, including data recorded as points",MARINE,Marine,PCNT,Percent of total land/EEZ area,2014
PRI,Puerto Rico,ALL_INC_POINTS,"All, including data recorded as points",MARINE,Marine,PCNT,Percent of total land/EEZ area,2015
PRI,Puerto Rico,ALL_INC_POINTS,"All, including data recorded as points",MARINE,Marine,PCNT,Percent of total land/EEZ area,2016
PRI,Puerto Rico,ALL_INC_POINTS,"All, including data recorded as points",MARINE,Marine,PCNT,Percent of total land/EEZ area,2017
PRI,Puerto Rico,ALL_INC_POINTS,"All, including data recorded as points",MARINE,Marine,PCNT,Percent of total land/EEZ area,2018
PRI,Puerto Rico,ALL_INC_POINTS,"All, including data recorded as points",MARINE,Marine,PCNT,Percent of total land/EEZ area,2019
PRI,Puerto Rico,ALL_INC_POINTS,"All, including data recorded as points",MARINE,Marine,PCNT,Percent of total land/EEZ area,2020
PRI,Puerto Rico,ALL_INC_POINTS,"All, including data recorded as points",MARINE,Marine,PCNT,Percent of total land/EEZ area,2021
REU,Réunion,ALL_INC_POINTS,"All, including data recorded as points",MARINE,Marine,PCNT,Percent of total land/EEZ area,1950
REU,Réunion,ALL_INC_POINTS,"All, including data recorded as points",MARINE,Marine,PCNT,Percent of total land/EEZ area,1960
REU,Réunion,ALL_INC_POINTS,"All, including data recorded as points",MARINE,Marine,PCNT,Percent of total land/EEZ area,1970
REU,Réunion,ALL_INC_POINTS,"All, including data recorded as points",MARINE,Marine,PCNT,Percent of total land/EEZ area,1980
REU,Réunion,ALL_INC_POINTS,"All, including data recorded as points",MARINE,Marine,PCNT,Percent of total land/EEZ area,1985
REU,Réunion,ALL_INC_POINTS,"All, including data recorded as points",MARINE,Marine,PCNT,Percent of total land/EEZ area,1990
REU,Réunion,ALL_INC_POINTS,"All, including data recorded as points",MARINE,Marine,PCNT,Percent of total land/EEZ area,1995
REU,Réunion,ALL_INC_POINTS,"All, including data recorded as points",MARINE,Marine,PCNT,Percent of total land/EEZ area,2000
REU,Réunion,ALL_INC_POINTS,"All, including data recorded as points",MARINE,Marine,PCNT,Percent of total land/EEZ area,2001
REU,Réunion,ALL_INC_POINTS,"All, including data recorded as points",MARINE,Marine,PCNT,Percent of total land/EEZ area,2002
REU,Réunion,ALL_INC_POINTS,"All, including data recorded as points",MARINE,Marine,PCNT,Percent of total land/EEZ area,2003
REU,Réunion,ALL_INC_POINTS,"All, including data recorded as points",MARINE,Marine,PCNT,Percent of total land/EEZ area,2004
REU,Réunion,ALL_INC_POINTS,"All, including data recorded as points",MARINE,Marine,PCNT,Percent of total land/EEZ area,2005
REU,Réunion,ALL_INC_POINTS,"All, including data recorded as points",MARINE,Marine,PCNT,Percent of total land/EEZ area,2006
REU,Réunion,ALL_INC_POINTS,"All, including data recorded as points",MARINE,Marine,PCNT,Percent of total land/EEZ area,2007
REU,Réunion,ALL_INC_POINTS,"All, including data recorded as points",MARINE,Marine,PCNT,Percent of total land/EEZ area,2008
REU,Réunion,ALL_INC_POINTS,"All, including data recorded as points",MARINE,Marine,PCNT,Percent of total land/EEZ area,2009
REU,Réunion,ALL_INC_POINTS,"All, including data recorded as points",MARINE,Marine,PCNT,Percent of total land/EEZ area,2010
REU,Réunion,ALL_INC_POINTS,"All, including data recorded as points",MARINE,Marine,PCNT,Percent of total land/EEZ area,2011
REU,Réunion,ALL_INC_POINTS,"All, including data recorded as points",MARINE,Marine,PCNT,Percent of total land/EEZ area,2012
REU,Réunion,ALL_INC_POINTS,"All, including data recorded as points",MARINE,Marine,PCNT,Percent of total land/EEZ area,2013
REU,Réunion,ALL_INC_POINTS,"All, including data recorded as points",MARINE,Marine,PCNT,Percent of total land/EEZ area,2014
REU,Réunion,ALL_INC_POINTS,"All, including data recorded as points",MARINE,Marine,PCNT,Percent of total land/EEZ area,2015
REU,Réunion,ALL_INC_POINTS,"All, including data recorded as points",MARINE,Marine,PCNT,Percent of total land/EEZ area,2016
REU,Réunion,ALL_INC_POINTS,"All, including data recorded as points",MARINE,Marine,PCNT,Percent of total land/EEZ area,2017
REU,Réunion,ALL_INC_POINTS,"All, including data recorded as points",MARINE,Marine,PCNT,Percent of total land/EEZ area,2018
REU,Réunion,ALL_INC_POINTS,"All, including data recorded as points",MARINE,Marine,PCNT,Percent of total land/EEZ area,2019
REU,Réunion,ALL_INC_POINTS,"All, including data recorded as points",MARINE,Marine,PCNT,Percent of total land/EEZ area,2020
REU,Réunion,ALL_INC_POINTS,"All, including data recorded as points",MARINE,Marine,PCNT,Percent of total land/EEZ area,2021
ROU,Romania,ALL_INC_POINTS,"All, including data recorded as points",MARINE,Marine,PCNT,Percent of total land/EEZ area,1950
ROU,Romania,ALL_INC_POINTS,"All, including data recorded as points",MARINE,Marine,PCNT,Percent of total land/EEZ area,1960
ROU,Romania,ALL_INC_POINTS,"All, including data recorded as points",MARINE,Marine,PCNT,Percent of total land/EEZ area,1970
ROU,Romania,ALL_INC_POINTS,"All, including data recorded as points",MARINE,Marine,PCNT,Percent of total land/EEZ area,1980
ROU,Romania,ALL_INC_POINTS,"All, including data recorded as points",MARINE,Marine,PCNT,Percent of total land/EEZ area,1985
ROU,Romania,ALL_INC_POINTS,"All, including data recorded as points",MARINE,Marine,PCNT,Percent of total land/EEZ area,1990
ROU,Romania,ALL_INC_POINTS,"All, including data recorded as points",MARINE,Marine,PCNT,Percent of total land/EEZ area,1995
ROU,Romania,ALL_INC_POINTS,"All, including data recorded as points",MARINE,Marine,PCNT,Percent of total land/EEZ area,2000
ROU,Romania,ALL_INC_POINTS,"All, including data recorded as points",MARINE,Marine,PCNT,Percent of total land/EEZ area,2001
ROU,Romania,ALL_INC_POINTS,"All, including data recorded as points",MARINE,Marine,PCNT,Percent of total land/EEZ area,2002
ROU,Romania,ALL_INC_POINTS,"All, including data recorded as points",MARINE,Marine,PCNT,Percent of total land/EEZ area,2003
ROU,Romania,ALL_INC_POINTS,"All, including data recorded as points",MARINE,Marine,PCNT,Percent of total land/EEZ area,2004
ROU,Romania,ALL_INC_POINTS,"All, including data recorded as points",MARINE,Marine,PCNT,Percent of total land/EEZ area,2005
ROU,Romania,ALL_INC_POINTS,"All, including data recorded as points",MARINE,Marine,PCNT,Percent of total land/EEZ area,2006
ROU,Romania,ALL_INC_POINTS,"All, including data recorded as points",MARINE,Marine,PCNT,Percent of total land/EEZ area,2007
ROU,Romania,ALL_INC_POINTS,"All, including data recorded as points",MARINE,Marine,PCNT,Percent of total land/EEZ area,2008
ROU,Romania,ALL_INC_POINTS,"All, including data recorded as points",MARINE,Marine,PCNT,Percent of total land/EEZ area,2009
ROU,Romania,ALL_INC_POINTS,"All, including data recorded as points",MARINE,Marine,PCNT,Percent of total land/EEZ area,2010
ROU,Romania,ALL_INC_POINTS,"All, including data recorded as points",MARINE,Marine,PCNT,Percent of total land/EEZ area,2011
ROU,Romania,ALL_INC_POINTS,"All, including data recorded as points",MARINE,Marine,PCNT,Percent of total land/EEZ area,2012
ROU,Romania,ALL_INC_POINTS,"All, including data recorded as points",MARINE,Marine,PCNT,Percent of total land/EEZ area,2013
ROU,Romania,ALL_INC_POINTS,"All, including data recorded as points",MARINE,Marine,PCNT,Percent of total land/EEZ area,2014
ROU,Romania,ALL_INC_POINTS,"All, including data recorded as points",MARINE,Marine,PCNT,Percent of total land/EEZ area,2015
ROU,Romania,ALL_INC_POINTS,"All, including data recorded as points",MARINE,Marine,PCNT,Percent of total land/EEZ area,2016
ROU,Romania,ALL_INC_POINTS,"All, including data recorded as points",MARINE,Marine,PCNT,Percent of total land/EEZ area,2017
ROU,Romania,ALL_INC_POINTS,"All, including data recorded as points",MARINE,Marine,PCNT,Percent of total land/EEZ area,2018
ROU,Romania,ALL_INC_POINTS,"All, including data recorded as points",MARINE,Marine,PCNT,Percent of total land/EEZ area,2019
ROU,Romania,ALL_INC_POINTS,"All, including data recorded as points",MARINE,Marine,PCNT,Percent of total land/EEZ area,2020
ROU,Romania,ALL_INC_POINTS,"All, including data recorded as points",MARINE,Marine,PCNT,Percent of total land/EEZ area,2021
RUS,Russia,ALL_INC_POINTS,"All, including data recorded as points",MARINE,Marine,PCNT,Percent of total land/EEZ area,1950
RUS,Russia,ALL_INC_POINTS,"All, including data recorded as points",MARINE,Marine,PCNT,Percent of total land/EEZ area,1960
RUS,Russia,ALL_INC_POINTS,"All, including data recorded as points",MARINE,Marine,PCNT,Percent of total land/EEZ area,1970
RUS,Russia,ALL_INC_POINTS,"All, including data recorded as points",MARINE,Marine,PCNT,Percent of total land/EEZ area,1980
RUS,Russia,ALL_INC_POINTS,"All, including data recorded as points",MARINE,Marine,PCNT,Percent of total land/EEZ area,1985
RUS,Russia,ALL_INC_POINTS,"All, including data recorded as points",MARINE,Marine,PCNT,Percent of total land/EEZ area,1990
RUS,Russia,ALL_INC_POINTS,"All, including data recorded as points",MARINE,Marine,PCNT,Percent of total land/EEZ area,1995
RUS,Russia,ALL_INC_POINTS,"All, including data recorded as points",MARINE,Marine,PCNT,Percent of total land/EEZ area,2000
RUS,Russia,ALL_INC_POINTS,"All, including data recorded as points",MARINE,Marine,PCNT,Percent of total land/EEZ area,2001
RUS,Russia,ALL_INC_POINTS,"All, including data recorded as points",MARINE,Marine,PCNT,Percent of total land/EEZ area,2002
RUS,Russia,ALL_INC_POINTS,"All, including data recorded as points",MARINE,Marine,PCNT,Percent of total land/EEZ area,2003
RUS,Russia,ALL_INC_POINTS,"All, including data recorded as points",MARINE,Marine,PCNT,Percent of total land/EEZ area,2004
RUS,Russia,ALL_INC_POINTS,"All, including data recorded as points",MARINE,Marine,PCNT,Percent of total land/EEZ area,2005
RUS,Russia,ALL_INC_POINTS,"All, including data recorded as points",MARINE,Marine,PCNT,Percent of total land/EEZ area,2006
RUS,Russia,ALL_INC_POINTS,"All, including data recorded as points",MARINE,Marine,PCNT,Percent of total land/EEZ area,2007
RUS,Russia,ALL_INC_POINTS,"All, including data recorded as points",MARINE,Marine,PCNT,Percent of total land/EEZ area,2008
RUS,Russia,ALL_INC_POINTS,"All, including data recorded as points",MARINE,Marine,PCNT,Percent of total land/EEZ area,2009
RUS,Russia,ALL_INC_POINTS,"All, including data recorded as points",MARINE,Marine,PCNT,Percent of total land/EEZ area,2010
RUS,Russia,ALL_INC_POINTS,"All, including data recorded as points",MARINE,Marine,PCNT,Percent of total land/EEZ area,2011
RUS,Russia,ALL_INC_POINTS,"All, including data recorded as points",MARINE,Marine,PCNT,Percent of total land/EEZ area,2012
RUS,Russia,ALL_INC_POINTS,"All, including data recorded as points",MARINE,Marine,PCNT,Percent of total land/EEZ area,2013
RUS,Russia,ALL_INC_POINTS,"All, including data recorded as points",MARINE,Marine,PCNT,Percent of total land/EEZ area,2014
RUS,Russia,ALL_INC_POINTS,"All, including data recorded as points",MARINE,Marine,PCNT,Percent of total land/EEZ area,2015
RUS,Russia,ALL_INC_POINTS,"All, including data recorded as points",MARINE,Marine,PCNT,Percent of total land/EEZ area,2016
RUS,Russia,ALL_INC_POINTS,"All, including data recorded as points",MARINE,Marine,PCNT,Percent of total land/EEZ area,2017
RUS,Russia,ALL_INC_POINTS,"All, including data recorded as points",MARINE,Marine,PCNT,Percent of total land/EEZ area,2018
RUS,Russia,ALL_INC_POINTS,"All, including data recorded as points",MARINE,Marine,PCNT,Percent of total land/EEZ area,2019
RUS,Russia,ALL_INC_POINTS,"All, including data recorded as points",MARINE,Marine,PCNT,Percent of total land/EEZ area,2020
RUS,Russia,ALL_INC_POINTS,"All, including data recorded as points",MARINE,Marine,PCNT,Percent of total land/EEZ area,2021
SHN,Saint Helena,ALL_INC_POINTS,"All, including data recorded as points",MARINE,Marine,PCNT,Percent of total land/EEZ area,1950
SHN,Saint Helena,ALL_INC_POINTS,"All, including data recorded as points",MARINE,Marine,PCNT,Percent of total land/EEZ area,1960
SHN,Saint Helena,ALL_INC_POINTS,"All, including data recorded as points",MARINE,Marine,PCNT,Percent of total land/EEZ area,1970
SHN,Saint Helena,ALL_INC_POINTS,"All, including data recorded as points",MARINE,Marine,PCNT,Percent of total land/EEZ area,1980
SHN,Saint Helena,ALL_INC_POINTS,"All, including data recorded as points",MARINE,Marine,PCNT,Percent of total land/EEZ area,1985
SHN,Saint Helena,ALL_INC_POINTS,"All, including data recorded as points",MARINE,Marine,PCNT,Percent of total land/EEZ area,1990
SHN,Saint Helena,ALL_INC_POINTS,"All, including data recorded as points",MARINE,Marine,PCNT,Percent of total land/EEZ area,1995
SHN,Saint Helena,ALL_INC_POINTS,"All, including data recorded as points",MARINE,Marine,PCNT,Percent of total land/EEZ area,2000
SHN,Saint Helena,ALL_INC_POINTS,"All, including data recorded as points",MARINE,Marine,PCNT,Percent of total land/EEZ area,2001
SHN,Saint Helena,ALL_INC_POINTS,"All, including data recorded as points",MARINE,Marine,PCNT,Percent of total land/EEZ area,2002
SHN,Saint Helena,ALL_INC_POINTS,"All, including data recorded as points",MARINE,Marine,PCNT,Percent of total land/EEZ area,2003
SHN,Saint Helena,ALL_INC_POINTS,"All, including data recorded as points",MARINE,Marine,PCNT,Percent of total land/EEZ area,2004
SHN,Saint Helena,ALL_INC_POINTS,"All, including data recorded as points",MARINE,Marine,PCNT,Percent of total land/EEZ area,2005
SHN,Saint Helena,ALL_INC_POINTS,"All, including data recorded as points",MARINE,Marine,PCNT,Percent of total land/EEZ area,2006
SHN,Saint Helena,ALL_INC_POINTS,"All, including data recorded as points",MARINE,Marine,PCNT,Percent of total land/EEZ area,2007
SHN,Saint Helena,ALL_INC_POINTS,"All, including data recorded as points",MARINE,Marine,PCNT,Percent of total land/EEZ area,2008
SHN,Saint Helena,ALL_INC_POINTS,"All, including data recorded as points",MARINE,Marine,PCNT,Percent of total land/EEZ area,2009
SHN,Saint Helena,ALL_INC_POINTS,"All, including data recorded as points",MARINE,Marine,PCNT,Percent of total land/EEZ area,2010
SHN,Saint Helena,ALL_INC_POINTS,"All, including data recorded as points",MARINE,Marine,PCNT,Percent of total land/EEZ area,2011
SHN,Saint Helena,ALL_INC_POINTS,"All, including data recorded as points",MARINE,Marine,PCNT,Percent of total land/EEZ area,2012
SHN,Saint Helena,ALL_INC_POINTS,"All, including data recorded as points",MARINE,Marine,PCNT,Percent of total land/EEZ area,2013
SHN,Saint Helena,ALL_INC_POINTS,"All, including data recorded as points",MARINE,Marine,PCNT,Percent of total land/EEZ area,2014
SHN,Saint Helena,ALL_INC_POINTS,"All, including data recorded as points",MARINE,Marine,PCNT,Percent of total land/EEZ area,2015
SHN,Saint Helena,ALL_INC_POINTS,"All, including data recorded as points",MARINE,Marine,PCNT,Percent of total land/EEZ area,2016
SHN,Saint Helena,ALL_INC_POINTS,"All, including data recorded as points",MARINE,Marine,PCNT,Percent of total land/EEZ area,2017
SHN,Saint Helena,ALL_INC_POINTS,"All, including data recorded as points",MARINE,Marine,PCNT,Percent of total land/EEZ area,2018
SHN,Saint Helena,ALL_INC_POINTS,"All, including data recorded as points",MARINE,Marine,PCNT,Percent of total land/EEZ area,2019
SHN,Saint Helena,ALL_INC_POINTS,"All, including data recorded as points",MARINE,Marine,PCNT,Percent of total land/EEZ area,2020
SHN,Saint Helena,ALL_INC_POINTS,"All, including data recorded as points",MARINE,Marine,PCNT,Percent of total land/EEZ area,2021
SPM,Saint Pierre and Miquelon,ALL_INC_POINTS,"All, including data recorded as points",MARINE,Marine,PCNT,Percent of total land/EEZ area,1950
SPM,Saint Pierre and Miquelon,ALL_INC_POINTS,"All, including data recorded as points",MARINE,Marine,PCNT,Percent of total land/EEZ area,1960
SPM,Saint Pierre and Miquelon,ALL_INC_POINTS,"All, including data recorded as points",MARINE,Marine,PCNT,Percent of total land/EEZ area,1970
SPM,Saint Pierre and Miquelon,ALL_INC_POINTS,"All, including data recorded as points",MARINE,Marine,PCNT,Percent of total land/EEZ area,1980
SPM,Saint Pierre and Miquelon,ALL_INC_POINTS,"All, including data recorded as points",MARINE,Marine,PCNT,Percent of total land/EEZ area,1985
SPM,Saint Pierre and Miquelon,ALL_INC_POINTS,"All, including data recorded as points",MARINE,Marine,PCNT,Percent of total land/EEZ area,1990
SPM,Saint Pierre and Miquelon,ALL_INC_POINTS,"All, including data recorded as points",MARINE,Marine,PCNT,Percent of total land/EEZ area,1995
SPM,Saint Pierre and Miquelon,ALL_INC_POINTS,"All, including data recorded as points",MARINE,Marine,PCNT,Percent of total land/EEZ area,2000
SPM,Saint Pierre and Miquelon,ALL_INC_POINTS,"All, including data recorded as points",MARINE,Marine,PCNT,Percent of total land/EEZ area,2001
SPM,Saint Pierre and Miquelon,ALL_INC_POINTS,"All, including data recorded as points",MARINE,Marine,PCNT,Percent of total land/EEZ area,2002
SPM,Saint Pierre and Miquelon,ALL_INC_POINTS,"All, including data recorded as points",MARINE,Marine,PCNT,Percent of total land/EEZ area,2003
SPM,Saint Pierre and Miquelon,ALL_INC_POINTS,"All, including data recorded as points",MARINE,Marine,PCNT,Percent of total land/EEZ area,2004
SPM,Saint Pierre and Miquelon,ALL_INC_POINTS,"All, including data recorded as points",MARINE,Marine,PCNT,Percent of total land/EEZ area,2005
SPM,Saint Pierre and Miquelon,ALL_INC_POINTS,"All, including data recorded as points",MARINE,Marine,PCNT,Percent of total land/EEZ area,2006
SPM,Saint Pierre and Miquelon,ALL_INC_POINTS,"All, including data recorded as points",MARINE,Marine,PCNT,Percent of total land/EEZ area,2007
SPM,Saint Pierre and Miquelon,ALL_INC_POINTS,"All, including data recorded as points",MARINE,Marine,PCNT,Percent of total land/EEZ area,2008
SPM,Saint Pierre and Miquelon,ALL_INC_POINTS,"All, including data recorded as points",MARINE,Marine,PCNT,Percent of total land/EEZ area,2009
SPM,Saint Pierre and Miquelon,ALL_INC_POINTS,"All, including data recorded as points",MARINE,Marine,PCNT,Percent of total land/EEZ area,2010
SPM,Saint Pierre and Miquelon,ALL_INC_POINTS,"All, including data recorded as points",MARINE,Marine,PCNT,Percent of total land/EEZ area,2011
SPM,Saint Pierre and Miquelon,ALL_INC_POINTS,"All, including data recorded as points",MARINE,Marine,PCNT,Percent of total land/EEZ area,2012
SPM,Saint Pierre and Miquelon,ALL_INC_POINTS,"All, including data recorded as points",MARINE,Marine,PCNT,Percent of total land/EEZ area,2013
SPM,Saint Pierre and Miquelon,ALL_INC_POINTS,"All, including data recorded as points",MARINE,Marine,PCNT,Percent of total land/EEZ area,2014
SPM,Saint Pierre and Miquelon,ALL_INC_POINTS,"All, including data recorded as points",MARINE,Marine,PCNT,Percent of total land/EEZ area,2015
SPM,Saint Pierre and Miquelon,ALL_INC_POINTS,"All, including data recorded as points",MARINE,Marine,PCNT,Percent of total land/EEZ area,2016
SPM,Saint Pierre and Miquelon,ALL_INC_POINTS,"All, including data recorded as points",MARINE,Marine,PCNT,Percent of total land/EEZ area,2017
SPM,Saint Pierre and Miquelon,ALL_INC_POINTS,"All, including data recorded as points",MARINE,Marine,PCNT,Percent of total land/EEZ area,2018
SPM,Saint Pierre and Miquelon,ALL_INC_POINTS,"All, including data recorded as points",MARINE,Marine,PCNT,Percent of total land/EEZ area,2019
SPM,Saint Pierre and Miquelon,ALL_INC_POINTS,"All, including data recorded as points",MARINE,Marine,PCNT,Percent of total land/EEZ area,2020
SPM,Saint Pierre and Miquelon,ALL_INC_POINTS,"All, including data recorded as points",MARINE,Marine,PCNT,Percent of total land/EEZ area,2021
SAU,Saudi Arabia,ALL_INC_POINTS,"All, including data recorded as points",MARINE,Marine,PCNT,Percent of total land/EEZ area,1950
SAU,Saudi Arabia,ALL_INC_POINTS,"All, including data recorded as points",MARINE,Marine,PCNT,Percent of total land/EEZ area,1960
SAU,Saudi Arabia,ALL_INC_POINTS,"All, including data recorded as points",MARINE,Marine,PCNT,Percent of total land/EEZ area,1970
SAU,Saudi Arabia,ALL_INC_POINTS,"All, including data recorded as points",MARINE,Marine,PCNT,Percent of total land/EEZ area,1980
SAU,Saudi Arabia,ALL_INC_POINTS,"All, including data recorded as points",MARINE,Marine,PCNT,Percent of total land/EEZ area,1985
SAU,Saudi Arabia,ALL_INC_POINTS,"All, including data recorded as points",MARINE,Marine,PCNT,Percent of total land/EEZ area,1990
SAU,Saudi Arabia,ALL_INC_POINTS,"All, including data recorded as points",MARINE,Marine,PCNT,Percent of total land/EEZ area,1995
SAU,Saudi Arabia,ALL_INC_POINTS,"All, including data recorded as points",MARINE,Marine,PCNT,Percent of total land/EEZ area,2000
SAU,Saudi Arabia,ALL_INC_POINTS,"All, including data recorded as points",MARINE,Marine,PCNT,Percent of total land/EEZ area,2001
SAU,Saudi Arabia,ALL_INC_POINTS,"All, including data recorded as points",MARINE,Marine,PCNT,Percent of total land/EEZ area,2002
SAU,Saudi Arabia,ALL_INC_POINTS,"All, including data recorded as points",MARINE,Marine,PCNT,Percent of total land/EEZ area,2003
SAU,Saudi Arabia,ALL_INC_POINTS,"All, including data recorded as points",MARINE,Marine,PCNT,Percent of total land/EEZ area,2004
SAU,Saudi Arabia,ALL_INC_POINTS,"All, including data recorded as points",MARINE,Marine,PCNT,Percent of total land/EEZ area,2005
SAU,Saudi Arabia,ALL_INC_POINTS,"All, including data recorded as points",MARINE,Marine,PCNT,Percent of total land/EEZ area,2006
SAU,Saudi Arabia,ALL_INC_POINTS,"All, including data recorded as points",MARINE,Marine,PCNT,Percent of total land/EEZ area,2007
SAU,Saudi Arabia,ALL_INC_POINTS,"All, including data recorded as points",MARINE,Marine,PCNT,Percent of total land/EEZ area,2008
SAU,Saudi Arabia,ALL_INC_POINTS,"All, including data recorded as points",MARINE,Marine,PCNT,Percent of total land/EEZ area,2009
SAU,Saudi Arabia,ALL_INC_POINTS,"All, including data recorded as points",MARINE,Marine,PCNT,Percent of total land/EEZ area,2010
SAU,Saudi Arabia,ALL_INC_POINTS,"All, including data recorded as points",MARINE,Marine,PCNT,Percent of total land/EEZ area,2011
SAU,Saudi Arabia,ALL_INC_POINTS,"All, including data recorded as points",MARINE,Marine,PCNT,Percent of total land/EEZ area,2012
SAU,Saudi Arabia,ALL_INC_POINTS,"All, including data recorded as points",MARINE,Marine,PCNT,Percent of total land/EEZ area,2013
SAU,Saudi Arabia,ALL_INC_POINTS,"All, including data recorded as points",MARINE,Marine,PCNT,Percent of total land/EEZ area,2014
SAU,Saudi Arabia,ALL_INC_POINTS,"All, including data recorded as points",MARINE,Marine,PCNT,Percent of total land/EEZ area,2015
SAU,Saudi Arabia,ALL_INC_POINTS,"All, including data recorded as points",MARINE,Marine,PCNT,Percent of total land/EEZ area,2016
SAU,Saudi Arabia,ALL_INC_POINTS,"All, including data recorded as points",MARINE,Marine,PCNT,Percent of total land/EEZ area,2017
SAU,Saudi Arabia,ALL_INC_POINTS,"All, including data recorded as points",MARINE,Marine,PCNT,Percent of total land/EEZ area,2018
SAU,Saudi Arabia,ALL_INC_POINTS,"All, including data recorded as points",MARINE,Marine,PCNT,Percent of total land/EEZ area,2019
SAU,Saudi Arabia,ALL_INC_POINTS,"All, including data recorded as points",MARINE,Marine,PCNT,Percent of total land/EEZ area,2020
SAU,Saudi Arabia,ALL_INC_POINTS,"All, including data recorded as points",MARINE,Marine,PCNT,Percent of total land/EEZ area,2021
SVN,Slovenia,ALL_INC_POINTS,"All, including data recorded as points",MARINE,Marine,PCNT,Percent of total land/EEZ area,1950
SVN,Slovenia,ALL_INC_POINTS,"All, including data recorded as points",MARINE,Marine,PCNT,Percent of total land/EEZ area,1960
SVN,Slovenia,ALL_INC_POINTS,"All, including data recorded as points",MARINE,Marine,PCNT,Percent of total land/EEZ area,1970
SVN,Slovenia,ALL_INC_POINTS,"All, including data recorded as points",MARINE,Marine,PCNT,Percent of total land/EEZ area,1980
SVN,Slovenia,ALL_INC_POINTS,"All, including data recorded as points",MARINE,Marine,PCNT,Percent of total land/EEZ area,1985
SVN,Slovenia,ALL_INC_POINTS,"All, including data recorded as points",MARINE,Marine,PCNT,Percent of total land/EEZ area,1990
SVN,Slovenia,ALL_INC_POINTS,"All, including data recorded as points",MARINE,Marine,PCNT,Percent of total land/EEZ area,1995
SVN,Slovenia,ALL_INC_POINTS,"All, including data recorded as points",MARINE,Marine,PCNT,Percent of total land/EEZ area,2000
SVN,Slovenia,ALL_INC_POINTS,"All, including data recorded as points",MARINE,Marine,PCNT,Percent of total land/EEZ area,2001
SVN,Slovenia,ALL_INC_POINTS,"All, including data recorded as points",MARINE,Marine,PCNT,Percent of total land/EEZ area,2002
SVN,Slovenia,ALL_INC_POINTS,"All, including data recorded as points",MARINE,Marine,PCNT,Percent of total land/EEZ area,2003
SVN,Slovenia,ALL_INC_POINTS,"All, including data recorded as points",MARINE,Marine,PCNT,Percent of total land/EEZ area,2004
SVN,Slovenia,ALL_INC_POINTS,"All, including data recorded as points",MARINE,Marine,PCNT,Percent of total land/EEZ area,2005
SVN,Slovenia,ALL_INC_POINTS,"All, including data recorded as points",MARINE,Marine,PCNT,Percent of total land/EEZ area,2006
SVN,Slovenia,ALL_INC_POINTS,"All, including data recorded as points",MARINE,Marine,PCNT,Percent of total land/EEZ area,2007
SVN,Slovenia,ALL_INC_POINTS,"All, including data recorded as points",MARINE,Marine,PCNT,Percent of total land/EEZ area,2008
SVN,Slovenia,ALL_INC_POINTS,"All, including data recorded as points",MARINE,Marine,PCNT,Percent of total land/EEZ area,2009
SVN,Slovenia,ALL_INC_POINTS,"All, including data recorded as points",MARINE,Marine,PCNT,Percent of total land/EEZ area,2010
SVN,Slovenia,ALL_INC_POINTS,"All, including data recorded as points",MARINE,Marine,PCNT,Percent of total land/EEZ area,2011
SVN,Slovenia,ALL_INC_POINTS,"All, including data recorded as points",MARINE,Marine,PCNT,Percent of total land/EEZ area,2012
SVN,Slovenia,ALL_INC_POINTS,"All, including data recorded as points",MARINE,Marine,PCNT,Percent of total land/EEZ area,2013
SVN,Slovenia,ALL_INC_POINTS,"All, including data recorded as points",MARINE,Marine,PCNT,Percent of total land/EEZ area,2014
SVN,Slovenia,ALL_INC_POINTS,"All, including data recorded as points",MARINE,Marine,PCNT,Percent of total land/EEZ area,2015
SVN,Slovenia,ALL_INC_POINTS,"All, including data recorded as points",MARINE,Marine,PCNT,Percent of total land/EEZ area,2016
SVN,Slovenia,ALL_INC_POINTS,"All, including data recorded as points",MARINE,Marine,PCNT,Percent of total land/EEZ area,2017
SVN,Slovenia,ALL_INC_POINTS,"All, including data recorded as points",MARINE,Marine,PCNT,Percent of total land/EEZ area,2018
SVN,Slovenia,ALL_INC_POINTS,"All, including data recorded as points",MARINE,Marine,PCNT,Percent of total land/EEZ area,2019
SVN,Slovenia,ALL_INC_POINTS,"All, including data recorded as points",MARINE,Marine,PCNT,Percent of total land/EEZ area,2020
SVN,Slovenia,ALL_INC_POINTS,"All, including data recorded as points",MARINE,Marine,PCNT,Percent of total land/EEZ area,2021
ZAF,South Africa,ALL_INC_POINTS,"All, including data recorded as points",MARINE,Marine,PCNT,Percent of total land/EEZ area,1950
ZAF,South Africa,ALL_INC_POINTS,"All, including data recorded as points",MARINE,Marine,PCNT,Percent of total land/EEZ area,1960
ZAF,South Africa,ALL_INC_POINTS,"All, including data recorded as points",MARINE,Marine,PCNT,Percent of total land/EEZ area,1970
ZAF,South Africa,ALL_INC_POINTS,"All, including data recorded as points",MARINE,Marine,PCNT,Percent of total land/EEZ area,1980
ZAF,South Africa,ALL_INC_POINTS,"All, including data recorded as points",MARINE,Marine,PCNT,Percent of total land/EEZ area,1985
ZAF,South Africa,ALL_INC_POINTS,"All, including data recorded as points",MARINE,Marine,PCNT,Percent of total land/EEZ area,1990
ZAF,South Africa,ALL_INC_POINTS,"All, including data recorded as points",MARINE,Marine,PCNT,Percent of total land/EEZ area,1995
ZAF,South Africa,ALL_INC_POINTS,"All, including data recorded as points",MARINE,Marine,PCNT,Percent of total land/EEZ area,2000
ZAF,South Africa,ALL_INC_POINTS,"All, including data recorded as points",MARINE,Marine,PCNT,Percent of total land/EEZ area,2001
ZAF,South Africa,ALL_INC_POINTS,"All, including data recorded as points",MARINE,Marine,PCNT,Percent of total land/EEZ area,2002
ZAF,South Africa,ALL_INC_POINTS,"All, including data recorded as points",MARINE,Marine,PCNT,Percent of total land/EEZ area,2003
ZAF,South Africa,ALL_INC_POINTS,"All, including data recorded as points",MARINE,Marine,PCNT,Percent of total land/EEZ area,2004
ZAF,South Africa,ALL_INC_POINTS,"All, including data recorded as points",MARINE,Marine,PCNT,Percent of total land/EEZ area,2005
ZAF,South Africa,ALL_INC_POINTS,"All, including data recorded as points",MARINE,Marine,PCNT,Percent of total land/EEZ area,2006
ZAF,South Africa,ALL_INC_POINTS,"All, including data recorded as points",MARINE,Marine,PCNT,Percent of total land/EEZ area,2007
ZAF,South Africa,ALL_INC_POINTS,"All, including data recorded as points",MARINE,Marine,PCNT,Percent of total land/EEZ area,2008
ZAF,South Africa,ALL_INC_POINTS,"All, including data recorded as points",MARINE,Marine,PCNT,Percent of total land/EEZ area,2009
ZAF,South Africa,ALL_INC_POINTS,"All, including data recorded as points",MARINE,Marine,PCNT,Percent of total land/EEZ area,2010
ZAF,South Africa,ALL_INC_POINTS,"All, including data recorded as points",MARINE,Marine,PCNT,Percent of total land/EEZ area,2011
ZAF,South Africa,ALL_INC_POINTS,"All, including data recorded as points",MARINE,Marine,PCNT,Percent of total land/EEZ area,2012
ZAF,South Africa,ALL_INC_POINTS,"All, including data recorded as points",MARINE,Marine,PCNT,Percent of total land/EEZ area,2013
ZAF,South Africa,ALL_INC_POINTS,"All, including data recorded as points",MARINE,Marine,PCNT,Percent of total land/EEZ area,2014
ZAF,South Africa,ALL_INC_POINTS,"All, including data recorded as points",MARINE,Marine,PCNT,Percent of total land/EEZ area,2015
ZAF,South Africa,ALL_INC_POINTS,"All, including data recorded as points",MARINE,Marine,PCNT,Percent of total land/EEZ area,2016
ZAF,South Africa,ALL_INC_POINTS,"All, including data recorded as points",MARINE,Marine,PCNT,Percent of total land/EEZ area,2017
ZAF,South Africa,ALL_INC_POINTS,"All, including data recorded as points",MARINE,Marine,PCNT,Percent of total land/EEZ area,2018
ZAF,South Africa,ALL_INC_POINTS,"All, including data recorded as points",MARINE,Marine,PCNT,Percent of total land/EEZ area,2019
ZAF,South Africa,ALL_INC_POINTS,"All, including data recorded as points",MARINE,Marine,PCNT,Percent of total land/EEZ area,2020
ZAF,South Africa,ALL_INC_POINTS,"All, including data recorded as points",MARINE,Marine,PCNT,Percent of total land/EEZ area,2021
SJM,Svalbard and Jan Mayen,ALL_INC_POINTS,"All, including data recorded as points",MARINE,Marine,PCNT,Percent of total land/EEZ area,1950
SJM,Svalbard and Jan Mayen,ALL_INC_POINTS,"All, including data recorded as points",MARINE,Marine,PCNT,Percent of total land/EEZ area,1960
SJM,Svalbard and Jan Mayen,ALL_INC_POINTS,"All, including data recorded as points",MARINE,Marine,PCNT,Percent of total land/EEZ area,1970
SJM,Svalbard and Jan Mayen,ALL_INC_POINTS,"All, including data recorded as points",MARINE,Marine,PCNT,Percent of total land/EEZ area,1980
SJM,Svalbard and Jan Mayen,ALL_INC_POINTS,"All, including data recorded as points",MARINE,Marine,PCNT,Percent of total land/EEZ area,1985
SJM,Svalbard and Jan Mayen,ALL_INC_POINTS,"All, including data recorded as points",MARINE,Marine,PCNT,Percent of total land/EEZ area,1990
SJM,Svalbard and Jan Mayen,ALL_INC_POINTS,"All, including data recorded as points",MARINE,Marine,PCNT,Percent of total land/EEZ area,1995
SJM,Svalbard and Jan Mayen,ALL_INC_POINTS,"All, including data recorded as points",MARINE,Marine,PCNT,Percent of total land/EEZ area,2000
SJM,Svalbard and Jan Mayen,ALL_INC_POINTS,"All, including data recorded as points",MARINE,Marine,PCNT,Percent of total land/EEZ area,2001
SJM,Svalbard and Jan Mayen,ALL_INC_POINTS,"All, including data recorded as points",MARINE,Marine,PCNT,Percent of total land/EEZ area,2002
SJM,Svalbard and Jan Mayen,ALL_INC_POINTS,"All, including data recorded as points",MARINE,Marine,PCNT,Percent of total land/EEZ area,2003
SJM,Svalbard and Jan Mayen,ALL_INC_POINTS,"All, including data recorded as points",MARINE,Marine,PCNT,Percent of total land/EEZ area,2004
SJM,Svalbard and Jan Mayen,ALL_INC_POINTS,"All, including data recorded as points",MARINE,Marine,PCNT,Percent of total land/EEZ area,2005
SJM,Svalbard and Jan Mayen,ALL_INC_POINTS,"All, including data recorded as points",MARINE,Marine,PCNT,Percent of total land/EEZ area,2006
SJM,Svalbard and Jan Mayen,ALL_INC_POINTS,"All, including data recorded as points",MARINE,Marine,PCNT,Percent of total land/EEZ area,2007
SJM,Svalbard and Jan Mayen,ALL_INC_POINTS,"All, including data recorded as points",MARINE,Marine,PCNT,Percent of total land/EEZ area,2008
SJM,Svalbard and Jan Mayen,ALL_INC_POINTS,"All, including data recorded as points",MARINE,Marine,PCNT,Percent of total land/EEZ area,2009
SJM,Svalbard and Jan Mayen,ALL_INC_POINTS,"All, including data recorded as points",MARINE,Marine,PCNT,Percent of total land/EEZ area,2010
SJM,Svalbard and Jan Mayen,ALL_INC_POINTS,"All, including data recorded as points",MARINE,Marine,PCNT,Percent of total land/EEZ area,2011
SJM,Svalbard and Jan Mayen,ALL_INC_POINTS,"All, including data recorded as points",MARINE,Marine,PCNT,Percent of total land/EEZ area,2012
SJM,Svalbard and Jan Mayen,ALL_INC_POINTS,"All, including data recorded as points",MARINE,Marine,PCNT,Percent of total land/EEZ area,2013
SJM,Svalbard and Jan Mayen,ALL_INC_POINTS,"All, including data recorded as points",MARINE,Marine,PCNT,Percent of total land/EEZ area,2014
SJM,Svalbard and Jan Mayen,ALL_INC_POINTS,"All, including data recorded as points",MARINE,Marine,PCNT,Percent of total land/EEZ area,2015
SJM,Svalbard and Jan Mayen,ALL_INC_POINTS,"All, including data recorded as points",MARINE,Marine,PCNT,Percent of total land/EEZ area,2016
SJM,Svalbard and Jan Mayen,ALL_INC_POINTS,"All, including data recorded as points",MARINE,Marine,PCNT,Percent of total land/EEZ area,2017
SJM,Svalbard and Jan Mayen,ALL_INC_POINTS,"All, including data recorded as points",MARINE,Marine,PCNT,Percent of total land/EEZ area,2018
SJM,Svalbard and Jan Mayen,ALL_INC_POINTS,"All, including data recorded as points",MARINE,Marine,PCNT,Percent of total land/EEZ area,2019
SJM,Svalbard and Jan Mayen,ALL_INC_POINTS,"All, including data recorded as points",MARINE,Marine,PCNT,Percent of total land/EEZ area,2020
SJM,Svalbard and Jan Mayen,ALL_INC_POINTS,"All, including data recorded as points",MARINE,Marine,PCNT,Percent of total land/EEZ area,2021
TKL,Tokelau,ALL_INC_POINTS,"All, including data recorded as points",MARINE,Marine,PCNT,Percent of total land/EEZ area,1950
TKL,Tokelau,ALL_INC_POINTS,"All, including data recorded as points",MARINE,Marine,PCNT,Percent of total land/EEZ area,1960
TKL,Tokelau,ALL_INC_POINTS,"All, including data recorded as points",MARINE,Marine,PCNT,Percent of total land/EEZ area,1970
TKL,Tokelau,ALL_INC_POINTS,"All, including data recorded as points",MARINE,Marine,PCNT,Percent of total land/EEZ area,1980
TKL,Tokelau,ALL_INC_POINTS,"All, including data recorded as points",MARINE,Marine,PCNT,Percent of total land/EEZ area,1985
TKL,Tokelau,ALL_INC_POINTS,"All, including data recorded as points",MARINE,Marine,PCNT,Percent of total land/EEZ area,1990
TKL,Tokelau,ALL_INC_POINTS,"All, including data recorded as points",MARINE,Marine,PCNT,Percent of total land/EEZ area,1995
TKL,Tokelau,ALL_INC_POINTS,"All, including data recorded as points",MARINE,Marine,PCNT,Percent of total land/EEZ area,2000
TKL,Tokelau,ALL_INC_POINTS,"All, including data recorded as points",MARINE,Marine,PCNT,Percent of total land/EEZ area,2001
TKL,Tokelau,ALL_INC_POINTS,"All, including data recorded as points",MARINE,Marine,PCNT,Percent of total land/EEZ area,2002
TKL,Tokelau,ALL_INC_POINTS,"All, including data recorded as points",MARINE,Marine,PCNT,Percent of total land/EEZ area,2003
TKL,Tokelau,ALL_INC_POINTS,"All, including data recorded as points",MARINE,Marine,PCNT,Percent of total land/EEZ area,2004
TKL,Tokelau,ALL_INC_POINTS,"All, including data recorded as points",MARINE,Marine,PCNT,Percent of total land/EEZ area,2005
TKL,Tokelau,ALL_INC_POINTS,"All, including data recorded as points",MARINE,Marine,PCNT,Percent of total land/EEZ area,2006
TKL,Tokelau,ALL_INC_POINTS,"All, including data recorded as points",MARINE,Marine,PCNT,Percent of total land/EEZ area,2007
TKL,Tokelau,ALL_INC_POINTS,"All, including data recorded as points",MARINE,Marine,PCNT,Percent of total land/EEZ area,2008
TKL,Tokelau,ALL_INC_POINTS,"All, including data recorded as points",MARINE,Marine,PCNT,Percent of total land/EEZ area,2009
TKL,Tokelau,ALL_INC_POINTS,"All, including data recorded as points",MARINE,Marine,PCNT,Percent of total land/EEZ area,2010
TKL,Tokelau,ALL_INC_POINTS,"All, including data recorded as points",MARINE,Marine,PCNT,Percent of total land/EEZ area,2011
TKL,Tokelau,ALL_INC_POINTS,"All, including data recorded as points",MARINE,Marine,PCNT,Percent of total land/EEZ area,2012
TKL,Tokelau,ALL_INC_POINTS,"All, including data recorded as points",MARINE,Marine,PCNT,Percent of total land/EEZ area,2013
TKL,Tokelau,ALL_INC_POINTS,"All, including data recorded as points",MARINE,Marine,PCNT,Percent of total land/EEZ area,2014
TKL,Tokelau,ALL_INC_POINTS,"All, including data recorded as points",MARINE,Marine,PCNT,Percent of total land/EEZ area,2015
TKL,Tokelau,ALL_INC_POINTS,"All, including data recorded as points",MARINE,Marine,PCNT,Percent of total land/EEZ area,2016
TKL,Tokelau,ALL_INC_POINTS,"All, including data recorded as points",MARINE,Marine,PCNT,Percent of total land/EEZ area,2017
TKL,Tokelau,ALL_INC_POINTS,"All, including data recorded as points",MARINE,Marine,PCNT,Percent of total land/EEZ area,2018
TKL,Tokelau,ALL_INC_POINTS,"All, including data recorded as points",MARINE,Marine,PCNT,Percent of total land/EEZ area,2019
TKL,Tokelau,ALL_INC_POINTS,"All, including data recorded as points",MARINE,Marine,PCNT,Percent of total land/EEZ area,2020
TKL,Tokelau,ALL_INC_POINTS,"All, including data recorded as points",MARINE,Marine,PCNT,Percent of total land/EEZ area,2021
TCA,Turks and Caicos Islands,ALL_INC_POINTS,"All, including data recorded as points",MARINE,Marine,PCNT,Percent of total land/EEZ area,1950
TCA,Turks and Caicos Islands,ALL_INC_POINTS,"All, including data recorded as points",MARINE,Marine,PCNT,Percent of total land/EEZ area,1960
TCA,Turks and Caicos Islands,ALL_INC_POINTS,"All, including data recorded as points",MARINE,Marine,PCNT,Percent of total land/EEZ area,1970
TCA,Turks and Caicos Islands,ALL_INC_POINTS,"All, including data recorded as points",MARINE,Marine,PCNT,Percent of total land/EEZ area,1980
TCA,Turks and Caicos Islands,ALL_INC_POINTS,"All, including data recorded as points",MARINE,Marine,PCNT,Percent of total land/EEZ area,1985
TCA,Turks and Caicos Islands,ALL_INC_POINTS,"All, including data recorded as points",MARINE,Marine,PCNT,Percent of total land/EEZ area,1990
TCA,Turks and Caicos Islands,ALL_INC_POINTS,"All, including data recorded as points",MARINE,Marine,PCNT,Percent of total land/EEZ area,1995
TCA,Turks and Caicos Islands,ALL_INC_POINTS,"All, including data recorded as points",MARINE,Marine,PCNT,Percent of total land/EEZ area,2000
TCA,Turks and Caicos Islands,ALL_INC_POINTS,"All, including data recorded as points",MARINE,Marine,PCNT,Percent of total land/EEZ area,2001
TCA,Turks and Caicos Islands,ALL_INC_POINTS,"All, including data recorded as points",MARINE,Marine,PCNT,Percent of total land/EEZ area,2002
TCA,Turks and Caicos Islands,ALL_INC_POINTS,"All, including data recorded as points",MARINE,Marine,PCNT,Percent of total land/EEZ area,2003
TCA,Turks and Caicos Islands,ALL_INC_POINTS,"All, including data recorded as points",MARINE,Marine,PCNT,Percent of total land/EEZ area,2004
TCA,Turks and Caicos Islands,ALL_INC_POINTS,"All, including data recorded as points",MARINE,Marine,PCNT,Percent of total land/EEZ area,2005
TCA,Turks and Caicos Islands,ALL_INC_POINTS,"All, including data recorded as points",MARINE,Marine,PCNT,Percent of total land/EEZ area,2006
TCA,Turks and Caicos Islands,ALL_INC_POINTS,"All, including data recorded as points",MARINE,Marine,PCNT,Percent of total land/EEZ area,2007
TCA,Turks and Caicos Islands,ALL_INC_POINTS,"All, including data recorded as points",MARINE,Marine,PCNT,Percent of total land/EEZ area,2008
TCA,Turks and Caicos Islands,ALL_INC_POINTS,"All, including data recorded as points",MARINE,Marine,PCNT,Percent of total land/EEZ area,2009
TCA,Turks and Caicos Islands,ALL_INC_POINTS,"All, including data recorded as points",MARINE,Marine,PCNT,Percent of total land/EEZ area,2010
TCA,Turks and Caicos Islands,ALL_INC_POINTS,"All, including data recorded as points",MARINE,Marine,PCNT,Percent of total land/EEZ area,2011
TCA,Turks and Caicos Islands,ALL_INC_POINTS,"All, including data recorded as points",MARINE,Marine,PCNT,Percent of total land/EEZ area,2012
TCA,Turks and Caicos Islands,ALL_INC_POINTS,"All, including data recorded as points",MARINE,Marine,PCNT,Percent of total land/EEZ area,2013
TCA,Turks and Caicos Islands,ALL_INC_POINTS,"All, including data recorded as points",MARINE,Marine,PCNT,Percent of total land/EEZ area,2014
TCA,Turks and Caicos Islands,ALL_INC_POINTS,"All, including data recorded as points",MARINE,Marine,PCNT,Percent of total land/EEZ area,2015
TCA,Turks and Caicos Islands,ALL_INC_POINTS,"All, including data recorded as points",MARINE,Marine,PCNT,Percent of total land/EEZ area,2016
TCA,Turks and Caicos Islands,ALL_INC_POINTS,"All, including data recorded as points",MARINE,Marine,PCNT,Percent of total land/EEZ area,2017
TCA,Turks and Caicos Islands,ALL_INC_POINTS,"All, including data recorded as points",MARINE,Marine,PCNT,Percent of total land/EEZ area,2018
TCA,Turks and Caicos Islands,ALL_INC_POINTS,"All, including data recorded as points",MARINE,Marine,PCNT,Percent of total land/EEZ area,2019
TCA,Turks and Caicos Islands,ALL_INC_POINTS,"All, including data recorded as points",MARINE,Marine,PCNT,Percent of total land/EEZ area,2020
TCA,Turks and Caicos Islands,ALL_INC_POINTS,"All, including data recorded as points",MARINE,Marine,PCNT,Percent of total land/EEZ area,2021
UKR,Ukraine,ALL_INC_POINTS,"All, including data recorded as points",MARINE,Marine,PCNT,Percent of total land/EEZ area,1950
UKR,Ukraine,ALL_INC_POINTS,"All, including data recorded as points",MARINE,Marine,PCNT,Percent of total land/EEZ area,1960
UKR,Ukraine,ALL_INC_POINTS,"All, including data recorded as points",MARINE,Marine,PCNT,Percent of total land/EEZ area,1970
UKR,Ukraine,ALL_INC_POINTS,"All, including data recorded as points",MARINE,Marine,PCNT,Percent of total land/EEZ area,1980
UKR,Ukraine,ALL_INC_POINTS,"All, including data recorded as points",MARINE,Marine,PCNT,Percent of total land/EEZ area,1985
UKR,Ukraine,ALL_INC_POINTS,"All, including data recorded as points",MARINE,Marine,PCNT,Percent of total land/EEZ area,1990
UKR,Ukraine,ALL_INC_POINTS,"All, including data recorded as points",MARINE,Marine,PCNT,Percent of total land/EEZ area,1995
UKR,Ukraine,ALL_INC_POINTS,"All, including data recorded as points",MARINE,Marine,PCNT,Percent of total land/EEZ area,2000
UKR,Ukraine,ALL_INC_POINTS,"All, including data recorded as points",MARINE,Marine,PCNT,Percent of total land/EEZ area,2001
UKR,Ukraine,ALL_INC_POINTS,"All, including data recorded as points",MARINE,Marine,PCNT,Percent of total land/EEZ area,2002
UKR,Ukraine,ALL_INC_POINTS,"All, including data recorded as points",MARINE,Marine,PCNT,Percent of total land/EEZ area,2003
UKR,Ukraine,ALL_INC_POINTS,"All, including data recorded as points",MARINE,Marine,PCNT,Percent of total land/EEZ area,2004
UKR,Ukraine,ALL_INC_POINTS,"All, including data recorded as points",MARINE,Marine,PCNT,Percent of total land/EEZ area,2005
UKR,Ukraine,ALL_INC_POINTS,"All, including data recorded as points",MARINE,Marine,PCNT,Percent of total land/EEZ area,2006
UKR,Ukraine,ALL_INC_POINTS,"All, including data recorded as points",MARINE,Marine,PCNT,Percent of total land/EEZ area,2007
UKR,Ukraine,ALL_INC_POINTS,"All, including data recorded as points",MARINE,Marine,PCNT,Percent of total land/EEZ area,2008
UKR,Ukraine,ALL_INC_POINTS,"All, including data recorded as points",MARINE,Marine,PCNT,Percent of total land/EEZ area,2009
UKR,Ukraine,ALL_INC_POINTS,"All, including data recorded as points",MARINE,Marine,PCNT,Percent of total land/EEZ area,2010
UKR,Ukraine,ALL_INC_POINTS,"All, including data recorded as points",MARINE,Marine,PCNT,Percent of total land/EEZ area,2011
UKR,Ukraine,ALL_INC_POINTS,"All, including data recorded as points",MARINE,Marine,PCNT,Percent of total land/EEZ area,2012
UKR,Ukraine,ALL_INC_POINTS,"All, including data recorded as points",MARINE,Marine,PCNT,Percent of total land/EEZ area,2013
UKR,Ukraine,ALL_INC_POINTS,"All, including data recorded as points",MARINE,Marine,PCNT,Percent of total land/EEZ area,2014
UKR,Ukraine,ALL_INC_POINTS,"All, including data recorded as points",MARINE,Marine,PCNT,Percent of total land/EEZ area,2015
UKR,Ukraine,ALL_INC_POINTS,"All, including data recorded as points",MARINE,Marine,PCNT,Percent of total land/EEZ area,2016
UKR,Ukraine,ALL_INC_POINTS,"All, including data recorded as points",MARINE,Marine,PCNT,Percent of total land/EEZ area,2017
UKR,Ukraine,ALL_INC_POINTS,"All, including data recorded as points",MARINE,Marine,PCNT,Percent of total land/EEZ area,2018
UKR,Ukraine,ALL_INC_POINTS,"All, including data recorded as points",MARINE,Marine,PCNT,Percent of total land/EEZ area,2019
UKR,Ukraine,ALL_INC_POINTS,"All, including data recorded as points",MARINE,Marine,PCNT,Percent of total land/EEZ area,2020
UKR,Ukraine,ALL_INC_POINTS,"All, including data recorded as points",MARINE,Marine,PCNT,Percent of total land/EEZ area,2021
VIR,United States Virgin Islands,ALL_INC_POINTS,"All, including data recorded as points",MARINE,Marine,PCNT,Percent of total land/EEZ area,1950
VIR,United States Virgin Islands,ALL_INC_POINTS,"All, including data recorded as points",MARINE,Marine,PCNT,Percent of total land/EEZ area,1960
VIR,United States Virgin Islands,ALL_INC_POINTS,"All, including data recorded as points",MARINE,Marine,PCNT,Percent of total land/EEZ area,1970
VIR,United States Virgin Islands,ALL_INC_POINTS,"All, including data recorded as points",MARINE,Marine,PCNT,Percent of total land/EEZ area,1980
VIR,United States Virgin Islands,ALL_INC_POINTS,"All, including data recorded as points",MARINE,Marine,PCNT,Percent of total land/EEZ area,1985
VIR,United States Virgin Islands,ALL_INC_POINTS,"All, including data recorded as points",MARINE,Marine,PCNT,Percent of total land/EEZ area,1990
VIR,United States Virgin Islands,ALL_INC_POINTS,"All, including data recorded as points",MARINE,Marine,PCNT,Percent of total land/EEZ area,1995
VIR,United States Virgin Islands,ALL_INC_POINTS,"All, including data recorded as points",MARINE,Marine,PCNT,Percent of total land/EEZ area,2000
VIR,United States Virgin Islands,ALL_INC_POINTS,"All, including data recorded as points",MARINE,Marine,PCNT,Percent of total land/EEZ area,2001
VIR,United States Virgin Islands,ALL_INC_POINTS,"All, including data recorded as points",MARINE,Marine,PCNT,Percent of total land/EEZ area,2002
VIR,United States Virgin Islands,ALL_INC_POINTS,"All, including data recorded as points",MARINE,Marine,PCNT,Percent of total land/EEZ area,2003
VIR,United States Virgin Islands,ALL_INC_POINTS,"All, including data recorded as points",MARINE,Marine,PCNT,Percent of total land/EEZ area,2004
VIR,United States Virgin Islands,ALL_INC_POINTS,"All, including data recorded as points",MARINE,Marine,PCNT,Percent of total land/EEZ area,2005
VIR,United States Virgin Islands,ALL_INC_POINTS,"All, including data recorded as points",MARINE,Marine,PCNT,Percent of total land/EEZ area,2006
VIR,United States Virgin Islands,ALL_INC_POINTS,"All, including data recorded as points",MARINE,Marine,PCNT,Percent of total land/EEZ area,2007
VIR,United States Virgin Islands,ALL_INC_POINTS,"All, including data recorded as points",MARINE,Marine,PCNT,Percent of total land/EEZ area,2008
VIR,United States Virgin Islands,ALL_INC_POINTS,"All, including data recorded as points",MARINE,Marine,PCNT,Percent of total land/EEZ area,2009
VIR,United States Virgin Islands,ALL_INC_POINTS,"All, including data recorded as points",MARINE,Marine,PCNT,Percent of total land/EEZ area,2010
VIR,United States Virgin Islands,ALL_INC_POINTS,"All, including data recorded as points",MARINE,Marine,PCNT,Percent of total land/EEZ area,2011
VIR,United States Virgin Islands,ALL_INC_POINTS,"All, including data recorded as points",MARINE,Marine,PCNT,Percent of total land/EEZ area,2012
VIR,United States Virgin Islands,ALL_INC_POINTS,"All, including data recorded as points",MARINE,Marine,PCNT,Percent of total land/EEZ area,2013
VIR,United States Virgin Islands,ALL_INC_POINTS,"All, including data recorded as points",MARINE,Marine,PCNT,Percent of total land/EEZ area,2014
VIR,United States Virgin Islands,ALL_INC_POINTS,"All, including data recorded as points",MARINE,Marine,PCNT,Percent of total land/EEZ area,2015
VIR,United States Virgin Islands,ALL_INC_POINTS,"All, including data recorded as points",MARINE,Marine,PCNT,Percent of total land/EEZ area,2016
VIR,United States Virgin Islands,ALL_INC_POINTS,"All, including data recorded as points",MARINE,Marine,PCNT,Percent of total land/EEZ area,2017
VIR,United States Virgin Islands,ALL_INC_POINTS,"All, including data recorded as points",MARINE,Marine,PCNT,Percent of total land/EEZ area,2018
VIR,United States Virgin Islands,ALL_INC_POINTS,"All, including data recorded as points",MARINE,Marine,PCNT,Percent of total land/EEZ area,2019
VIR,United States Virgin Islands,ALL_INC_POINTS,"All, including data recorded as points",MARINE,Marine,PCNT,Percent of total land/EEZ area,2020
VIR,United States Virgin Islands,ALL_INC_POINTS,"All, including data recorded as points",MARINE,Marine,PCNT,Percent of total land/EEZ area,2021
WLF,Wallis and Futuna,ALL_INC_POINTS,"All, including data recorded as points",MARINE,Marine,PCNT,Percent of total land/EEZ area,1950
WLF,Wallis and Futuna,ALL_INC_POINTS,"All, including data recorded as points",MARINE,Marine,PCNT,Percent of total land/EEZ area,1960
WLF,Wallis and Futuna,ALL_INC_POINTS,"All, including data recorded as points",MARINE,Marine,PCNT,Percent of total land/EEZ area,1970
WLF,Wallis and Futuna,ALL_INC_POINTS,"All, including data recorded as points",MARINE,Marine,PCNT,Percent of total land/EEZ area,1980
WLF,Wallis and Futuna,ALL_INC_POINTS,"All, including data recorded as points",MARINE,Marine,PCNT,Percent of total land/EEZ area,1985
WLF,Wallis and Futuna,ALL_INC_POINTS,"All, including data recorded as points",MARINE,Marine,PCNT,Percent of total land/EEZ area,1990
WLF,Wallis and Futuna,ALL_INC_POINTS,"All, including data recorded as points",MARINE,Marine,PCNT,Percent of total land/EEZ area,1995
WLF,Wallis and Futuna,ALL_INC_POINTS,"All, including data recorded as points",MARINE,Marine,PCNT,Percent of total land/EEZ area,2000
WLF,Wallis and Futuna,ALL_INC_POINTS,"All, including data recorded as points",MARINE,Marine,PCNT,Percent of total land/EEZ area,2001
WLF,Wallis and Futuna,ALL_INC_POINTS,"All, including data recorded as points",MARINE,Marine,PCNT,Percent of total land/EEZ area,2002
WLF,Wallis and Futuna,ALL_INC_POINTS,"All, including data recorded as points",MARINE,Marine,PCNT,Percent of total land/EEZ area,2003
WLF,Wallis and Futuna,ALL_INC_POINTS,"All, including data recorded as points",MARINE,Marine,PCNT,Percent of total land/EEZ area,2004
WLF,Wallis and Futuna,ALL_INC_POINTS,"All, including data recorded as points",MARINE,Marine,PCNT,Percent of total land/EEZ area,2005
WLF,Wallis and Futuna,ALL_INC_POINTS,"All, including data recorded as points",MARINE,Marine,PCNT,Percent of total land/EEZ area,2006
WLF,Wallis and Futuna,ALL_INC_POINTS,"All, including data recorded as points",MARINE,Marine,PCNT,Percent of total land/EEZ area,2007
WLF,Wallis and Futuna,ALL_INC_POINTS,"All, including data recorded as points",MARINE,Marine,PCNT,Percent of total land/EEZ area,2008
WLF,Wallis and Futuna,ALL_INC_POINTS,"All, including data recorded as points",MARINE,Marine,PCNT,Percent of total land/EEZ area,2009
WLF,Wallis and Futuna,ALL_INC_POINTS,"All, including data recorded as points",MARINE,Marine,PCNT,Percent of total land/EEZ area,2010
WLF,Wallis and Futuna,ALL_INC_POINTS,"All, including data recorded as points",MARINE,Marine,PCNT,Percent of total land/EEZ area,2011
WLF,Wallis and Futuna,ALL_INC_POINTS,"All, including data recorded as points",MARINE,Marine,PCNT,Percent of total land/EEZ area,2012
WLF,Wallis and Futuna,ALL_INC_POINTS,"All, including data recorded as points",MARINE,Marine,PCNT,Percent of total land/EEZ area,2013
WLF,Wallis and Futuna,ALL_INC_POINTS,"All, including data recorded as points",MARINE,Marine,PCNT,Percent of total land/EEZ area,2014
WLF,Wallis and Futuna,ALL_INC_POINTS,"All, including data recorded as points",MARINE,Marine,PCNT,Percent of total land/EEZ area,2015
WLF,Wallis and Futuna,ALL_INC_POINTS,"All, including data recorded as points",MARINE,Marine,PCNT,Percent of total land/EEZ area,2016
WLF,Wallis and Futuna,ALL_INC_POINTS,"All, including data recorded as points",MARINE,Marine,PCNT,Percent of total land/EEZ area,2017
WLF,Wallis and Futuna,ALL_INC_POINTS,"All, including data recorded as points",MARINE,Marine,PCNT,Percent of total land/EEZ area,2018
WLF,Wallis and Futuna,ALL_INC_POINTS,"All, including data recorded as points",MARINE,Marine,PCNT,Percent of total land/EEZ area,2019
WLF,Wallis and Futuna,ALL_INC_POINTS,"All, including data recorded as points",MARINE,Marine,PCNT,Percent of total land/EEZ area,2020
WLF,Wallis and Futuna,ALL_INC_POINTS,"All, including data recorded as points",MARINE,Marine,PCNT,Percent of total land/EEZ area,2021
WLD,World,ALL_INC_POINTS,"All, including data recorded as points",MARINE,Marine,PCNT,Percent of total land/EEZ area,1950
WLD,World,ALL_INC_POINTS,"All, including data recorded as points",MARINE,Marine,PCNT,Percent of total land/EEZ area,1960
WLD,World,ALL_INC_POINTS,"All, including data recorded as points",MARINE,Marine,PCNT,Percent of total land/EEZ area,1970
WLD,World,ALL_INC_POINTS,"All, including data recorded as points",MARINE,Marine,PCNT,Percent of total land/EEZ area,1980
WLD,World,ALL_INC_POINTS,"All, including data recorded as points",MARINE,Marine,PCNT,Percent of total land/EEZ area,1985
WLD,World,ALL_INC_POINTS,"All, including data recorded as points",MARINE,Marine,PCNT,Percent of total land/EEZ area,1990
WLD,World,ALL_INC_POINTS,"All, including data recorded as points",MARINE,Marine,PCNT,Percent of total land/EEZ area,1995
WLD,World,ALL_INC_POINTS,"All, including data recorded as points",MARINE,Marine,PCNT,Percent of total land/EEZ area,2000
WLD,World,ALL_INC_POINTS,"All, including data recorded as points",MARINE,Marine,PCNT,Percent of total land/EEZ area,2001
WLD,World,ALL_INC_POINTS,"All, including data recorded as points",MARINE,Marine,PCNT,Percent of total land/EEZ area,2002
WLD,World,ALL_INC_POINTS,"All, including data recorded as points",MARINE,Marine,PCNT,Percent of total land/EEZ area,2003
WLD,World,ALL_INC_POINTS,"All, including data recorded as points",MARINE,Marine,PCNT,Percent of total land/EEZ area,2004
WLD,World,ALL_INC_POINTS,"All, including data recorded as points",MARINE,Marine,PCNT,Percent of total land/EEZ area,2005
WLD,World,ALL_INC_POINTS,"All, including data recorded as points",MARINE,Marine,PCNT,Percent of total land/EEZ area,2006
WLD,World,ALL_INC_POINTS,"All, including data recorded as points",MARINE,Marine,PCNT,Percent of total land/EEZ area,2007
WLD,World,ALL_INC_POINTS,"All, including data recorded as points",MARINE,Marine,PCNT,Percent of total land/EEZ area,2008
WLD,World,ALL_INC_POINTS,"All, including data recorded as points",MARINE,Marine,PCNT,Percent of total land/EEZ area,2009
WLD,World,ALL_INC_POINTS,"All, including data recorded as points",MARINE,Marine,PCNT,Percent of total land/EEZ area,2010
WLD,World,ALL_INC_POINTS,"All, including data recorded as points",MARINE,Marine,PCNT,Percent of total land/EEZ area,2011
WLD,World,ALL_INC_POINTS,"All, including data recorded as points",MARINE,Marine,PCNT,Percent of total land/EEZ area,2012
WLD,World,ALL_INC_POINTS,"All, including data recorded as points",MARINE,Marine,PCNT,Percent of total land/EEZ area,2013
WLD,World,ALL_INC_POINTS,"All, including data recorded as points",MARINE,Marine,PCNT,Percent of total land/EEZ area,2014
WLD,World,ALL_INC_POINTS,"All, including data recorded as points",MARINE,Marine,PCNT,Percent of total land/EEZ area,2015
WLD,World,ALL_INC_POINTS,"All, including data recorded as points",MARINE,Marine,PCNT,Percent of total land/EEZ area,2016
WLD,World,ALL_INC_POINTS,"All, including data recorded as points",MARINE,Marine,PCNT,Percent of total land/EEZ area,2017
WLD,World,ALL_INC_POINTS,"All, including data recorded as points",MARINE,Marine,PCNT,Percent of total land/EEZ area,2018
WLD,World,ALL_INC_POINTS,"All, including data recorded as points",MARINE,Marine,PCNT,Percent of total land/EEZ area,2019
WLD,World,ALL_INC_POINTS,"All, including data recorded as points",MARINE,Marine,PCNT,Percent of total land/EEZ area,2020
WLD,World,ALL_INC_POINTS,"All, including data recorded as points",MARINE,Marine,PCNT,Percent of total land/EEZ area,2021
BVT,Bouvet Island,ALL_INC_POINTS,"All, including data recorded as points",MARINE,Marine,PCNT,Percent of total land/EEZ area,1950
BVT,Bouvet Island,ALL_INC_POINTS,"All, including data recorded as points",MARINE,Marine,PCNT,Percent of total land/EEZ area,1960
BVT,Bouvet Island,ALL_INC_POINTS,"All, including data recorded as points",MARINE,Marine,PCNT,Percent of total land/EEZ area,1970
BVT,Bouvet Island,ALL_INC_POINTS,"All, including data recorded as points",MARINE,Marine,PCNT,Percent of total land/EEZ area,1980
BVT,Bouvet Island,ALL_INC_POINTS,"All, including data recorded as points",MARINE,Marine,PCNT,Percent of total land/EEZ area,1985
BVT,Bouvet Island,ALL_INC_POINTS,"All, including data recorded as points",MARINE,Marine,PCNT,Percent of total land/EEZ area,1990
BVT,Bouvet Island,ALL_INC_POINTS,"All, including data recorded as points",MARINE,Marine,PCNT,Percent of total land/EEZ area,1995
BVT,Bouvet Island,ALL_INC_POINTS,"All, including data recorded as points",MARINE,Marine,PCNT,Percent of total land/EEZ area,2000
BVT,Bouvet Island,ALL_INC_POINTS,"All, including data recorded as points",MARINE,Marine,PCNT,Percent of total land/EEZ area,2001
BVT,Bouvet Island,ALL_INC_POINTS,"All, including data recorded as points",MARINE,Marine,PCNT,Percent of total land/EEZ area,2002
BVT,Bouvet Island,ALL_INC_POINTS,"All, including data recorded as points",MARINE,Marine,PCNT,Percent of total land/EEZ area,2003
BVT,Bouvet Island,ALL_INC_POINTS,"All, including data recorded as points",MARINE,Marine,PCNT,Percent of total land/EEZ area,2004
BVT,Bouvet Island,ALL_INC_POINTS,"All, including data recorded as points",MARINE,Marine,PCNT,Percent of total land/EEZ area,2005
BVT,Bouvet Island,ALL_INC_POINTS,"All, including data recorded as points",MARINE,Marine,PCNT,Percent of total land/EEZ area,2006
BVT,Bouvet Island,ALL_INC_POINTS,"All, including data recorded as points",MARINE,Marine,PCNT,Percent of total land/EEZ area,2007
BVT,Bouvet Island,ALL_INC_POINTS,"All, including data recorded as points",MARINE,Marine,PCNT,Percent of total land/EEZ area,2008
BVT,Bouvet Island,ALL_INC_POINTS,"All, including data recorded as points",MARINE,Marine,PCNT,Percent of total land/EEZ area,2009
BVT,Bouvet Island,ALL_INC_POINTS,"All, including data recorded as points",MARINE,Marine,PCNT,Percent of total land/EEZ area,2010
BVT,Bouvet Island,ALL_INC_POINTS,"All, including data recorded as points",MARINE,Marine,PCNT,Percent of total land/EEZ area,2011
BVT,Bouvet Island,ALL_INC_POINTS,"All, including data recorded as points",MARINE,Marine,PCNT,Percent of total land/EEZ area,2012
BVT,Bouvet Island,ALL_INC_POINTS,"All, including data recorded as points",MARINE,Marine,PCNT,Percent of total land/EEZ area,2013
BVT,Bouvet Island,ALL_INC_POINTS,"All, including data recorded as points",MARINE,Marine,PCNT,Percent of total land/EEZ area,2014
BVT,Bouvet Island,ALL_INC_POINTS,"All, including data recorded as points",MARINE,Marine,PCNT,Percent of total land/EEZ area,2015
BVT,Bouvet Island,ALL_INC_POINTS,"All, including data recorded as points",MARINE,Marine,PCNT,Percent of total land/EEZ area,2016
BVT,Bouvet Island,ALL_INC_POINTS,"All, including data recorded as points",MARINE,Marine,PCNT,Percent of total land/EEZ area,2017
BVT,Bouvet Island,ALL_INC_POINTS,"All, including data recorded as points",MARINE,Marine,PCNT,Percent of total land/EEZ area,2018
BVT,Bouvet Island,ALL_INC_POINTS,"All, including data recorded as points",MARINE,Marine,PCNT,Percent of total land/EEZ area,2019
BVT,Bouvet Island,ALL_INC_POINTS,"All, including data recorded as points",MARINE,Marine,PCNT,Percent of total land/EEZ area,2020
BVT,Bouvet Island,ALL_INC_POINTS,"All, including data recorded as points",MARINE,Marine,PCNT,Percent of total land/EEZ area,2021
HMD,Heard Island and McDonald Islands,ALL_INC_POINTS,"All, including data recorded as points",MARINE,Marine,PCNT,Percent of total land/EEZ area,1950
HMD,Heard Island and McDonald Islands,ALL_INC_POINTS,"All, including data recorded as points",MARINE,Marine,PCNT,Percent of total land/EEZ area,1960
HMD,Heard Island and McDonald Islands,ALL_INC_POINTS,"All, including data recorded as points",MARINE,Marine,PCNT,Percent of total land/EEZ area,1970
HMD,Heard Island and McDonald Islands,ALL_INC_POINTS,"All, including data recorded as points",MARINE,Marine,PCNT,Percent of total land/EEZ area,1980
HMD,Heard Island and McDonald Islands,ALL_INC_POINTS,"All, including data recorded as points",MARINE,Marine,PCNT,Percent of total land/EEZ area,1985
HMD,Heard Island and McDonald Islands,ALL_INC_POINTS,"All, including data recorded as points",MARINE,Marine,PCNT,Percent of total land/EEZ area,1990
HMD,Heard Island and McDonald Islands,ALL_INC_POINTS,"All, including data recorded as points",MARINE,Marine,PCNT,Percent of total land/EEZ area,1995
HMD,Heard Island and McDonald Islands,ALL_INC_POINTS,"All, including data recorded as points",MARINE,Marine,PCNT,Percent of total land/EEZ area,2000
HMD,Heard Island and McDonald Islands,ALL_INC_POINTS,"All, including data recorded as points",MARINE,Marine,PCNT,Percent of total land/EEZ area,2001
HMD,Heard Island and McDonald Islands,ALL_INC_POINTS,"All, including data recorded as points",MARINE,Marine,PCNT,Percent of total land/EEZ area,2002
HMD,Heard Island and McDonald Islands,ALL_INC_POINTS,"All, including data recorded as points",MARINE,Marine,PCNT,Percent of total land/EEZ area,2003
HMD,Heard Island and McDonald Islands,ALL_INC_POINTS,"All, including data recorded as points",MARINE,Marine,PCNT,Percent of total land/EEZ area,2004
HMD,Heard Island and McDonald Islands,ALL_INC_POINTS,"All, including data recorded as points",MARINE,Marine,PCNT,Percent of total land/EEZ area,2005
HMD,Heard Island and McDonald Islands,ALL_INC_POINTS,"All, including data recorded as points",MARINE,Marine,PCNT,Percent of total land/EEZ area,2006
HMD,Heard Island and McDonald Islands,ALL_INC_POINTS,"All, including data recorded as points",MARINE,Marine,PCNT,Percent of total land/EEZ area,2007
HMD,Heard Island and McDonald Islands,ALL_INC_POINTS,"All, including data recorded as points",MARINE,Marine,PCNT,Percent of total land/EEZ area,2008
HMD,Heard Island and McDonald Islands,ALL_INC_POINTS,"All, including data recorded as points",MARINE,Marine,PCNT,Percent of total land/EEZ area,2009
HMD,Heard Island and McDonald Islands,ALL_INC_POINTS,"All, including data recorded as points",MARINE,Marine,PCNT,Percent of total land/EEZ area,2010
HMD,Heard Island and McDonald Islands,ALL_INC_POINTS,"All, including data recorded as points",MARINE,Marine,PCNT,Percent of total land/EEZ area,2011
HMD,Heard Island and McDonald Islands,ALL_INC_POINTS,"All, including data recorded as points",MARINE,Marine,PCNT,Percent of total land/EEZ area,2012
HMD,Heard Island and McDonald Islands,ALL_INC_POINTS,"All, including data recorded as points",MARINE,Marine,PCNT,Percent of total land/EEZ area,2013
HMD,Heard Island and McDonald Islands,ALL_INC_POINTS,"All, including data recorded as points",MARINE,Marine,PCNT,Percent of total land/EEZ area,2014
HMD,Heard Island and McDonald Islands,ALL_INC_POINTS,"All, including data recorded as points",MARINE,Marine,PCNT,Percent of total land/EEZ area,2015
HMD,Heard Island and McDonald Islands,ALL_INC_POINTS,"All, including data recorded as points",MARINE,Marine,PCNT,Percent of total land/EEZ area,2016
HMD,Heard Island and McDonald Islands,ALL_INC_POINTS,"All, including data recorded as points",MARINE,Marine,PCNT,Percent of total land/EEZ area,2017
HMD,Heard Island and McDonald Islands,ALL_INC_POINTS,"All, including data recorded as points",MARINE,Marine,PCNT,Percent of total land/EEZ area,2018
HMD,Heard Island and McDonald Islands,ALL_INC_POINTS,"All, including data recorded as points",MARINE,Marine,PCNT,Percent of total land/EEZ area,2019
HMD,Heard Island and McDonald Islands,ALL_INC_POINTS,"All, including data recorded as points",MARINE,Marine,PCNT,Percent of total land/EEZ area,2020
HMD,Heard Island and McDonald Islands,ALL_INC_POINTS,"All, including data recorded as points",MARINE,Marine,PCNT,Percent of total land/EEZ area,2021
SGS,South Georgia and the South Sandwich Islands,ALL_INC_POINTS,"All, including data recorded as points",MARINE,Marine,PCNT,Percent of total land/EEZ area,1950
SGS,South Georgia and the South Sandwich Islands,ALL_INC_POINTS,"All, including data recorded as points",MARINE,Marine,PCNT,Percent of total land/EEZ area,1960
SGS,South Georgia and the South Sandwich Islands,ALL_INC_POINTS,"All, including data recorded as points",MARINE,Marine,PCNT,Percent of total land/EEZ area,1970
SGS,South Georgia and the South Sandwich Islands,ALL_INC_POINTS,"All, including data recorded as points",MARINE,Marine,PCNT,Percent of total land/EEZ area,1980
SGS,South Georgia and the South Sandwich Islands,ALL_INC_POINTS,"All, including data recorded as points",MARINE,Marine,PCNT,Percent of total land/EEZ area,1985
SGS,South Georgia and the South Sandwich Islands,ALL_INC_POINTS,"All, including data recorded as points",MARINE,Marine,PCNT,Percent of total land/EEZ area,1990
SGS,South Georgia and the South Sandwich Islands,ALL_INC_POINTS,"All, including data recorded as points",MARINE,Marine,PCNT,Percent of total land/EEZ area,1995
SGS,South Georgia and the South Sandwich Islands,ALL_INC_POINTS,"All, including data recorded as points",MARINE,Marine,PCNT,Percent of total land/EEZ area,2000
SGS,South Georgia and the South Sandwich Islands,ALL_INC_POINTS,"All, including data recorded as points",MARINE,Marine,PCNT,Percent of total land/EEZ area,2001
SGS,South Georgia and the South Sandwich Islands,ALL_INC_POINTS,"All, including data recorded as points",MARINE,Marine,PCNT,Percent of total land/EEZ area,2002
SGS,South Georgia and the South Sandwich Islands,ALL_INC_POINTS,"All, including data recorded as points",MARINE,Marine,PCNT,Percent of total land/EEZ area,2003
SGS,South Georgia and the South Sandwich Islands,ALL_INC_POINTS,"All, including data recorded as points",MARINE,Marine,PCNT,Percent of total land/EEZ area,2004
SGS,South Georgia and the South Sandwich Islands,ALL_INC_POINTS,"All, including data recorded as points",MARINE,Marine,PCNT,Percent of total land/EEZ area,2005
SGS,South Georgia and the South Sandwich Islands,ALL_INC_POINTS,"All, including data recorded as points",MARINE,Marine,PCNT,Percent of total land/EEZ area,2006
SGS,South Georgia and the South Sandwich Islands,ALL_INC_POINTS,"All, including data recorded as points",MARINE,Marine,PCNT,Percent of total land/EEZ area,2007
SGS,South Georgia and the South Sandwich Islands,ALL_INC_POINTS,"All, including data recorded as points",MARINE,Marine,PCNT,Percent of total land/EEZ area,2008
SGS,South Georgia and the South Sandwich Islands,ALL_INC_POINTS,"All, including data recorded as points",MARINE,Marine,PCNT,Percent of total land/EEZ area,2009
SGS,South Georgia and the South Sandwich Islands,ALL_INC_POINTS,"All, including data recorded as points",MARINE,Marine,PCNT,Percent of total land/EEZ area,2010
SGS,South Georgia and the South Sandwich Islands,ALL_INC_POINTS,"All, including data recorded as points",MARINE,Marine,PCNT,Percent of total land/EEZ area,2011
SGS,South Georgia and the South Sandwich Islands,ALL_INC_POINTS,"All, including data recorded as points",MARINE,Marine,PCNT,Percent of total land/EEZ area,2012
SGS,South Georgia and the South Sandwich Islands,ALL_INC_POINTS,"All, including data recorded as points",MARINE,Marine,PCNT,Percent of total land/EEZ area,2013
SGS,South Georgia and the South Sandwich Islands,ALL_INC_POINTS,"All, including data recorded as points",MARINE,Marine,PCNT,Percent of total land/EEZ area,2014
SGS,South Georgia and the South Sandwich Islands,ALL_INC_POINTS,"All, including data recorded as points",MARINE,Marine,PCNT,Percent of total land/EEZ area,2015
SGS,South Georgia and the South Sandwich Islands,ALL_INC_POINTS,"All, including data recorded as points",MARINE,Marine,PCNT,Percent of total land/EEZ area,2016
SGS,South Georgia and the South Sandwich Islands,ALL_INC_POINTS,"All, including data recorded as points",MARINE,Marine,PCNT,Percent of total land/EEZ area,2017
SGS,South Georgia and the South Sandwich Islands,ALL_INC_POINTS,"All, including data recorded as points",MARINE,Marine,PCNT,Percent of total land/EEZ area,2018
SGS,South Georgia and the South Sandwich Islands,ALL_INC_POINTS,"All, including data recorded as points",MARINE,Marine,PCNT,Percent of total land/EEZ area,2019
SGS,South Georgia and the South Sandwich Islands,ALL_INC_POINTS,"All, including data recorded as points",MARINE,Marine,PCNT,Percent of total land/EEZ area,2020
SGS,South Georgia and the South Sandwich Islands,ALL_INC_POINTS,"All, including data recorded as points",MARINE,Marine,PCNT,Percent of total land/EEZ area,2021
ATF,French Southern and Antarctic Lands,ALL_INC_POINTS,"All, including data recorded as points",MARINE,Marine,PCNT,Percent of total land/EEZ area,1950
ATF,French Southern and Antarctic Lands,ALL_INC_POINTS,"All, including data recorded as points",MARINE,Marine,PCNT,Percent of total land/EEZ area,1960
ATF,French Southern and Antarctic Lands,ALL_INC_POINTS,"All, including data recorded as points",MARINE,Marine,PCNT,Percent of total land/EEZ area,1970
ATF,French Southern and Antarctic Lands,ALL_INC_POINTS,"All, including data recorded as points",MARINE,Marine,PCNT,Percent of total land/EEZ area,1980
ATF,French Southern and Antarctic Lands,ALL_INC_POINTS,"All, including data recorded as points",MARINE,Marine,PCNT,Percent of total land/EEZ area,1985
ATF,French Southern and Antarctic Lands,ALL_INC_POINTS,"All, including data recorded as points",MARINE,Marine,PCNT,Percent of total land/EEZ area,1990
ATF,French Southern and Antarctic Lands,ALL_INC_POINTS,"All, including data recorded as points",MARINE,Marine,PCNT,Percent of total land/EEZ area,1995
ATF,French Southern and Antarctic Lands,ALL_INC_POINTS,"All, including data recorded as points",MARINE,Marine,PCNT,Percent of total land/EEZ area,2000
ATF,French Southern and Antarctic Lands,ALL_INC_POINTS,"All, including data recorded as points",MARINE,Marine,PCNT,Percent of total land/EEZ area,2001
ATF,French Southern and Antarctic Lands,ALL_INC_POINTS,"All, including data recorded as points",MARINE,Marine,PCNT,Percent of total land/EEZ area,2002
ATF,French Southern and Antarctic Lands,ALL_INC_POINTS,"All, including data recorded as points",MARINE,Marine,PCNT,Percent of total land/EEZ area,2003
ATF,French Southern and Antarctic Lands,ALL_INC_POINTS,"All, including data recorded as points",MARINE,Marine,PCNT,Percent of total land/EEZ area,2004
ATF,French Southern and Antarctic Lands,ALL_INC_POINTS,"All, including data recorded as points",MARINE,Marine,PCNT,Percent of total land/EEZ area,2005
ATF,French Southern and Antarctic Lands,ALL_INC_POINTS,"All, including data recorded as points",MARINE,Marine,PCNT,Percent of total land/EEZ area,2006
ATF,French Southern and Antarctic Lands,ALL_INC_POINTS,"All, including data recorded as points",MARINE,Marine,PCNT,Percent of total land/EEZ area,2007
ATF,French Southern and Antarctic Lands,ALL_INC_POINTS,"All, including data recorded as points",MARINE,Marine,PCNT,Percent of total land/EEZ area,2008
ATF,French Southern and Antarctic Lands,ALL_INC_POINTS,"All, including data recorded as points",MARINE,Marine,PCNT,Percent of total land/EEZ area,2009
ATF,French Southern and Antarctic Lands,ALL_INC_POINTS,"All, including data recorded as points",MARINE,Marine,PCNT,Percent of total land/EEZ area,2010
ATF,French Southern and Antarctic Lands,ALL_INC_POINTS,"All, including data recorded as points",MARINE,Marine,PCNT,Percent of total land/EEZ area,2011
ATF,French Southern and Antarctic Lands,ALL_INC_POINTS,"All, including data recorded as points",MARINE,Marine,PCNT,Percent of total land/EEZ area,2012
ATF,French Southern and Antarctic Lands,ALL_INC_POINTS,"All, including data recorded as points",MARINE,Marine,PCNT,Percent of total land/EEZ area,2013
ATF,French Southern and Antarctic Lands,ALL_INC_POINTS,"All, including data recorded as points",MARINE,Marine,PCNT,Percent of total land/EEZ area,2014
ATF,French Southern and Antarctic Lands,ALL_INC_POINTS,"All, including data recorded as points",MARINE,Marine,PCNT,Percent of total land/EEZ area,2015
ATF,French Southern and Antarctic Lands,ALL_INC_POINTS,"All, including data recorded as points",MARINE,Marine,PCNT,Percent of total land/EEZ area,2016
ATF,French Southern and Antarctic Lands,ALL_INC_POINTS,"All, including data recorded as points",MARINE,Marine,PCNT,Percent of total land/EEZ area,2017
ATF,French Southern and Antarctic Lands,ALL_INC_POINTS,"All, including data recorded as points",MARINE,Marine,PCNT,Percent of total land/EEZ area,2018
ATF,French Southern and Antarctic Lands,ALL_INC_POINTS,"All, including data recorded as points",MARINE,Marine,PCNT,Percent of total land/EEZ area,2019
ATF,French Southern and Antarctic Lands,ALL_INC_POINTS,"All, including data recorded as points",MARINE,Marine,PCNT,Percent of total land/EEZ area,2020
ATF,French Southern and Antarctic Lands,ALL_INC_POINTS,"All, including data recorded as points",MARINE,Marine,PCNT,Percent of total land/EEZ area,2021
IOT,British Indian Ocean Territory,ALL_INC_POINTS,"All, including data recorded as points",MARINE,Marine,PCNT,Percent of total land/EEZ area,1950
IOT,British Indian Ocean Territory,ALL_INC_POINTS,"All, including data recorded as points",MARINE,Marine,PCNT,Percent of total land/EEZ area,1960
IOT,British Indian Ocean Territory,ALL_INC_POINTS,"All, including data recorded as points",MARINE,Marine,PCNT,Percent of total land/EEZ area,1970
IOT,British Indian Ocean Territory,ALL_INC_POINTS,"All, including data recorded as points",MARINE,Marine,PCNT,Percent of total land/EEZ area,1980
IOT,British Indian Ocean Territory,ALL_INC_POINTS,"All, including data recorded as points",MARINE,Marine,PCNT,Percent of total land/EEZ area,1985
IOT,British Indian Ocean Territory,ALL_INC_POINTS,"All, including data recorded as points",MARINE,Marine,PCNT,Percent of total land/EEZ area,1990
IOT,British Indian Ocean Territory,ALL_INC_POINTS,"All, including data recorded as points",MARINE,Marine,PCNT,Percent of total land/EEZ area,1995
IOT,British Indian Ocean Territory,ALL_INC_POINTS,"All, including data recorded as points",MARINE,Marine,PCNT,Percent of total land/EEZ area,2000
IOT,British Indian Ocean Territory,ALL_INC_POINTS,"All, including data recorded as points",MARINE,Marine,PCNT,Percent of total land/EEZ area,2001
IOT,British Indian Ocean Territory,ALL_INC_POINTS,"All, including data recorded as points",MARINE,Marine,PCNT,Percent of total land/EEZ area,2002
IOT,British Indian Ocean Territory,ALL_INC_POINTS,"All, including data recorded as points",MARINE,Marine,PCNT,Percent of total land/EEZ area,2003
IOT,British Indian Ocean Territory,ALL_INC_POINTS,"All, including data recorded as points",MARINE,Marine,PCNT,Percent of total land/EEZ area,2004
IOT,British Indian Ocean Territory,ALL_INC_POINTS,"All, including data recorded as points",MARINE,Marine,PCNT,Percent of total land/EEZ area,2005
IOT,British Indian Ocean Territory,ALL_INC_POINTS,"All, including data recorded as points",MARINE,Marine,PCNT,Percent of total land/EEZ area,2006
IOT,British Indian Ocean Territory,ALL_INC_POINTS,"All, including data recorded as points",MARINE,Marine,PCNT,Percent of total land/EEZ area,2007
IOT,British Indian Ocean Territory,ALL_INC_POINTS,"All, including data recorded as points",MARINE,Marine,PCNT,Percent of total land/EEZ area,2008
IOT,British Indian Ocean Territory,ALL_INC_POINTS,"All, including data recorded as points",MARINE,Marine,PCNT,Percent of total land/EEZ area,2009
IOT,British Indian Ocean Territory,ALL_INC_POINTS,"All, including data recorded as points",MARINE,Marine,PCNT,Percent of total land/EEZ area,2010
IOT,British Indian Ocean Territory,ALL_INC_POINTS,"All, including data recorded as points",MARINE,Marine,PCNT,Percent of total land/EEZ area,2011
IOT,British Indian Ocean Territory,ALL_INC_POINTS,"All, including data recorded as points",MARINE,Marine,PCNT,Percent of total land/EEZ area,2012
IOT,British Indian Ocean Territory,ALL_INC_POINTS,"All, including data recorded as points",MARINE,Marine,PCNT,Percent of total land/EEZ area,2013
IOT,British Indian Ocean Territory,ALL_INC_POINTS,"All, including data recorded as points",MARINE,Marine,PCNT,Percent of total land/EEZ area,2014
IOT,British Indian Ocean Territory,ALL_INC_POINTS,"All, including data recorded as points",MARINE,Marine,PCNT,Percent of total land/EEZ area,2015
IOT,British Indian Ocean Territory,ALL_INC_POINTS,"All, including data recorded as points",MARINE,Marine,PCNT,Percent of total land/EEZ area,2016
IOT,British Indian Ocean Territory,ALL_INC_POINTS,"All, including data recorded as points",MARINE,Marine,PCNT,Percent of total land/EEZ area,2017
IOT,British Indian Ocean Territory,ALL_INC_POINTS,"All, including data recorded as points",MARINE,Marine,PCNT,Percent of total land/EEZ area,2018
IOT,British Indian Ocean Territory,ALL_INC_POINTS,"All, including data recorded as points",MARINE,Marine,PCNT,Percent of total land/EEZ area,2019
IOT,British Indian Ocean Territory,ALL_INC_POINTS,"All, including data recorded as points",MARINE,Marine,PCNT,Percent of total land/EEZ area,2020
IOT,British Indian Ocean Territory,ALL_INC_POINTS,"All, including data recorded as points",MARINE,Marine,PCNT,Percent of total land/EEZ area,2021
CXR,Christmas Islands,ALL_INC_POINTS,"All, including data recorded as points",MARINE,Marine,PCNT,Percent of total land/EEZ area,1950
CXR,Christmas Islands,ALL_INC_POINTS,"All, including data recorded as points",MARINE,Marine,PCNT,Percent of total land/EEZ area,1960
CXR,Christmas Islands,ALL_INC_POINTS,"All, including data recorded as points",MARINE,Marine,PCNT,Percent of total land/EEZ area,1970
CXR,Christmas Islands,ALL_INC_POINTS,"All, including data recorded as points",MARINE,Marine,PCNT,Percent of total land/EEZ area,1980
CXR,Christmas Islands,ALL_INC_POINTS,"All, including data recorded as points",MARINE,Marine,PCNT,Percent of total land/EEZ area,1985
CXR,Christmas Islands,ALL_INC_POINTS,"All, including data recorded as points",MARINE,Marine,PCNT,Percent of total land/EEZ area,1990
CXR,Christmas Islands,ALL_INC_POINTS,"All, including data recorded as points",MARINE,Marine,PCNT,Percent of total land/EEZ area,1995
CXR,Christmas Islands,ALL_INC_POINTS,"All, including data recorded as points",MARINE,Marine,PCNT,Percent of total land/EEZ area,2000
CXR,Christmas Islands,ALL_INC_POINTS,"All, including data recorded as points",MARINE,Marine,PCNT,Percent of total land/EEZ area,2001
CXR,Christmas Islands,ALL_INC_POINTS,"All, including data recorded as points",MARINE,Marine,PCNT,Percent of total land/EEZ area,2002
CXR,Christmas Islands,ALL_INC_POINTS,"All, including data recorded as points",MARINE,Marine,PCNT,Percent of total land/EEZ area,2003
CXR,Christmas Islands,ALL_INC_POINTS,"All, including data recorded as points",MARINE,Marine,PCNT,Percent of total land/EEZ area,2004
CXR,Christmas Islands,ALL_INC_POINTS,"All, including data recorded as points",MARINE,Marine,PCNT,Percent of total land/EEZ area,2005
CXR,Christmas Islands,ALL_INC_POINTS,"All, including data recorded as points",MARINE,Marine,PCNT,Percent of total land/EEZ area,2006
CXR,Christmas Islands,ALL_INC_POINTS,"All, including data recorded as points",MARINE,Marine,PCNT,Percent of total land/EEZ area,2007
CXR,Christmas Islands,ALL_INC_POINTS,"All, including data recorded as points",MARINE,Marine,PCNT,Percent of total land/EEZ area,2008
CXR,Christmas Islands,ALL_INC_POINTS,"All, including data recorded as points",MARINE,Marine,PCNT,Percent of total land/EEZ area,2009
CXR,Christmas Islands,ALL_INC_POINTS,"All, including data recorded as points",MARINE,Marine,PCNT,Percent of total land/EEZ area,2010
CXR,Christmas Islands,ALL_INC_POINTS,"All, including data recorded as points",MARINE,Marine,PCNT,Percent of total land/EEZ area,2011
CXR,Christmas Islands,ALL_INC_POINTS,"All, including data recorded as points",MARINE,Marine,PCNT,Percent of total land/EEZ area,2012
CXR,Christmas Islands,ALL_INC_POINTS,"All, including data recorded as points",MARINE,Marine,PCNT,Percent of total land/EEZ area,2013
CXR,Christmas Islands,ALL_INC_POINTS,"All, including data recorded as points",MARINE,Marine,PCNT,Percent of total land/EEZ area,2014
CXR,Christmas Islands,ALL_INC_POINTS,"All, including data recorded as points",MARINE,Marine,PCNT,Percent of total land/EEZ area,2015
CXR,Christmas Islands,ALL_INC_POINTS,"All, including data recorded as points",MARINE,Marine,PCNT,Percent of total land/EEZ area,2016
CXR,Christmas Islands,ALL_INC_POINTS,"All, including data recorded as points",MARINE,Marine,PCNT,Percent of total land/EEZ area,2017
CXR,Christmas Islands,ALL_INC_POINTS,"All, including data recorded as points",MARINE,Marine,PCNT,Percent of total land/EEZ area,2018
CXR,Christmas Islands,ALL_INC_POINTS,"All, including data recorded as points",MARINE,Marine,PCNT,Percent of total land/EEZ area,2019
CXR,Christmas Islands,ALL_INC_POINTS,"All, including data recorded as points",MARINE,Marine,PCNT,Percent of total land/EEZ area,2020
CXR,Christmas Islands,ALL_INC_POINTS,"All, including data recorded as points",MARINE,Marine,PCNT,Percent of total land/EEZ area,2021
CCK,Cocos (Keeling) Islands,ALL_INC_POINTS,"All, including data recorded as points",MARINE,Marine,PCNT,Percent of total land/EEZ area,1950
CCK,Cocos (Keeling) Islands,ALL_INC_POINTS,"All, including data recorded as points",MARINE,Marine,PCNT,Percent of total land/EEZ area,1960
CCK,Cocos (Keeling) Islands,ALL_INC_POINTS,"All, including data recorded as points",MARINE,Marine,PCNT,Percent of total land/EEZ area,1970
CCK,Cocos (Keeling) Islands,ALL_INC_POINTS,"All, including data recorded as points",MARINE,Marine,PCNT,Percent of total land/EEZ area,1980
CCK,Cocos (Keeling) Islands,ALL_INC_POINTS,"All, including data recorded as points",MARINE,Marine,PCNT,Percent of total land/EEZ area,1985
CCK,Cocos (Keeling) Islands,ALL_INC_POINTS,"All, including data recorded as points",MARINE,Marine,PCNT,Percent of total land/EEZ area,1990
CCK,Cocos (Keeling) Islands,ALL_INC_POINTS,"All, including data recorded as points",MARINE,Marine,PCNT,Percent of total land/EEZ area,1995
CCK,Cocos (Keeling) Islands,ALL_INC_POINTS,"All, including data recorded as points",MARINE,Marine,PCNT,Percent of total land/EEZ area,2000
CCK,Cocos (Keeling) Islands,ALL_INC_POINTS,"All, including data recorded as points",MARINE,Marine,PCNT,Percent of total land/EEZ area,2001
CCK,Cocos (Keeling) Islands,ALL_INC_POINTS,"All, including data recorded as points",MARINE,Marine,PCNT,Percent of total land/EEZ area,2002
CCK,Cocos (Keeling) Islands,ALL_INC_POINTS,"All, including data recorded as points",MARINE,Marine,PCNT,Percent of total land/EEZ area,2003
CCK,Cocos (Keeling) Islands,ALL_INC_POINTS,"All, including data recorded as points",MARINE,Marine,PCNT,Percent of total land/EEZ area,2004
CCK,Cocos (Keeling) Islands,ALL_INC_POINTS,"All, including data recorded as points",MARINE,Marine,PCNT,Percent of total land/EEZ area,2005
CCK,Cocos (Keeling) Islands,ALL_INC_POINTS,"All, including data recorded as points",MARINE,Marine,PCNT,Percent of total land/EEZ area,2006
CCK,Cocos (Keeling) Islands,ALL_INC_POINTS,"All, including data recorded as points",MARINE,Marine,PCNT,Percent of total land/EEZ area,2007
CCK,Cocos (Keeling) Islands,ALL_INC_POINTS,"All, including data recorded as points",MARINE,Marine,PCNT,Percent of total land/EEZ area,2008
CCK,Cocos (Keeling) Islands,ALL_INC_POINTS,"All, including data recorded as points",MARINE,Marine,PCNT,Percent of total land/EEZ area,2009
CCK,Cocos (Keeling) Islands,ALL_INC_POINTS,"All, including data recorded as points",MARINE,Marine,PCNT,Percent of total land/EEZ area,2010
CCK,Cocos (Keeling) Islands,ALL_INC_POINTS,"All, including data recorded as points",MARINE,Marine,PCNT,Percent of total land/EEZ area,2011
CCK,Cocos (Keeling) Islands,ALL_INC_POINTS,"All, including data recorded as points",MARINE,Marine,PCNT,Percent of total land/EEZ area,2012
CCK,Cocos (Keeling) Islands,ALL_INC_POINTS,"All, including data recorded as points",MARINE,Marine,PCNT,Percent of total land/EEZ area,2013
CCK,Cocos (Keeling) Islands,ALL_INC_POINTS,"All, including data recorded as points",MARINE,Marine,PCNT,Percent of total land/EEZ area,2014
CCK,Cocos (Keeling) Islands,ALL_INC_POINTS,"All, including data recorded as points",MARINE,Marine,PCNT,Percent of total land/EEZ area,2015
CCK,Cocos (Keeling) Islands,ALL_INC_POINTS,"All, including data recorded as points",MARINE,Marine,PCNT,Percent of total land/EEZ area,2016
CCK,Cocos (Keeling) Islands,ALL_INC_POINTS,"All, including data recorded as points",MARINE,Marine,PCNT,Percent of total land/EEZ area,2017
CCK,Cocos (Keeling) Islands,ALL_INC_POINTS,"All, including data recorded as points",MARINE,Marine,PCNT,Percent of total land/EEZ area,2018
CCK,Cocos (Keeling) Islands,ALL_INC_POINTS,"All, including data recorded as points",MARINE,Marine,PCNT,Percent of total land/EEZ area,2019
CCK,Cocos (Keeling) Islands,ALL_INC_POINTS,"All, including data recorded as points",MARINE,Marine,PCNT,Percent of total land/EEZ area,2020
CCK,Cocos (Keeling) Islands,ALL_INC_POINTS,"All, including data recorded as points",MARINE,Marine,PCNT,Percent of total land/EEZ area,2021
ASEAN,ASEAN,ALL_INC_POINTS,"All, including data recorded as points",MARINE,Marine,PCNT,Percent of total land/EEZ area,1950
ASEAN,ASEAN,ALL_INC_POINTS,"All, including data recorded as points",MARINE,Marine,PCNT,Percent of total land/EEZ area,1960
ASEAN,ASEAN,ALL_INC_POINTS,"All, including data recorded as points",MARINE,Marine,PCNT,Percent of total land/EEZ area,1970
ASEAN,ASEAN,ALL_INC_POINTS,"All, including data recorded as points",MARINE,Marine,PCNT,Percent of total land/EEZ area,1980
ASEAN,ASEAN,ALL_INC_POINTS,"All, including data recorded as points",MARINE,Marine,PCNT,Percent of total land/EEZ area,1985
ASEAN,ASEAN,ALL_INC_POINTS,"All, including data recorded as points",MARINE,Marine,PCNT,Percent of total land/EEZ area,1990
ASEAN,ASEAN,ALL_INC_POINTS,"All, including data recorded as points",MARINE,Marine,PCNT,Percent of total land/EEZ area,1995
ASEAN,ASEAN,ALL_INC_POINTS,"All, including data recorded as points",MARINE,Marine,PCNT,Percent of total land/EEZ area,2000
ASEAN,ASEAN,ALL_INC_POINTS,"All, including data recorded as points",MARINE,Marine,PCNT,Percent of total land/EEZ area,2001
ASEAN,ASEAN,ALL_INC_POINTS,"All, including data recorded as points",MARINE,Marine,PCNT,Percent of total land/EEZ area,2002
ASEAN,ASEAN,ALL_INC_POINTS,"All, including data recorded as points",MARINE,Marine,PCNT,Percent of total land/EEZ area,2003
ASEAN,ASEAN,ALL_INC_POINTS,"All, including data recorded as points",MARINE,Marine,PCNT,Percent of total land/EEZ area,2004
ASEAN,ASEAN,ALL_INC_POINTS,"All, including data recorded as points",MARINE,Marine,PCNT,Percent of total land/EEZ area,2005
ASEAN,ASEAN,ALL_INC_POINTS,"All, including data recorded as points",MARINE,Marine,PCNT,Percent of total land/EEZ area,2006
ASEAN,ASEAN,ALL_INC_POINTS,"All, including data recorded as points",MARINE,Marine,PCNT,Percent of total land/EEZ area,2007
ASEAN,ASEAN,ALL_INC_POINTS,"All, including data recorded as points",MARINE,Marine,PCNT,Percent of total land/EEZ area,2008
ASEAN,ASEAN,ALL_INC_POINTS,"All, including data recorded as points",MARINE,Marine,PCNT,Percent of total land/EEZ area,2009
ASEAN,ASEAN,ALL_INC_POINTS,"All, including data recorded as points",MARINE,Marine,PCNT,Percent of total land/EEZ area,2010
ASEAN,ASEAN,ALL_INC_POINTS,"All, including data recorded as points",MARINE,Marine,PCNT,Percent of total land/EEZ area,2011
ASEAN,ASEAN,ALL_INC_POINTS,"All, including data recorded as points",MARINE,Marine,PCNT,Percent of total land/EEZ area,2012
ASEAN,ASEAN,ALL_INC_POINTS,"All, including data recorded as points",MARINE,Marine,PCNT,Percent of total land/EEZ area,2013
ASEAN,ASEAN,ALL_INC_POINTS,"All, including data recorded as points",MARINE,Marine,PCNT,Percent of total land/EEZ area,2014
ASEAN,ASEAN,ALL_INC_POINTS,"All, including data recorded as points",MARINE,Marine,PCNT,Percent of total land/EEZ area,2015
ASEAN,ASEAN,ALL_INC_POINTS,"All, including data recorded as points",MARINE,Marine,PCNT,Percent of total land/EEZ area,2016
ASEAN,ASEAN,ALL_INC_POINTS,"All, including data recorded as points",MARINE,Marine,PCNT,Percent of total land/EEZ area,2017
ASEAN,ASEAN,ALL_INC_POINTS,"All, including data recorded as points",MARINE,Marine,PCNT,Percent of total land/EEZ area,2018
ASEAN,ASEAN,ALL_INC_POINTS,"All, including data recorded as points",MARINE,Marine,PCNT,Percent of total land/EEZ area,2019
ASEAN,ASEAN,ALL_INC_POINTS,"All, including data recorded as points",MARINE,Marine,PCNT,Percent of total land/EEZ area,2020
ASEAN,ASEAN,ALL_INC_POINTS,"All, including data recorded as points",MARINE,Marine,PCNT,Percent of total land/EEZ area,2021
APEC,APEC,ALL_INC_POINTS,"All, including data recorded as points",MARINE,Marine,PCNT,Percent of total land/EEZ area,1950
APEC,APEC,ALL_INC_POINTS,"All, including data recorded as points",MARINE,Marine,PCNT,Percent of total land/EEZ area,1960
APEC,APEC,ALL_INC_POINTS,"All, including data recorded as points",MARINE,Marine,PCNT,Percent of total land/EEZ area,1970
APEC,APEC,ALL_INC_POINTS,"All, including data recorded as points",MARINE,Marine,PCNT,Percent of total land/EEZ area,1980
APEC,APEC,ALL_INC_POINTS,"All, including data recorded as points",MARINE,Marine,PCNT,Percent of total land/EEZ area,1985
APEC,APEC,ALL_INC_POINTS,"All, including data recorded as points",MARINE,Marine,PCNT,Percent of total land/EEZ area,1990
APEC,APEC,ALL_INC_POINTS,"All, including data recorded as points",MARINE,Marine,PCNT,Percent of total land/EEZ area,1995
APEC,APEC,ALL_INC_POINTS,"All, including data recorded as points",MARINE,Marine,PCNT,Percent of total land/EEZ area,2000
APEC,APEC,ALL_INC_POINTS,"All, including data recorded as points",MARINE,Marine,PCNT,Percent of total land/EEZ area,2001
APEC,APEC,ALL_INC_POINTS,"All, including data recorded as points",MARINE,Marine,PCNT,Percent of total land/EEZ area,2002
APEC,APEC,ALL_INC_POINTS,"All, including data recorded as points",MARINE,Marine,PCNT,Percent of total land/EEZ area,2003
APEC,APEC,ALL_INC_POINTS,"All, including data recorded as points",MARINE,Marine,PCNT,Percent of total land/EEZ area,2004
APEC,APEC,ALL_INC_POINTS,"All, including data recorded as points",MARINE,Marine,PCNT,Percent of total land/EEZ area,2005
APEC,APEC,ALL_INC_POINTS,"All, including data recorded as points",MARINE,Marine,PCNT,Percent of total land/EEZ area,2006
APEC,APEC,ALL_INC_POINTS,"All, including data recorded as points",MARINE,Marine,PCNT,Percent of total land/EEZ area,2007
APEC,APEC,ALL_INC_POINTS,"All, including data recorded as points",MARINE,Marine,PCNT,Percent of total land/EEZ area,2008
APEC,APEC,ALL_INC_POINTS,"All, including data recorded as points",MARINE,Marine,PCNT,Percent of total land/EEZ area,2009
APEC,APEC,ALL_INC_POINTS,"All, including data recorded as points",MARINE,Marine,PCNT,Percent of total land/EEZ area,2010
APEC,APEC,ALL_INC_POINTS,"All, including data recorded as points",MARINE,Marine,PCNT,Percent of total land/EEZ area,2011
APEC,APEC,ALL_INC_POINTS,"All, including data recorded as points",MARINE,Marine,PCNT,Percent of total land/EEZ area,2012
APEC,APEC,ALL_INC_POINTS,"All, including data recorded as points",MARINE,Marine,PCNT,Percent of total land/EEZ area,2013
APEC,APEC,ALL_INC_POINTS,"All, including data recorded as points",MARINE,Marine,PCNT,Percent of total land/EEZ area,2014
APEC,APEC,ALL_INC_POINTS,"All, including data recorded as points",MARINE,Marine,PCNT,Percent of total land/EEZ area,2015
APEC,APEC,ALL_INC_POINTS,"All, including data recorded as points",MARINE,Marine,PCNT,Percent of total land/EEZ area,2016
APEC,APEC,ALL_INC_POINTS,"All, including data recorded as points",MARINE,Marine,PCNT,Percent of total land/EEZ area,2017
APEC,APEC,ALL_INC_POINTS,"All, including data recorded as points",MARINE,Marine,PCNT,Percent of total land/EEZ area,2018
APEC,APEC,ALL_INC_POINTS,"All, including data recorded as points",MARINE,Marine,PCNT,Percent of total land/EEZ area,2019
APEC,APEC,ALL_INC_POINTS,"All, including data recorded as points",MARINE,Marine,PCNT,Percent of total land/EEZ area,2020
APEC,APEC,ALL_INC_POINTS,"All, including data recorded as points",MARINE,Marine,PCNT,Percent of total land/EEZ area,2021
GGY,Guernsey,ALL_INC_POINTS,"All, including data recorded as points",MARINE,Marine,PCNT,Percent of total land/EEZ area,1950
GGY,Guernsey,ALL_INC_POINTS,"All, including data recorded as points",MARINE,Marine,PCNT,Percent of total land/EEZ area,1960
GGY,Guernsey,ALL_INC_POINTS,"All, including data recorded as points",MARINE,Marine,PCNT,Percent of total land/EEZ area,1970
GGY,Guernsey,ALL_INC_POINTS,"All, including data recorded as points",MARINE,Marine,PCNT,Percent of total land/EEZ area,1980
GGY,Guernsey,ALL_INC_POINTS,"All, including data recorded as points",MARINE,Marine,PCNT,Percent of total land/EEZ area,1985
GGY,Guernsey,ALL_INC_POINTS,"All, including data recorded as points",MARINE,Marine,PCNT,Percent of total land/EEZ area,1990
GGY,Guernsey,ALL_INC_POINTS,"All, including data recorded as points",MARINE,Marine,PCNT,Percent of total land/EEZ area,1995
GGY,Guernsey,ALL_INC_POINTS,"All, including data recorded as points",MARINE,Marine,PCNT,Percent of total land/EEZ area,2000
GGY,Guernsey,ALL_INC_POINTS,"All, including data recorded as points",MARINE,Marine,PCNT,Percent of total land/EEZ area,2001
GGY,Guernsey,ALL_INC_POINTS,"All, including data recorded as points",MARINE,Marine,PCNT,Percent of total land/EEZ area,2002
GGY,Guernsey,ALL_INC_POINTS,"All, including data recorded as points",MARINE,Marine,PCNT,Percent of total land/EEZ area,2003
GGY,Guernsey,ALL_INC_POINTS,"All, including data recorded as points",MARINE,Marine,PCNT,Percent of total land/EEZ area,2004
GGY,Guernsey,ALL_INC_POINTS,"All, including data recorded as points",MARINE,Marine,PCNT,Percent of total land/EEZ area,2005
GGY,Guernsey,ALL_INC_POINTS,"All, including data recorded as points",MARINE,Marine,PCNT,Percent of total land/EEZ area,2006
GGY,Guernsey,ALL_INC_POINTS,"All, including data recorded as points",MARINE,Marine,PCNT,Percent of total land/EEZ area,2007
GGY,Guernsey,ALL_INC_POINTS,"All, including data recorded as points",MARINE,Marine,PCNT,Percent of total land/EEZ area,2008
GGY,Guernsey,ALL_INC_POINTS,"All, including data recorded as points",MARINE,Marine,PCNT,Percent of total land/EEZ area,2009
GGY,Guernsey,ALL_INC_POINTS,"All, including data recorded as points",MARINE,Marine,PCNT,Percent of total land/EEZ area,2010
GGY,Guernsey,ALL_INC_POINTS,"All, including data recorded as points",MARINE,Marine,PCNT,Percent of total land/EEZ area,2011
GGY,Guernsey,ALL_INC_POINTS,"All, including data recorded as points",MARINE,Marine,PCNT,Percent of total land/EEZ area,2012
GGY,Guernsey,ALL_INC_POINTS,"All, including data recorded as points",MARINE,Marine,PCNT,Percent of total land/EEZ area,2013
GGY,Guernsey,ALL_INC_POINTS,"All, including data recorded as points",MARINE,Marine,PCNT,Percent of total land/EEZ area,2014
GGY,Guernsey,ALL_INC_POINTS,"All, including data recorded as points",MARINE,Marine,PCNT,Percent of total land/EEZ area,2015
GGY,Guernsey,ALL_INC_POINTS,"All, including data recorded as points",MARINE,Marine,PCNT,Percent of total land/EEZ area,2016
GGY,Guernsey,ALL_INC_POINTS,"All, including data recorded as points",MARINE,Marine,PCNT,Percent of total land/EEZ area,2017
GGY,Guernsey,ALL_INC_POINTS,"All, including data recorded as points",MARINE,Marine,PCNT,Percent of total land/EEZ area,2018
GGY,Guernsey,ALL_INC_POINTS,"All, including data recorded as points",MARINE,Marine,PCNT,Percent of total land/EEZ area,2019
GGY,Guernsey,ALL_INC_POINTS,"All, including data recorded as points",MARINE,Marine,PCNT,Percent of total land/EEZ area,2020
GGY,Guernsey,ALL_INC_POINTS,"All, including data recorded as points",MARINE,Marine,PCNT,Percent of total land/EEZ area,2021
JEY,Jersey,ALL_INC_POINTS,"All, including data recorded as points",MARINE,Marine,PCNT,Percent of total land/EEZ area,1950
JEY,Jersey,ALL_INC_POINTS,"All, including data recorded as points",MARINE,Marine,PCNT,Percent of total land/EEZ area,1960
JEY,Jersey,ALL_INC_POINTS,"All, including data recorded as points",MARINE,Marine,PCNT,Percent of total land/EEZ area,1970
JEY,Jersey,ALL_INC_POINTS,"All, including data recorded as points",MARINE,Marine,PCNT,Percent of total land/EEZ area,1980
JEY,Jersey,ALL_INC_POINTS,"All, including data recorded as points",MARINE,Marine,PCNT,Percent of total land/EEZ area,1985
JEY,Jersey,ALL_INC_POINTS,"All, including data recorded as points",MARINE,Marine,PCNT,Percent of total land/EEZ area,1990
JEY,Jersey,ALL_INC_POINTS,"All, including data recorded as points",MARINE,Marine,PCNT,Percent of total land/EEZ area,1995
JEY,Jersey,ALL_INC_POINTS,"All, including data recorded as points",MARINE,Marine,PCNT,Percent of total land/EEZ area,2000
JEY,Jersey,ALL_INC_POINTS,"All, including data recorded as points",MARINE,Marine,PCNT,Percent of total land/EEZ area,2001
JEY,Jersey,ALL_INC_POINTS,"All, including data recorded as points",MARINE,Marine,PCNT,Percent of total land/EEZ area,2002
JEY,Jersey,ALL_INC_POINTS,"All, including data recorded as points",MARINE,Marine,PCNT,Percent of total land/EEZ area,2003
JEY,Jersey,ALL_INC_POINTS,"All, including data recorded as points",MARINE,Marine,PCNT,Percent of total land/EEZ area,2004
JEY,Jersey,ALL_INC_POINTS,"All, including data recorded as points",MARINE,Marine,PCNT,Percent of total land/EEZ area,2005
JEY,Jersey,ALL_INC_POINTS,"All, including data recorded as points",MARINE,Marine,PCNT,Percent of total land/EEZ area,2006
JEY,Jersey,ALL_INC_POINTS,"All, including data recorded as points",MARINE,Marine,PCNT,Percent of total land/EEZ area,2007
JEY,Jersey,ALL_INC_POINTS,"All, including data recorded as points",MARINE,Marine,PCNT,Percent of total land/EEZ area,2008
JEY,Jersey,ALL_INC_POINTS,"All, including data recorded as points",MARINE,Marine,PCNT,Percent of total land/EEZ area,2009
JEY,Jersey,ALL_INC_POINTS,"All, including data recorded as points",MARINE,Marine,PCNT,Percent of total land/EEZ area,2010
JEY,Jersey,ALL_INC_POINTS,"All, including data recorded as points",MARINE,Marine,PCNT,Percent of total land/EEZ area,2011
JEY,Jersey,ALL_INC_POINTS,"All, including data recorded as points",MARINE,Marine,PCNT,Percent of total land/EEZ area,2012
JEY,Jersey,ALL_INC_POINTS,"All, including data recorded as points",MARINE,Marine,PCNT,Percent of total land/EEZ area,2013
JEY,Jersey,ALL_INC_POINTS,"All, including data recorded as points",MARINE,Marine,PCNT,Percent of total land/EEZ area,2014
JEY,Jersey,ALL_INC_POINTS,"All, including data recorded as points",MARINE,Marine,PCNT,Percent of total land/EEZ area,2015
JEY,Jersey,ALL_INC_POINTS,"All, including data recorded as points",MARINE,Marine,PCNT,Percent of total land/EEZ area,2016
JEY,Jersey,ALL_INC_POINTS,"All, including data recorded as points",MARINE,Marine,PCNT,Percent of total land/EEZ area,2017
JEY,Jersey,ALL_INC_POINTS,"All, including data recorded as points",MARINE,Marine,PCNT,Percent of total land/EEZ area,2018
JEY,Jersey,ALL_INC_POINTS,"All, including data recorded as points",MARINE,Marine,PCNT,Percent of total land/EEZ area,2019
JEY,Jersey,ALL_INC_POINTS,"All, including data recorded as points",MARINE,Marine,PCNT,Percent of total land/EEZ area,2020
JEY,Jersey,ALL_INC_POINTS,"All, including data recorded as points",MARINE,Marine,PCNT,Percent of total land/EEZ area,2021
G20,G20,ALL_INC_POINTS,"All, including data recorded as points",MARINE,Marine,PCNT,Percent of total land/EEZ area,1950
G20,G20,ALL_INC_POINTS,"All, including data recorded as points",MARINE,Marine,PCNT,Percent of total land/EEZ area,1960
G20,G20,ALL_INC_POINTS,"All, including data recorded as points",MARINE,Marine,PCNT,Percent of total land/EEZ area,1970
G20,G20,ALL_INC_POINTS,"All, including data recorded as points",MARINE,Marine,PCNT,Percent of total land/EEZ area,1980
G20,G20,ALL_INC_POINTS,"All, including data recorded as points",MARINE,Marine,PCNT,Percent of total land/EEZ area,1985
G20,G20,ALL_INC_POINTS,"All, including data recorded as points",MARINE,Marine,PCNT,Percent of total land/EEZ area,1990
G20,G20,ALL_INC_POINTS,"All, including data recorded as points",MARINE,Marine,PCNT,Percent of total land/EEZ area,1995
G20,G20,ALL_INC_POINTS,"All, including data recorded as points",MARINE,Marine,PCNT,Percent of total land/EEZ area,2000
G20,G20,ALL_INC_POINTS,"All, including data recorded as points",MARINE,Marine,PCNT,Percent of total land/EEZ area,2001
G20,G20,ALL_INC_POINTS,"All, including data recorded as points",MARINE,Marine,PCNT,Percent of total land/EEZ area,2002
G20,G20,ALL_INC_POINTS,"All, including data recorded as points",MARINE,Marine,PCNT,Percent of total land/EEZ area,2003
G20,G20,ALL_INC_POINTS,"All, including data recorded as points",MARINE,Marine,PCNT,Percent of total land/EEZ area,2004
G20,G20,ALL_INC_POINTS,"All, including data recorded as points",MARINE,Marine,PCNT,Percent of total land/EEZ area,2005
G20,G20,ALL_INC_POINTS,"All, including data recorded as points",MARINE,Marine,PCNT,Percent of total land/EEZ area,2006
G20,G20,ALL_INC_POINTS,"All, including data recorded as points",MARINE,Marine,PCNT,Percent of total land/EEZ area,2007
G20,G20,ALL_INC_POINTS,"All, including data recorded as points",MARINE,Marine,PCNT,Percent of total land/EEZ area,2008
G20,G20,ALL_INC_POINTS,"All, including data recorded as points",MARINE,Marine,PCNT,Percent of total land/EEZ area,2009
G20,G20,ALL_INC_POINTS,"All, including data recorded as points",MARINE,Marine,PCNT,Percent of total land/EEZ area,2010
G20,G20,ALL_INC_POINTS,"All, including data recorded as points",MARINE,Marine,PCNT,Percent of total land/EEZ area,2011
G20,G20,ALL_INC_POINTS,"All, including data recorded as points",MARINE,Marine,PCNT,Percent of total land/EEZ area,2012
G20,G20,ALL_INC_POINTS,"All, including data recorded as points",MARINE,Marine,PCNT,Percent of total land/EEZ area,2013
G20,G20,ALL_INC_POINTS,"All, including data recorded as points",MARINE,Marine,PCNT,Percent of total land/EEZ area,2014
G20,G20,ALL_INC_POINTS,"All, including data recorded as points",MARINE,Marine,PCNT,Percent of total land/EEZ area,2015
G20,G20,ALL_INC_POINTS,"All, including data recorded as points",MARINE,Marine,PCNT,Percent of total land/EEZ area,2016
G20,G20,ALL_INC_POINTS,"All, including data recorded as points",MARINE,Marine,PCNT,Percent of total land/EEZ area,2017
G20,G20,ALL_INC_POINTS,"All, including data recorded as points",MARINE,Marine,PCNT,Percent of total land/EEZ area,2018
G20,G20,ALL_INC_POINTS,"All, including data recorded as points",MARINE,Marine,PCNT,Percent of total land/EEZ area,2019
G20,G20,ALL_INC_POINTS,"All, including data recorded as points",MARINE,Marine,PCNT,Percent of total land/EEZ area,2020
G20,G20,ALL_INC_POINTS,"All, including data recorded as points",MARINE,Marine,PCNT,Percent of total land/EEZ area,2021
BRIICS,"BRIICS economies - Brazil, Russia, India, Indonesia, China and South Africa",ALL_INC_POINTS,"All, including data recorded as points",MARINE,Marine,PCNT,Percent of total land/EEZ area,1950
BRIICS,"BRIICS economies - Brazil, Russia, India, Indonesia, China and South Africa",ALL_INC_POINTS,"All, including data recorded as points",MARINE,Marine,PCNT,Percent of total land/EEZ area,1960
BRIICS,"BRIICS economies - Brazil, Russia, India, Indonesia, China and South Africa",ALL_INC_POINTS,"All, including data recorded as points",MARINE,Marine,PCNT,Percent of total land/EEZ area,1970
BRIICS,"BRIICS economies - Brazil, Russia, India, Indonesia, China and South Africa",ALL_INC_POINTS,"All, including data recorded as points",MARINE,Marine,PCNT,Percent of total land/EEZ area,1980
BRIICS,"BRIICS economies - Brazil, Russia, India, Indonesia, China and South Africa",ALL_INC_POINTS,"All, including data recorded as points",MARINE,Marine,PCNT,Percent of total land/EEZ area,1985
BRIICS,"BRIICS economies - Brazil, Russia, India, Indonesia, China and South Africa",ALL_INC_POINTS,"All, including data recorded as points",MARINE,Marine,PCNT,Percent of total land/EEZ area,1990
BRIICS,"BRIICS economies - Brazil, Russia, India, Indonesia, China and South Africa",ALL_INC_POINTS,"All, including data recorded as points",MARINE,Marine,PCNT,Percent of total land/EEZ area,1995
BRIICS,"BRIICS economies - Brazil, Russia, India, Indonesia, China and South Africa",ALL_INC_POINTS,"All, including data recorded as points",MARINE,Marine,PCNT,Percent of total land/EEZ area,2000
BRIICS,"BRIICS economies - Brazil, Russia, India, Indonesia, China and South Africa",ALL_INC_POINTS,"All, including data recorded as points",MARINE,Marine,PCNT,Percent of total land/EEZ area,2001
BRIICS,"BRIICS economies - Brazil, Russia, India, Indonesia, China and South Africa",ALL_INC_POINTS,"All, including data recorded as points",MARINE,Marine,PCNT,Percent of total land/EEZ area,2002
BRIICS,"BRIICS economies - Brazil, Russia, India, Indonesia, China and South Africa",ALL_INC_POINTS,"All, including data recorded as points",MARINE,Marine,PCNT,Percent of total land/EEZ area,2003
BRIICS,"BRIICS economies - Brazil, Russia, India, Indonesia, China and South Africa",ALL_INC_POINTS,"All, including data recorded as points",MARINE,Marine,PCNT,Percent of total land/EEZ area,2004
BRIICS,"BRIICS economies - Brazil, Russia, India, Indonesia, China and South Africa",ALL_INC_POINTS,"All, including data recorded as points",MARINE,Marine,PCNT,Percent of total land/EEZ area,2005
BRIICS,"BRIICS economies - Brazil, Russia, India, Indonesia, China and South Africa",ALL_INC_POINTS,"All, including data recorded as points",MARINE,Marine,PCNT,Percent of total land/EEZ area,2006
BRIICS,"BRIICS economies - Brazil, Russia, India, Indonesia, China and South Africa",ALL_INC_POINTS,"All, including data recorded as points",MARINE,Marine,PCNT,Percent of total land/EEZ area,2007
BRIICS,"BRIICS economies - Brazil, Russia, India, Indonesia, China and South Africa",ALL_INC_POINTS,"All, including data recorded as points",MARINE,Marine,PCNT,Percent of total land/EEZ area,2008
BRIICS,"BRIICS economies - Brazil, Russia, India, Indonesia, China and South Africa",ALL_INC_POINTS,"All, including data recorded as points",MARINE,Marine,PCNT,Percent of total land/EEZ area,2009
BRIICS,"BRIICS economies - Brazil, Russia, India, Indonesia, China and South Africa",ALL_INC_POINTS,"All, including data recorded as points",MARINE,Marine,PCNT,Percent of total land/EEZ area,2010
BRIICS,"BRIICS economies - Brazil, Russia, India, Indonesia, China and South Africa",ALL_INC_POINTS,"All, including data recorded as points",MARINE,Marine,PCNT,Percent of total land/EEZ area,2011
BRIICS,"BRIICS economies - Brazil, Russia, India, Indonesia, China and South Africa",ALL_INC_POINTS,"All, including data recorded as points",MARINE,Marine,PCNT,Percent of total land/EEZ area,2012
BRIICS,"BRIICS economies - Brazil, Russia, India, Indonesia, China and South Africa",ALL_INC_POINTS,"All, including data recorded as points",MARINE,Marine,PCNT,Percent of total land/EEZ area,2013
BRIICS,"BRIICS economies - Brazil, Russia, India, Indonesia, China and South Africa",ALL_INC_POINTS,"All, including data recorded as points",MARINE,Marine,PCNT,Percent of total land/EEZ area,2014
BRIICS,"BRIICS economies - Brazil, Russia, India, Indonesia, China and South Africa",ALL_INC_POINTS,"All, including data recorded as points",MARINE,Marine,PCNT,Percent of total land/EEZ area,2015
BRIICS,"BRIICS economies - Brazil, Russia, India, Indonesia, China and South Africa",ALL_INC_POINTS,"All, including data recorded as points",MARINE,Marine,PCNT,Percent of total land/EEZ area,2016
BRIICS,"BRIICS economies - Brazil, Russia, India, Indonesia, China and South Africa",ALL_INC_POINTS,"All, including data recorded as points",MARINE,Marine,PCNT,Percent of total land/EEZ area,2017
BRIICS,"BRIICS economies - Brazil, Russia, India, Indonesia, China and South Africa",ALL_INC_POINTS,"All, including data recorded as points",MARINE,Marine,PCNT,Percent of total land/EEZ area,2018
BRIICS,"BRIICS economies - Brazil, Russia, India, Indonesia, China and South Africa",ALL_INC_POINTS,"All, including data recorded as points",MARINE,Marine,PCNT,Percent of total land/EEZ area,2019
BRIICS,"BRIICS economies - Brazil, Russia, India, Indonesia, China and South Africa",ALL_INC_POINTS,"All, including data recorded as points",MARINE,Marine,PCNT,Percent of total land/EEZ area,2020
BRIICS,"BRIICS economies - Brazil, Russia, India, Indonesia, China and South Africa",ALL_INC_POINTS,"All, including data recorded as points",MARINE,Marine,PCNT,Percent of total land/EEZ area,2021
CUW,Curacao,ALL_INC_POINTS,"All, including data recorded as points",MARINE,Marine,PCNT,Percent of total land/EEZ area,1950
CUW,Curacao,ALL_INC_POINTS,"All, including data recorded as points",MARINE,Marine,PCNT,Percent of total land/EEZ area,1960
CUW,Curacao,ALL_INC_POINTS,"All, including data recorded as points",MARINE,Marine,PCNT,Percent of total land/EEZ area,1970
CUW,Curacao,ALL_INC_POINTS,"All, including data recorded as points",MARINE,Marine,PCNT,Percent of total land/EEZ area,1980
CUW,Curacao,ALL_INC_POINTS,"All, including data recorded as points",MARINE,Marine,PCNT,Percent of total land/EEZ area,1985
CUW,Curacao,ALL_INC_POINTS,"All, including data recorded as points",MARINE,Marine,PCNT,Percent of total land/EEZ area,1990
CUW,Curacao,ALL_INC_POINTS,"All, including data recorded as points",MARINE,Marine,PCNT,Percent of total land/EEZ area,1995
CUW,Curacao,ALL_INC_POINTS,"All, including data recorded as points",MARINE,Marine,PCNT,Percent of total land/EEZ area,2000
CUW,Curacao,ALL_INC_POINTS,"All, including data recorded as points",MARINE,Marine,PCNT,Percent of total land/EEZ area,2001
CUW,Curacao,ALL_INC_POINTS,"All, including data recorded as points",MARINE,Marine,PCNT,Percent of total land/EEZ area,2002
CUW,Curacao,ALL_INC_POINTS,"All, including data recorded as points",MARINE,Marine,PCNT,Percent of total land/EEZ area,2003
CUW,Curacao,ALL_INC_POINTS,"All, including data recorded as points",MARINE,Marine,PCNT,Percent of total land/EEZ area,2004
CUW,Curacao,ALL_INC_POINTS,"All, including data recorded as points",MARINE,Marine,PCNT,Percent of total land/EEZ area,2005
CUW,Curacao,ALL_INC_POINTS,"All, including data recorded as points",MARINE,Marine,PCNT,Percent of total land/EEZ area,2006
CUW,Curacao,ALL_INC_POINTS,"All, including data recorded as points",MARINE,Marine,PCNT,Percent of total land/EEZ area,2007
CUW,Curacao,ALL_INC_POINTS,"All, including data recorded as points",MARINE,Marine,PCNT,Percent of total land/EEZ area,2008
CUW,Curacao,ALL_INC_POINTS,"All, including data recorded as points",MARINE,Marine,PCNT,Percent of total land/EEZ area,2009
CUW,Curacao,ALL_INC_POINTS,"All, including data recorded as points",MARINE,Marine,PCNT,Percent of total land/EEZ area,2010
CUW,Curacao,ALL_INC_POINTS,"All, including data recorded as points",MARINE,Marine,PCNT,Percent of total land/EEZ area,2011
CUW,Curacao,ALL_INC_POINTS,"All, including data recorded as points",MARINE,Marine,PCNT,Percent of total land/EEZ area,2012
CUW,Curacao,ALL_INC_POINTS,"All, including data recorded as points",MARINE,Marine,PCNT,Percent of total land/EEZ area,2013
CUW,Curacao,ALL_INC_POINTS,"All, including data recorded as points",MARINE,Marine,PCNT,Percent of total land/EEZ area,2014
CUW,Curacao,ALL_INC_POINTS,"All, including data recorded as points",MARINE,Marine,PCNT,Percent of total land/EEZ area,2015
CUW,Curacao,ALL_INC_POINTS,"All, including data recorded as points",MARINE,Marine,PCNT,Percent of total land/EEZ area,2016
CUW,Curacao,ALL_INC_POINTS,"All, including data recorded as points",MARINE,Marine,PCNT,Percent of total land/EEZ area,2017
CUW,Curacao,ALL_INC_POINTS,"All, including data recorded as points",MARINE,Marine,PCNT,Percent of total land/EEZ area,2018
CUW,Curacao,ALL_INC_POINTS,"All, including data recorded as points",MARINE,Marine,PCNT,Percent of total land/EEZ area,2019
CUW,Curacao,ALL_INC_POINTS,"All, including data recorded as points",MARINE,Marine,PCNT,Percent of total land/EEZ area,2020
CUW,Curacao,ALL_INC_POINTS,"All, including data recorded as points",MARINE,Marine,PCNT,Percent of total land/EEZ area,2021
SXM,Sint Maarten,ALL_INC_POINTS,"All, including data recorded as points",MARINE,Marine,PCNT,Percent of total land/EEZ area,1950
SXM,Sint Maarten,ALL_INC_POINTS,"All, including data recorded as points",MARINE,Marine,PCNT,Percent of total land/EEZ area,1960
SXM,Sint Maarten,ALL_INC_POINTS,"All, including data recorded as points",MARINE,Marine,PCNT,Percent of total land/EEZ area,1970
SXM,Sint Maarten,ALL_INC_POINTS,"All, including data recorded as points",MARINE,Marine,PCNT,Percent of total land/EEZ area,1980
SXM,Sint Maarten,ALL_INC_POINTS,"All, including data recorded as points",MARINE,Marine,PCNT,Percent of total land/EEZ area,1985
SXM,Sint Maarten,ALL_INC_POINTS,"All, including data recorded as points",MARINE,Marine,PCNT,Percent of total land/EEZ area,1990
SXM,Sint Maarten,ALL_INC_POINTS,"All, including data recorded as points",MARINE,Marine,PCNT,Percent of total land/EEZ area,1995
SXM,Sint Maarten,ALL_INC_POINTS,"All, including data recorded as points",MARINE,Marine,PCNT,Percent of total land/EEZ area,2000
SXM,Sint Maarten,ALL_INC_POINTS,"All, including data recorded as points",MARINE,Marine,PCNT,Percent of total land/EEZ area,2001
SXM,Sint Maarten,ALL_INC_POINTS,"All, including data recorded as points",MARINE,Marine,PCNT,Percent of total land/EEZ area,2002
SXM,Sint Maarten,ALL_INC_POINTS,"All, including data recorded as points",MARINE,Marine,PCNT,Percent of total land/EEZ area,2003
SXM,Sint Maarten,ALL_INC_POINTS,"All, including data recorded as points",MARINE,Marine,PCNT,Percent of total land/EEZ area,2004
SXM,Sint Maarten,ALL_INC_POINTS,"All, including data recorded as points",MARINE,Marine,PCNT,Percent of total land/EEZ area,2005
SXM,Sint Maarten,ALL_INC_POINTS,"All, including data recorded as points",MARINE,Marine,PCNT,Percent of total land/EEZ area,2006
SXM,Sint Maarten,ALL_INC_POINTS,"All, including data recorded as points",MARINE,Marine,PCNT,Percent of total land/EEZ area,2007
SXM,Sint Maarten,ALL_INC_POINTS,"All, including data recorded as points",MARINE,Marine,PCNT,Percent of total land/EEZ area,2008
SXM,Sint Maarten,ALL_INC_POINTS,"All, including data recorded as points",MARINE,Marine,PCNT,Percent of total land/EEZ area,2009
SXM,Sint Maarten,ALL_INC_POINTS,"All, including data recorded as points",MARINE,Marine,PCNT,Percent of total land/EEZ area,2010
SXM,Sint Maarten,ALL_INC_POINTS,"All, including data recorded as points",MARINE,Marine,PCNT,Percent of total land/EEZ area,2011
SXM,Sint Maarten,ALL_INC_POINTS,"All, including data recorded as points",MARINE,Marine,PCNT,Percent of total land/EEZ area,2012
SXM,Sint Maarten,ALL_INC_POINTS,"All, including data recorded as points",MARINE,Marine,PCNT,Percent of total land/EEZ area,2013
SXM,Sint Maarten,ALL_INC_POINTS,"All, including data recorded as points",MARINE,Marine,PCNT,Percent of total land/EEZ area,2014
SXM,Sint Maarten,ALL_INC_POINTS,"All, including data recorded as points",MARINE,Marine,PCNT,Percent of total land/EEZ area,2015
SXM,Sint Maarten,ALL_INC_POINTS,"All, including data recorded as points",MARINE,Marine,PCNT,Percent of total land/EEZ area,2016
SXM,Sint Maarten,ALL_INC_POINTS,"All, including data recorded as points",MARINE,Marine,PCNT,Percent of total land/EEZ area,2017
SXM,Sint Maarten,ALL_INC_POINTS,"All, including data recorded as points",MARINE,Marine,PCNT,Percent of total land/EEZ area,2018
SXM,Sint Maarten,ALL_INC_POINTS,"All, including data recorded as points",MARINE,Marine,PCNT,Percent of total land/EEZ area,2019
SXM,Sint Maarten,ALL_INC_POINTS,"All, including data recorded as points",MARINE,Marine,PCNT,Percent of total land/EEZ area,2020
SXM,Sint Maarten,ALL_INC_POINTS,"All, including data recorded as points",MARINE,Marine,PCNT,Percent of total land/EEZ area,2021
BES,Bonaire,ALL_INC_POINTS,"All, including data recorded as points",MARINE,Marine,PCNT,Percent of total land/EEZ area,1950
BES,Bonaire,ALL_INC_POINTS,"All, including data recorded as points",MARINE,Marine,PCNT,Percent of total land/EEZ area,1960
BES,Bonaire,ALL_INC_POINTS,"All, including data recorded as points",MARINE,Marine,PCNT,Percent of total land/EEZ area,1970
BES,Bonaire,ALL_INC_POINTS,"All, including data recorded as points",MARINE,Marine,PCNT,Percent of total land/EEZ area,1980
BES,Bonaire,ALL_INC_POINTS,"All, including data recorded as points",MARINE,Marine,PCNT,Percent of total land/EEZ area,1985
BES,Bonaire,ALL_INC_POINTS,"All, including data recorded as points",MARINE,Marine,PCNT,Percent of total land/EEZ area,1990
BES,Bonaire,ALL_INC_POINTS,"All, including data recorded as points",MARINE,Marine,PCNT,Percent of total land/EEZ area,1995
BES,Bonaire,ALL_INC_POINTS,"All, including data recorded as points",MARINE,Marine,PCNT,Percent of total land/EEZ area,2000
BES,Bonaire,ALL_INC_POINTS,"All, including data recorded as points",MARINE,Marine,PCNT,Percent of total land/EEZ area,2001
BES,Bonaire,ALL_INC_POINTS,"All, including data recorded as points",MARINE,Marine,PCNT,Percent of total land/EEZ area,2002
BES,Bonaire,ALL_INC_POINTS,"All, including data recorded as points",MARINE,Marine,PCNT,Percent of total land/EEZ area,2003
BES,Bonaire,ALL_INC_POINTS,"All, including data recorded as points",MARINE,Marine,PCNT,Percent of total land/EEZ area,2004
BES,Bonaire,ALL_INC_POINTS,"All, including data recorded as points",MARINE,Marine,PCNT,Percent of total land/EEZ area,2005
BES,Bonaire,ALL_INC_POINTS,"All, including data recorded as points",MARINE,Marine,PCNT,Percent of total land/EEZ area,2006
BES,Bonaire,ALL_INC_POINTS,"All, including data recorded as points",MARINE,Marine,PCNT,Percent of total land/EEZ area,2007
BES,Bonaire,ALL_INC_POINTS,"All, including data recorded as points",MARINE,Marine,PCNT,Percent of total land/EEZ area,2008
BES,Bonaire,ALL_INC_POINTS,"All, including data recorded as points",MARINE,Marine,PCNT,Percent of total land/EEZ area,2009
BES,Bonaire,ALL_INC_POINTS,"All, including data recorded as points",MARINE,Marine,PCNT,Percent of total land/EEZ area,2010
BES,Bonaire,ALL_INC_POINTS,"All, including data recorded as points",MARINE,Marine,PCNT,Percent of total land/EEZ area,2011
BES,Bonaire,ALL_INC_POINTS,"All, including data recorded as points",MARINE,Marine,PCNT,Percent of total land/EEZ area,2012
BES,Bonaire,ALL_INC_POINTS,"All, including data recorded as points",MARINE,Marine,PCNT,Percent of total land/EEZ area,2013
BES,Bonaire,ALL_INC_POINTS,"All, including data recorded as points",MARINE,Marine,PCNT,Percent of total land/EEZ area,2014
BES,Bonaire,ALL_INC_POINTS,"All, including data recorded as points",MARINE,Marine,PCNT,Percent of total land/EEZ area,2015
BES,Bonaire,ALL_INC_POINTS,"All, including data recorded as points",MARINE,Marine,PCNT,Percent of total land/EEZ area,2016
BES,Bonaire,ALL_INC_POINTS,"All, including data recorded as points",MARINE,Marine,PCNT,Percent of total land/EEZ area,2017
BES,Bonaire,ALL_INC_POINTS,"All, including data recorded as points",MARINE,Marine,PCNT,Percent of total land/EEZ area,2018
BES,Bonaire,ALL_INC_POINTS,"All, including data recorded as points",MARINE,Marine,PCNT,Percent of total land/EEZ area,2019
BES,Bonaire,ALL_INC_POINTS,"All, including data recorded as points",MARINE,Marine,PCNT,Percent of total land/EEZ area,2020
BES,Bonaire,ALL_INC_POINTS,"All, including data recorded as points",MARINE,Marine,PCNT,Percent of total land/EEZ area,2021
OECD,OECD - Total,ALL_INC_POINTS,"All, including data recorded as points",MARINE,Marine,PCNT,Percent of total land/EEZ area,1950
OECD,OECD - Total,ALL_INC_POINTS,"All, including data recorded as points",MARINE,Marine,PCNT,Percent of total land/EEZ area,1960
OECD,OECD - Total,ALL_INC_POINTS,"All, including data recorded as points",MARINE,Marine,PCNT,Percent of total land/EEZ area,1970
OECD,OECD - Total,ALL_INC_POINTS,"All, including data recorded as points",MARINE,Marine,PCNT,Percent of total land/EEZ area,1980
OECD,OECD - Total,ALL_INC_POINTS,"All, including data recorded as points",MARINE,Marine,PCNT,Percent of total land/EEZ area,1985
OECD,OECD - Total,ALL_INC_POINTS,"All, including data recorded as points",MARINE,Marine,PCNT,Percent of total land/EEZ area,1990
OECD,OECD - Total,ALL_INC_POINTS,"All, including data recorded as points",MARINE,Marine,PCNT,Percent of total land/EEZ area,1995
OECD,OECD - Total,ALL_INC_POINTS,"All, including data recorded as points",MARINE,Marine,PCNT,Percent of total land/EEZ area,2000
OECD,OECD - Total,ALL_INC_POINTS,"All, including data recorded as points",MARINE,Marine,PCNT,Percent of total land/EEZ area,2001
OECD,OECD - Total,ALL_INC_POINTS,"All, including data recorded as points",MARINE,Marine,PCNT,Percent of total land/EEZ area,2002
OECD,OECD - Total,ALL_INC_POINTS,"All, including data recorded as points",MARINE,Marine,PCNT,Percent of total land/EEZ area,2003
OECD,OECD - Total,ALL_INC_POINTS,"All, including data recorded as points",MARINE,Marine,PCNT,Percent of total land/EEZ area,2004
OECD,OECD - Total,ALL_INC_POINTS,"All, including data recorded as points",MARINE,Marine,PCNT,Percent of total land/EEZ area,2005
OECD,OECD - Total,ALL_INC_POINTS,"All, including data recorded as points",MARINE,Marine,PCNT,Percent of total land/EEZ area,2006
OECD,OECD - Total,ALL_INC_POINTS,"All, including data recorded as points",MARINE,Marine,PCNT,Percent of total land/EEZ area,2007
OECD,OECD - Total,ALL_INC_POINTS,"All, including data recorded as points",MARINE,Marine,PCNT,Percent of total land/EEZ area,2008
OECD,OECD - Total,ALL_INC_POINTS,"All, including data recorded as points",MARINE,Marine,PCNT,Percent of total land/EEZ area,2009
OECD,OECD - Total,ALL_INC_POINTS,"All, including data recorded as points",MARINE,Marine,PCNT,Percent of total land/EEZ area,2010
OECD,OECD - Total,ALL_INC_POINTS,"All, including data recorded as points",MARINE,Marine,PCNT,Percent of total land/EEZ area,2011
OECD,OECD - Total,ALL_INC_POINTS,"All, including data recorded as points",MARINE,Marine,PCNT,Percent of total land/EEZ area,2012
OECD,OECD - Total,ALL_INC_POINTS,"All, including data recorded as points",MARINE,Marine,PCNT,Percent of total land/EEZ area,2013
OECD,OECD - Total,ALL_INC_POINTS,"All, including data recorded as points",MARINE,Marine,PCNT,Percent of total land/EEZ area,2014
OECD,OECD - Total,ALL_INC_POINTS,"All, including data recorded as points",MARINE,Marine,PCNT,Percent of total land/EEZ area,2015
OECD,OECD - Total,ALL_INC_POINTS,"All, including data recorded as points",MARINE,Marine,PCNT,Percent of total land/EEZ area,2016
OECD,OECD - Total,ALL_INC_POINTS,"All, including data recorded as points",MARINE,Marine,PCNT,Percent of total land/EEZ area,2017
OECD,OECD - Total,ALL_INC_POINTS,"All, including data recorded as points",MARINE,Marine,PCNT,Percent of total land/EEZ area,2018
OECD,OECD - Total,ALL_INC_POINTS,"All, including data recorded as points",MARINE,Marine,PCNT,Percent of total land/EEZ area,2019
OECD,OECD - Total,ALL_INC_POINTS,"All, including data recorded as points",MARINE,Marine,PCNT,Percent of total land/EEZ area,2020
OECD,OECD - Total,ALL_INC_POINTS,"All, including data recorded as points",MARINE,Marine,PCNT,Percent of total land/EEZ area,2021
OECDE,OECD - Europe,ALL_INC_POINTS,"All, including data recorded as points",MARINE,Marine,PCNT,Percent of total land/EEZ area,1950
OECDE,OECD - Europe,ALL_INC_POINTS,"All, including data recorded as points",MARINE,Marine,PCNT,Percent of total land/EEZ area,1960
OECDE,OECD - Europe,ALL_INC_POINTS,"All, including data recorded as points",MARINE,Marine,PCNT,Percent of total land/EEZ area,1970
OECDE,OECD - Europe,ALL_INC_POINTS,"All, including data recorded as points",MARINE,Marine,PCNT,Percent of total land/EEZ area,1980
OECDE,OECD - Europe,ALL_INC_POINTS,"All, including data recorded as points",MARINE,Marine,PCNT,Percent of total land/EEZ area,1985
OECDE,OECD - Europe,ALL_INC_POINTS,"All, including data recorded as points",MARINE,Marine,PCNT,Percent of total land/EEZ area,1990
OECDE,OECD - Europe,ALL_INC_POINTS,"All, including data recorded as points",MARINE,Marine,PCNT,Percent of total land/EEZ area,1995
OECDE,OECD - Europe,ALL_INC_POINTS,"All, including data recorded as points",MARINE,Marine,PCNT,Percent of total land/EEZ area,2000
OECDE,OECD - Europe,ALL_INC_POINTS,"All, including data recorded as points",MARINE,Marine,PCNT,Percent of total land/EEZ area,2001
OECDE,OECD - Europe,ALL_INC_POINTS,"All, including data recorded as points",MARINE,Marine,PCNT,Percent of total land/EEZ area,2002
OECDE,OECD - Europe,ALL_INC_POINTS,"All, including data recorded as points",MARINE,Marine,PCNT,Percent of total land/EEZ area,2003
OECDE,OECD - Europe,ALL_INC_POINTS,"All, including data recorded as points",MARINE,Marine,PCNT,Percent of total land/EEZ area,2004
OECDE,OECD - Europe,ALL_INC_POINTS,"All, including data recorded as points",MARINE,Marine,PCNT,Percent of total land/EEZ area,2005
OECDE,OECD - Europe,ALL_INC_POINTS,"All, including data recorded as points",MARINE,Marine,PCNT,Percent of total land/EEZ area,2006
OECDE,OECD - Europe,ALL_INC_POINTS,"All, including data recorded as points",MARINE,Marine,PCNT,Percent of total land/EEZ area,2007
OECDE,OECD - Europe,ALL_INC_POINTS,"All, including data recorded as points",MARINE,Marine,PCNT,Percent of total land/EEZ area,2008
OECDE,OECD - Europe,ALL_INC_POINTS,"All, including data recorded as points",MARINE,Marine,PCNT,Percent of total land/EEZ area,2009
OECDE,OECD - Europe,ALL_INC_POINTS,"All, including data recorded as points",MARINE,Marine,PCNT,Percent of total land/EEZ area,2010
OECDE,OECD - Europe,ALL_INC_POINTS,"All, including data recorded as points",MARINE,Marine,PCNT,Percent of total land/EEZ area,2011
OECDE,OECD - Europe,ALL_INC_POINTS,"All, including data recorded as points",MARINE,Marine,PCNT,Percent of total land/EEZ area,2012
OECDE,OECD - Europe,ALL_INC_POINTS,"All, including data recorded as points",MARINE,Marine,PCNT,Percent of total land/EEZ area,2013
OECDE,OECD - Europe,ALL_INC_POINTS,"All, including data recorded as points",MARINE,Marine,PCNT,Percent of total land/EEZ area,2014
OECDE,OECD - Europe,ALL_INC_POINTS,"All, including data recorded as points",MARINE,Marine,PCNT,Percent of total land/EEZ area,2015
OECDE,OECD - Europe,ALL_INC_POINTS,"All, including data recorded as points",MARINE,Marine,PCNT,Percent of total land/EEZ area,2016
OECDE,OECD - Europe,ALL_INC_POINTS,"All, including data recorded as points",MARINE,Marine,PCNT,Percent of total land/EEZ area,2017
OECDE,OECD - Europe,ALL_INC_POINTS,"All, including data recorded as points",MARINE,Marine,PCNT,Percent of total land/EEZ area,2018
OECDE,OECD - Europe,ALL_INC_POINTS,"All, including data recorded as points",MARINE,Marine,PCNT,Percent of total land/EEZ area,2019
OECDE,OECD - Europe,ALL_INC_POINTS,"All, including data recorded as points",MARINE,Marine,PCNT,Percent of total land/EEZ area,2020
OECDE,OECD - Europe,ALL_INC_POINTS,"All, including data recorded as points",MARINE,Marine,PCNT,Percent of total land/EEZ area,2021
EA19,Euro area (19 countries),ALL_INC_POINTS,"All, including data recorded as points",MARINE,Marine,PCNT,Percent of total land/EEZ area,1950
EA19,Euro area (19 countries),ALL_INC_POINTS,"All, including data recorded as points",MARINE,Marine,PCNT,Percent of total land/EEZ area,1960
EA19,Euro area (19 countries),ALL_INC_POINTS,"All, including data recorded as points",MARINE,Marine,PCNT,Percent of total land/EEZ area,1970
EA19,Euro area (19 countries),ALL_INC_POINTS,"All, including data recorded as points",MARINE,Marine,PCNT,Percent of total land/EEZ area,1980
EA19,Euro area (19 countries),ALL_INC_POINTS,"All, including data recorded as points",MARINE,Marine,PCNT,Percent of total land/EEZ area,1985
EA19,Euro area (19 countries),ALL_INC_POINTS,"All, including data recorded as points",MARINE,Marine,PCNT,Percent of total land/EEZ area,1990
EA19,Euro area (19 countries),ALL_INC_POINTS,"All, including data recorded as points",MARINE,Marine,PCNT,Percent of total land/EEZ area,1995
EA19,Euro area (19 countries),ALL_INC_POINTS,"All, including data recorded as points",MARINE,Marine,PCNT,Percent of total land/EEZ area,2000
EA19,Euro area (19 countries),ALL_INC_POINTS,"All, including data recorded as points",MARINE,Marine,PCNT,Percent of total land/EEZ area,2001
EA19,Euro area (19 countries),ALL_INC_POINTS,"All, including data recorded as points",MARINE,Marine,PCNT,Percent of total land/EEZ area,2002
EA19,Euro area (19 countries),ALL_INC_POINTS,"All, including data recorded as points",MARINE,Marine,PCNT,Percent of total land/EEZ area,2003
EA19,Euro area (19 countries),ALL_INC_POINTS,"All, including data recorded as points",MARINE,Marine,PCNT,Percent of total land/EEZ area,2004
EA19,Euro area (19 countries),ALL_INC_POINTS,"All, including data recorded as points",MARINE,Marine,PCNT,Percent of total land/EEZ area,2005
EA19,Euro area (19 countries),ALL_INC_POINTS,"All, including data recorded as points",MARINE,Marine,PCNT,Percent of total land/EEZ area,2006
EA19,Euro area (19 countries),ALL_INC_POINTS,"All, including data recorded as points",MARINE,Marine,PCNT,Percent of total land/EEZ area,2007
EA19,Euro area (19 countries),ALL_INC_POINTS,"All, including data recorded as points",MARINE,Marine,PCNT,Percent of total land/EEZ area,2008
EA19,Euro area (19 countries),ALL_INC_POINTS,"All, including data recorded as points",MARINE,Marine,PCNT,Percent of total land/EEZ area,2009
EA19,Euro area (19 countries),ALL_INC_POINTS,"All, including data recorded as points",MARINE,Marine,PCNT,Percent of total land/EEZ area,2010
EA19,Euro area (19 countries),ALL_INC_POINTS,"All, including data recorded as points",MARINE,Marine,PCNT,Percent of total land/EEZ area,2011
EA19,Euro area (19 countries),ALL_INC_POINTS,"All, including data recorded as points",MARINE,Marine,PCNT,Percent of total land/EEZ area,2012
EA19,Euro area (19 countries),ALL_INC_POINTS,"All, including data recorded as points",MARINE,Marine,PCNT,Percent of total land/EEZ area,2013
EA19,Euro area (19 countries),ALL_INC_POINTS,"All, including data recorded as points",MARINE,Marine,PCNT,Percent of total land/EEZ area,2014
EA19,Euro area (19 countries),ALL_INC_POINTS,"All, including data recorded as points",MARINE,Marine,PCNT,Percent of total land/EEZ area,2015
EA19,Euro area (19 countries),ALL_INC_POINTS,"All, including data recorded as points",MARINE,Marine,PCNT,Percent of total land/EEZ area,2016
EA19,Euro area (19 countries),ALL_INC_POINTS,"All, including data recorded as points",MARINE,Marine,PCNT,Percent of total land/EEZ area,2017
EA19,Euro area (19 countries),ALL_INC_POINTS,"All, including data recorded as points",MARINE,Marine,PCNT,Percent of total land/EEZ area,2018
EA19,Euro area (19 countries),ALL_INC_POINTS,"All, including data recorded as points",MARINE,Marine,PCNT,Percent of total land/EEZ area,2019
EA19,Euro area (19 countries),ALL_INC_POINTS,"All, including data recorded as points",MARINE,Marine,PCNT,Percent of total land/EEZ area,2020
EA19,Euro area (19 countries),ALL_INC_POINTS,"All, including data recorded as points",MARINE,Marine,PCNT,Percent of total land/EEZ area,2021
BLM,Saint Barthélemy,ALL_INC_POINTS,"All, including data recorded as points",MARINE,Marine,PCNT,Percent of total land/EEZ area,1950
BLM,Saint Barthélemy,ALL_INC_POINTS,"All, including data recorded as points",MARINE,Marine,PCNT,Percent of total land/EEZ area,1960
BLM,Saint Barthélemy,ALL_INC_POINTS,"All, including data recorded as points",MARINE,Marine,PCNT,Percent of total land/EEZ area,1970
BLM,Saint Barthélemy,ALL_INC_POINTS,"All, including data recorded as points",MARINE,Marine,PCNT,Percent of total land/EEZ area,1980
BLM,Saint Barthélemy,ALL_INC_POINTS,"All, including data recorded as points",MARINE,Marine,PCNT,Percent of total land/EEZ area,1985
BLM,Saint Barthélemy,ALL_INC_POINTS,"All, including data recorded as points",MARINE,Marine,PCNT,Percent of total land/EEZ area,1990
BLM,Saint Barthélemy,ALL_INC_POINTS,"All, including data recorded as points",MARINE,Marine,PCNT,Percent of total land/EEZ area,1995
BLM,Saint Barthélemy,ALL_INC_POINTS,"All, including data recorded as points",MARINE,Marine,PCNT,Percent of total land/EEZ area,2000
BLM,Saint Barthélemy,ALL_INC_POINTS,"All, including data recorded as points",MARINE,Marine,PCNT,Percent of total land/EEZ area,2001
BLM,Saint Barthélemy,ALL_INC_POINTS,"All, including data recorded as points",MARINE,Marine,PCNT,Percent of total land/EEZ area,2002
BLM,Saint Barthélemy,ALL_INC_POINTS,"All, including data recorded as points",MARINE,Marine,PCNT,Percent of total land/EEZ area,2003
BLM,Saint Barthélemy,ALL_INC_POINTS,"All, including data recorded as points",MARINE,Marine,PCNT,Percent of total land/EEZ area,2004
BLM,Saint Barthélemy,ALL_INC_POINTS,"All, including data recorded as points",MARINE,Marine,PCNT,Percent of total land/EEZ area,2005
BLM,Saint Barthélemy,ALL_INC_POINTS,"All, including data recorded as points",MARINE,Marine,PCNT,Percent of total land/EEZ area,2006
BLM,Saint Barthélemy,ALL_INC_POINTS,"All, including data recorded as points",MARINE,Marine,PCNT,Percent of total land/EEZ area,2007
BLM,Saint Barthélemy,ALL_INC_POINTS,"All, including data recorded as points",MARINE,Marine,PCNT,Percent of total land/EEZ area,2008
BLM,Saint Barthélemy,ALL_INC_POINTS,"All, including data recorded as points",MARINE,Marine,PCNT,Percent of total land/EEZ area,2009
BLM,Saint Barthélemy,ALL_INC_POINTS,"All, including data recorded as points",MARINE,Marine,PCNT,Percent of total land/EEZ area,2010
BLM,Saint Barthélemy,ALL_INC_POINTS,"All, including data recorded as points",MARINE,Marine,PCNT,Percent of total land/EEZ area,2011
BLM,Saint Barthélemy,ALL_INC_POINTS,"All, including data recorded as points",MARINE,Marine,PCNT,Percent of total land/EEZ area,2012
BLM,Saint Barthélemy,ALL_INC_POINTS,"All, including data recorded as points",MARINE,Marine,PCNT,Percent of total land/EEZ area,2013
BLM,Saint Barthélemy,ALL_INC_POINTS,"All, including data recorded as points",MARINE,Marine,PCNT,Percent of total land/EEZ area,2014
BLM,Saint Barthélemy,ALL_INC_POINTS,"All, including data recorded as points",MARINE,Marine,PCNT,Percent of total land/EEZ area,2015
BLM,Saint Barthélemy,ALL_INC_POINTS,"All, including data recorded as points",MARINE,Marine,PCNT,Percent of total land/EEZ area,2016
BLM,Saint Barthélemy,ALL_INC_POINTS,"All, including data recorded as points",MARINE,Marine,PCNT,Percent of total land/EEZ area,2017
BLM,Saint Barthélemy,ALL_INC_POINTS,"All, including data recorded as points",MARINE,Marine,PCNT,Percent of total land/EEZ area,2018
BLM,Saint Barthélemy,ALL_INC_POINTS,"All, including data recorded as points",MARINE,Marine,PCNT,Percent of total land/EEZ area,2019
BLM,Saint Barthélemy,ALL_INC_POINTS,"All, including data recorded as points",MARINE,Marine,PCNT,Percent of total land/EEZ area,2020
BLM,Saint Barthélemy,ALL_INC_POINTS,"All, including data recorded as points",MARINE,Marine,PCNT,Percent of total land/EEZ area,2021
OECDAO,OECD Asia Oceania,ALL_INC_POINTS,"All, including data recorded as points",MARINE,Marine,PCNT,Percent of total land/EEZ area,1950
OECDAO,OECD Asia Oceania,ALL_INC_POINTS,"All, including data recorded as points",MARINE,Marine,PCNT,Percent of total land/EEZ area,1960
OECDAO,OECD Asia Oceania,ALL_INC_POINTS,"All, including data recorded as points",MARINE,Marine,PCNT,Percent of total land/EEZ area,1970
OECDAO,OECD Asia Oceania,ALL_INC_POINTS,"All, including data recorded as points",MARINE,Marine,PCNT,Percent of total land/EEZ area,1980
OECDAO,OECD Asia Oceania,ALL_INC_POINTS,"All, including data recorded as points",MARINE,Marine,PCNT,Percent of total land/EEZ area,1985
OECDAO,OECD Asia Oceania,ALL_INC_POINTS,"All, including data recorded as points",MARINE,Marine,PCNT,Percent of total land/EEZ area,1990
OECDAO,OECD Asia Oceania,ALL_INC_POINTS,"All, including data recorded as points",MARINE,Marine,PCNT,Percent of total land/EEZ area,1995
OECDAO,OECD Asia Oceania,ALL_INC_POINTS,"All, including data recorded as points",MARINE,Marine,PCNT,Percent of total land/EEZ area,2000
OECDAO,OECD Asia Oceania,ALL_INC_POINTS,"All, including data recorded as points",MARINE,Marine,PCNT,Percent of total land/EEZ area,2001
OECDAO,OECD Asia Oceania,ALL_INC_POINTS,"All, including data recorded as points",MARINE,Marine,PCNT,Percent of total land/EEZ area,2002
OECDAO,OECD Asia Oceania,ALL_INC_POINTS,"All, including data recorded as points",MARINE,Marine,PCNT,Percent of total land/EEZ area,2003
OECDAO,OECD Asia Oceania,ALL_INC_POINTS,"All, including data recorded as points",MARINE,Marine,PCNT,Percent of total land/EEZ area,2004
OECDAO,OECD Asia Oceania,ALL_INC_POINTS,"All, including data recorded as points",MARINE,Marine,PCNT,Percent of total land/EEZ area,2005
OECDAO,OECD Asia Oceania,ALL_INC_POINTS,"All, including data recorded as points",MARINE,Marine,PCNT,Percent of total land/EEZ area,2006
OECDAO,OECD Asia Oceania,ALL_INC_POINTS,"All, including data recorded as points",MARINE,Marine,PCNT,Percent of total land/EEZ area,2007
OECDAO,OECD Asia Oceania,ALL_INC_POINTS,"All, including data recorded as points",MARINE,Marine,PCNT,Percent of total land/EEZ area,2008
OECDAO,OECD Asia Oceania,ALL_INC_POINTS,"All, including data recorded as points",MARINE,Marine,PCNT,Percent of total land/EEZ area,2009
OECDAO,OECD Asia Oceania,ALL_INC_POINTS,"All, including data recorded as points",MARINE,Marine,PCNT,Percent of total land/EEZ area,2010
OECDAO,OECD Asia Oceania,ALL_INC_POINTS,"All, including data recorded as points",MARINE,Marine,PCNT,Percent of total land/EEZ area,2011
OECDAO,OECD Asia Oceania,ALL_INC_POINTS,"All, including data recorded as points",MARINE,Marine,PCNT,Percent of total land/EEZ area,2012
OECDAO,OECD Asia Oceania,ALL_INC_POINTS,"All, including data recorded as points",MARINE,Marine,PCNT,Percent of total land/EEZ area,2013
OECDAO,OECD Asia Oceania,ALL_INC_POINTS,"All, including data recorded as points",MARINE,Marine,PCNT,Percent of total land/EEZ area,2014
OECDAO,OECD Asia Oceania,ALL_INC_POINTS,"All, including data recorded as points",MARINE,Marine,PCNT,Percent of total land/EEZ area,2015
OECDAO,OECD Asia Oceania,ALL_INC_POINTS,"All, including data recorded as points",MARINE,Marine,PCNT,Percent of total land/EEZ area,2016
OECDAO,OECD Asia Oceania,ALL_INC_POINTS,"All, including data recorded as points",MARINE,Marine,PCNT,Percent of total land/EEZ area,2017
OECDAO,OECD Asia Oceania,ALL_INC_POINTS,"All, including data recorded as points",MARINE,Marine,PCNT,Percent of total land/EEZ area,2018
OECDAO,OECD Asia Oceania,ALL_INC_POINTS,"All, including data recorded as points",MARINE,Marine,PCNT,Percent of total land/EEZ area,2019
OECDAO,OECD Asia Oceania,ALL_INC_POINTS,"All, including data recorded as points",MARINE,Marine,PCNT,Percent of total land/EEZ area,2020
OECDAO,OECD Asia Oceania,ALL_INC_POINTS,"All, including data recorded as points",MARINE,Marine,PCNT,Percent of total land/EEZ area,2021
OECDAM,OECD America,ALL_INC_POINTS,"All, including data recorded as points",MARINE,Marine,PCNT,Percent of total land/EEZ area,1950
OECDAM,OECD America,ALL_INC_POINTS,"All, including data recorded as points",MARINE,Marine,PCNT,Percent of total land/EEZ area,1960
OECDAM,OECD America,ALL_INC_POINTS,"All, including data recorded as points",MARINE,Marine,PCNT,Percent of total land/EEZ area,1970
OECDAM,OECD America,ALL_INC_POINTS,"All, including data recorded as points",MARINE,Marine,PCNT,Percent of total land/EEZ area,1980
OECDAM,OECD America,ALL_INC_POINTS,"All, including data recorded as points",MARINE,Marine,PCNT,Percent of total land/EEZ area,1985
OECDAM,OECD America,ALL_INC_POINTS,"All, including data recorded as points",MARINE,Marine,PCNT,Percent of total land/EEZ area,1990
OECDAM,OECD America,ALL_INC_POINTS,"All, including data recorded as points",MARINE,Marine,PCNT,Percent of total land/EEZ area,1995
OECDAM,OECD America,ALL_INC_POINTS,"All, including data recorded as points",MARINE,Marine,PCNT,Percent of total land/EEZ area,2000
OECDAM,OECD America,ALL_INC_POINTS,"All, including data recorded as points",MARINE,Marine,PCNT,Percent of total land/EEZ area,2001
OECDAM,OECD America,ALL_INC_POINTS,"All, including data recorded as points",MARINE,Marine,PCNT,Percent of total land/EEZ area,2002
OECDAM,OECD America,ALL_INC_POINTS,"All, including data recorded as points",MARINE,Marine,PCNT,Percent of total land/EEZ area,2003
OECDAM,OECD America,ALL_INC_POINTS,"All, including data recorded as points",MARINE,Marine,PCNT,Percent of total land/EEZ area,2004
OECDAM,OECD America,ALL_INC_POINTS,"All, including data recorded as points",MARINE,Marine,PCNT,Percent of total land/EEZ area,2005
OECDAM,OECD America,ALL_INC_POINTS,"All, including data recorded as points",MARINE,Marine,PCNT,Percent of total land/EEZ area,2006
OECDAM,OECD America,ALL_INC_POINTS,"All, including data recorded as points",MARINE,Marine,PCNT,Percent of total land/EEZ area,2007
OECDAM,OECD America,ALL_INC_POINTS,"All, including data recorded as points",MARINE,Marine,PCNT,Percent of total land/EEZ area,2008
OECDAM,OECD America,ALL_INC_POINTS,"All, including data recorded as points",MARINE,Marine,PCNT,Percent of total land/EEZ area,2009
OECDAM,OECD America,ALL_INC_POINTS,"All, including data recorded as points",MARINE,Marine,PCNT,Percent of total land/EEZ area,2010
OECDAM,OECD America,ALL_INC_POINTS,"All, including data recorded as points",MARINE,Marine,PCNT,Percent of total land/EEZ area,2011
OECDAM,OECD America,ALL_INC_POINTS,"All, including data recorded as points",MARINE,Marine,PCNT,Percent of total land/EEZ area,2012
OECDAM,OECD America,ALL_INC_POINTS,"All, including data recorded as points",MARINE,Marine,PCNT,Percent of total land/EEZ area,2013
OECDAM,OECD America,ALL_INC_POINTS,"All, including data recorded as points",MARINE,Marine,PCNT,Percent of total land/EEZ area,2014
OECDAM,OECD America,ALL_INC_POINTS,"All, including data recorded as points",MARINE,Marine,PCNT,Percent of total land/EEZ area,2015
OECDAM,OECD America,ALL_INC_POINTS,"All, including data recorded as points",MARINE,Marine,PCNT,Percent of total land/EEZ area,2016
OECDAM,OECD America,ALL_INC_POINTS,"All, including data recorded as points",MARINE,Marine,PCNT,Percent of total land/EEZ area,2017
OECDAM,OECD America,ALL_INC_POINTS,"All, including data recorded as points",MARINE,Marine,PCNT,Percent of total land/EEZ area,2018
OECDAM,OECD America,ALL_INC_POINTS,"All, including data recorded as points",MARINE,Marine,PCNT,Percent of total land/EEZ area,2019
OECDAM,OECD America,ALL_INC_POINTS,"All, including data recorded as points",MARINE,Marine,PCNT,Percent of total land/EEZ area,2020
OECDAM,OECD America,ALL_INC_POINTS,"All, including data recorded as points",MARINE,Marine,PCNT,Percent of total land/EEZ area,2021
EECCA,"Eastern Europe, Caucasus and Central Asia",ALL_INC_POINTS,"All, including data recorded as points",MARINE,Marine,PCNT,Percent of total land/EEZ area,1950
EECCA,"Eastern Europe, Caucasus and Central Asia",ALL_INC_POINTS,"All, including data recorded as points",MARINE,Marine,PCNT,Percent of total land/EEZ area,1960
EECCA,"Eastern Europe, Caucasus and Central Asia",ALL_INC_POINTS,"All, including data recorded as points",MARINE,Marine,PCNT,Percent of total land/EEZ area,1970
EECCA,"Eastern Europe, Caucasus and Central Asia",ALL_INC_POINTS,"All, including data recorded as points",MARINE,Marine,PCNT,Percent of total land/EEZ area,1980
EECCA,"Eastern Europe, Caucasus and Central Asia",ALL_INC_POINTS,"All, including data recorded as points",MARINE,Marine,PCNT,Percent of total land/EEZ area,1985
EECCA,"Eastern Europe, Caucasus and Central Asia",ALL_INC_POINTS,"All, including data recorded as points",MARINE,Marine,PCNT,Percent of total land/EEZ area,1990
EECCA,"Eastern Europe, Caucasus and Central Asia",ALL_INC_POINTS,"All, including data recorded as points",MARINE,Marine,PCNT,Percent of total land/EEZ area,1995
EECCA,"Eastern Europe, Caucasus and Central Asia",ALL_INC_POINTS,"All, including data recorded as points",MARINE,Marine,PCNT,Percent of total land/EEZ area,2000
EECCA,"Eastern Europe, Caucasus and Central Asia",ALL_INC_POINTS,"All, including data recorded as points",MARINE,Marine,PCNT,Percent of total land/EEZ area,2001
EECCA,"Eastern Europe, Caucasus and Central Asia",ALL_INC_POINTS,"All, including data recorded as points",MARINE,Marine,PCNT,Percent of total land/EEZ area,2002
EECCA,"Eastern Europe, Caucasus and Central Asia",ALL_INC_POINTS,"All, including data recorded as points",MARINE,Marine,PCNT,Percent of total land/EEZ area,2003
EECCA,"Eastern Europe, Caucasus and Central Asia",ALL_INC_POINTS,"All, including data recorded as points",MARINE,Marine,PCNT,Percent of total land/EEZ area,2004
EECCA,"Eastern Europe, Caucasus and Central Asia",ALL_INC_POINTS,"All, including data recorded as points",MARINE,Marine,PCNT,Percent of total land/EEZ area,2005
EECCA,"Eastern Europe, Caucasus and Central Asia",ALL_INC_POINTS,"All, including data recorded as points",MARINE,Marine,PCNT,Percent of total land/EEZ area,2006
EECCA,"Eastern Europe, Caucasus and Central Asia",ALL_INC_POINTS,"All, including data recorded as points",MARINE,Marine,PCNT,Percent of total land/EEZ area,2007
EECCA,"Eastern Europe, Caucasus and Central Asia",ALL_INC_POINTS,"All, including data recorded as points",MARINE,Marine,PCNT,Percent of total land/EEZ area,2008
EECCA,"Eastern Europe, Caucasus and Central Asia",ALL_INC_POINTS,"All, including data recorded as points",MARINE,Marine,PCNT,Percent of total land/EEZ area,2009
EECCA,"Eastern Europe, Caucasus and Central Asia",ALL_INC_POINTS,"All, including data recorded as points",MARINE,Marine,PCNT,Percent of total land/EEZ area,2010
EECCA,"Eastern Europe, Caucasus and Central Asia",ALL_INC_POINTS,"All, including data recorded as points",MARINE,Marine,PCNT,Percent of total land/EEZ area,2011
EECCA,"Eastern Europe, Caucasus and Central Asia",ALL_INC_POINTS,"All, including data recorded as points",MARINE,Marine,PCNT,Percent of total land/EEZ area,2012
EECCA,"Eastern Europe, Caucasus and Central Asia",ALL_INC_POINTS,"All, including data recorded as points",MARINE,Marine,PCNT,Percent of total land/EEZ area,2013
EECCA,"Eastern Europe, Caucasus and Central Asia",ALL_INC_POINTS,"All, including data recorded as points",MARINE,Marine,PCNT,Percent of total land/EEZ area,2014
EECCA,"Eastern Europe, Caucasus and Central Asia",ALL_INC_POINTS,"All, including data recorded as points",MARINE,Marine,PCNT,Percent of total land/EEZ area,2015
EECCA,"Eastern Europe, Caucasus and Central Asia",ALL_INC_POINTS,"All, including data recorded as points",MARINE,Marine,PCNT,Percent of total land/EEZ area,2016
EECCA,"Eastern Europe, Caucasus and Central Asia",ALL_INC_POINTS,"All, including data recorded as points",MARINE,Marine,PCNT,Percent of total land/EEZ area,2017
EECCA,"Eastern Europe, Caucasus and Central Asia",ALL_INC_POINTS,"All, including data recorded as points",MARINE,Marine,PCNT,Percent of total land/EEZ area,2018
EECCA,"Eastern Europe, Caucasus and Central Asia",ALL_INC_POINTS,"All, including data recorded as points",MARINE,Marine,PCNT,Percent of total land/EEZ area,2019
EECCA,"Eastern Europe, Caucasus and Central Asia",ALL_INC_POINTS,"All, including data recorded as points",MARINE,Marine,PCNT,Percent of total land/EEZ area,2020
EECCA,"Eastern Europe, Caucasus and Central Asia",ALL_INC_POINTS,"All, including data recorded as points",MARINE,Marine,PCNT,Percent of total land/EEZ area,2021
LAC,Latin America and Caribbean,ALL_INC_POINTS,"All, including data recorded as points",MARINE,Marine,PCNT,Percent of total land/EEZ area,1950
LAC,Latin America and Caribbean,ALL_INC_POINTS,"All, including data recorded as points",MARINE,Marine,PCNT,Percent of total land/EEZ area,1960
LAC,Latin America and Caribbean,ALL_INC_POINTS,"All, including data recorded as points",MARINE,Marine,PCNT,Percent of total land/EEZ area,1970
LAC,Latin America and Caribbean,ALL_INC_POINTS,"All, including data recorded as points",MARINE,Marine,PCNT,Percent of total land/EEZ area,1980
LAC,Latin America and Caribbean,ALL_INC_POINTS,"All, including data recorded as points",MARINE,Marine,PCNT,Percent of total land/EEZ area,1985
LAC,Latin America and Caribbean,ALL_INC_POINTS,"All, including data recorded as points",MARINE,Marine,PCNT,Percent of total land/EEZ area,1990
LAC,Latin America and Caribbean,ALL_INC_POINTS,"All, including data recorded as points",MARINE,Marine,PCNT,Percent of total land/EEZ area,1995
LAC,Latin America and Caribbean,ALL_INC_POINTS,"All, including data recorded as points",MARINE,Marine,PCNT,Percent of total land/EEZ area,2000
LAC,Latin America and Caribbean,ALL_INC_POINTS,"All, including data recorded as points",MARINE,Marine,PCNT,Percent of total land/EEZ area,2001
LAC,Latin America and Caribbean,ALL_INC_POINTS,"All, including data recorded as points",MARINE,Marine,PCNT,Percent of total land/EEZ area,2002
LAC,Latin America and Caribbean,ALL_INC_POINTS,"All, including data recorded as points",MARINE,Marine,PCNT,Percent of total land/EEZ area,2003
LAC,Latin America and Caribbean,ALL_INC_POINTS,"All, including data recorded as points",MARINE,Marine,PCNT,Percent of total land/EEZ area,2004
LAC,Latin America and Caribbean,ALL_INC_POINTS,"All, including data recorded as points",MARINE,Marine,PCNT,Percent of total land/EEZ area,2005
LAC,Latin America and Caribbean,ALL_INC_POINTS,"All, including data recorded as points",MARINE,Marine,PCNT,Percent of total land/EEZ area,2006
LAC,Latin America and Caribbean,ALL_INC_POINTS,"All, including data recorded as points",MARINE,Marine,PCNT,Percent of total land/EEZ area,2007
LAC,Latin America and Caribbean,ALL_INC_POINTS,"All, including data recorded as points",MARINE,Marine,PCNT,Percent of total land/EEZ area,2008
LAC,Latin America and Caribbean,ALL_INC_POINTS,"All, including data recorded as points",MARINE,Marine,PCNT,Percent of total land/EEZ area,2009
LAC,Latin America and Caribbean,ALL_INC_POINTS,"All, including data recorded as points",MARINE,Marine,PCNT,Percent of total land/EEZ area,2010
LAC,Latin America and Caribbean,ALL_INC_POINTS,"All, including data recorded as points",MARINE,Marine,PCNT,Percent of total land/EEZ area,2011
LAC,Latin America and Caribbean,ALL_INC_POINTS,"All, including data recorded as points",MARINE,Marine,PCNT,Percent of total land/EEZ area,2012
LAC,Latin America and Caribbean,ALL_INC_POINTS,"All, including data recorded as points",MARINE,Marine,PCNT,Percent of total land/EEZ area,2013
LAC,Latin America and Caribbean,ALL_INC_POINTS,"All, including data recorded as points",MARINE,Marine,PCNT,Percent of total land/EEZ area,2014
LAC,Latin America and Caribbean,ALL_INC_POINTS,"All, including data recorded as points",MARINE,Marine,PCNT,Percent of total land/EEZ area,2015
LAC,Latin America and Caribbean,ALL_INC_POINTS,"All, including data recorded as points",MARINE,Marine,PCNT,Percent of total land/EEZ area,2016
LAC,Latin America and Caribbean,ALL_INC_POINTS,"All, including data recorded as points",MARINE,Marine,PCNT,Percent of total land/EEZ area,2017
LAC,Latin America and Caribbean,ALL_INC_POINTS,"All, including data recorded as points",MARINE,Marine,PCNT,Percent of total land/EEZ area,2018
LAC,Latin America and Caribbean,ALL_INC_POINTS,"All, including data recorded as points",MARINE,Marine,PCNT,Percent of total land/EEZ area,2019
LAC,Latin America and Caribbean,ALL_INC_POINTS,"All, including data recorded as points",MARINE,Marine,PCNT,Percent of total land/EEZ area,2020
LAC,Latin America and Caribbean,ALL_INC_POINTS,"All, including data recorded as points",MARINE,Marine,PCNT,Percent of total land/EEZ area,2021
MENA,Middle East and North Africa,ALL_INC_POINTS,"All, including data recorded as points",MARINE,Marine,PCNT,Percent of total land/EEZ area,1950
MENA,Middle East and North Africa,ALL_INC_POINTS,"All, including data recorded as points",MARINE,Marine,PCNT,Percent of total land/EEZ area,1960
MENA,Middle East and North Africa,ALL_INC_POINTS,"All, including data recorded as points",MARINE,Marine,PCNT,Percent of total land/EEZ area,1970
MENA,Middle East and North Africa,ALL_INC_POINTS,"All, including data recorded as points",MARINE,Marine,PCNT,Percent of total land/EEZ area,1980
MENA,Middle East and North Africa,ALL_INC_POINTS,"All, including data recorded as points",MARINE,Marine,PCNT,Percent of total land/EEZ area,1985
MENA,Middle East and North Africa,ALL_INC_POINTS,"All, including data recorded as points",MARINE,Marine,PCNT,Percent of total land/EEZ area,1990
MENA,Middle East and North Africa,ALL_INC_POINTS,"All, including data recorded as points",MARINE,Marine,PCNT,Percent of total land/EEZ area,1995
MENA,Middle East and North Africa,ALL_INC_POINTS,"All, including data recorded as points",MARINE,Marine,PCNT,Percent of total land/EEZ area,2000
MENA,Middle East and North Africa,ALL_INC_POINTS,"All, including data recorded as points",MARINE,Marine,PCNT,Percent of total land/EEZ area,2001
MENA,Middle East and North Africa,ALL_INC_POINTS,"All, including data recorded as points",MARINE,Marine,PCNT,Percent of total land/EEZ area,2002
MENA,Middle East and North Africa,ALL_INC_POINTS,"All, including data recorded as points",MARINE,Marine,PCNT,Percent of total land/EEZ area,2003
MENA,Middle East and North Africa,ALL_INC_POINTS,"All, including data recorded as points",MARINE,Marine,PCNT,Percent of total land/EEZ area,2004
MENA,Middle East and North Africa,ALL_INC_POINTS,"All, including data recorded as points",MARINE,Marine,PCNT,Percent of total land/EEZ area,2005
MENA,Middle East and North Africa,ALL_INC_POINTS,"All, including data recorded as points",MARINE,Marine,PCNT,Percent of total land/EEZ area,2006
MENA,Middle East and North Africa,ALL_INC_POINTS,"All, including data recorded as points",MARINE,Marine,PCNT,Percent of total land/EEZ area,2007
MENA,Middle East and North Africa,ALL_INC_POINTS,"All, including data recorded as points",MARINE,Marine,PCNT,Percent of total land/EEZ area,2008
MENA,Middle East and North Africa,ALL_INC_POINTS,"All, including data recorded as points",MARINE,Marine,PCNT,Percent of total land/EEZ area,2009
MENA,Middle East and North Africa,ALL_INC_POINTS,"All, including data recorded as points",MARINE,Marine,PCNT,Percent of total land/EEZ area,2010
MENA,Middle East and North Africa,ALL_INC_POINTS,"All, including data recorded as points",MARINE,Marine,PCNT,Percent of total land/EEZ area,2011
MENA,Middle East and North Africa,ALL_INC_POINTS,"All, including data recorded as points",MARINE,Marine,PCNT,Percent of total land/EEZ area,2012
MENA,Middle East and North Africa,ALL_INC_POINTS,"All, including data recorded as points",MARINE,Marine,PCNT,Percent of total land/EEZ area,2013
MENA,Middle East and North Africa,ALL_INC_POINTS,"All, including data recorded as points",MARINE,Marine,PCNT,Percent of total land/EEZ area,2014
MENA,Middle East and North Africa,ALL_INC_POINTS,"All, including data recorded as points",MARINE,Marine,PCNT,Percent of total land/EEZ area,2015
MENA,Middle East and North Africa,ALL_INC_POINTS,"All, including data recorded as points",MARINE,Marine,PCNT,Percent of total land/EEZ area,2016
MENA,Middle East and North Africa,ALL_INC_POINTS,"All, including data recorded as points",MARINE,Marine,PCNT,Percent of total land/EEZ area,2017
MENA,Middle East and North Africa,ALL_INC_POINTS,"All, including data recorded as points",MARINE,Marine,PCNT,Percent of total land/EEZ area,2018
MENA,Middle East and North Africa,ALL_INC_POINTS,"All, including data recorded as points",MARINE,Marine,PCNT,Percent of total land/EEZ area,2019
MENA,Middle East and North Africa,ALL_INC_POINTS,"All, including data recorded as points",MARINE,Marine,PCNT,Percent of total land/EEZ area,2020
MENA,Middle East and North Africa,ALL_INC_POINTS,"All, including data recorded as points",MARINE,Marine,PCNT,Percent of total land/EEZ area,2021
MAF,Saint Martin,ALL_INC_POINTS,"All, including data recorded as points",MARINE,Marine,PCNT,Percent of total land/EEZ area,1950
MAF,Saint Martin,ALL_INC_POINTS,"All, including data recorded as points",MARINE,Marine,PCNT,Percent of total land/EEZ area,1960
MAF,Saint Martin,ALL_INC_POINTS,"All, including data recorded as points",MARINE,Marine,PCNT,Percent of total land/EEZ area,1970
MAF,Saint Martin,ALL_INC_POINTS,"All, including data recorded as points",MARINE,Marine,PCNT,Percent of total land/EEZ area,1980
MAF,Saint Martin,ALL_INC_POINTS,"All, including data recorded as points",MARINE,Marine,PCNT,Percent of total land/EEZ area,1985
MAF,Saint Martin,ALL_INC_POINTS,"All, including data recorded as points",MARINE,Marine,PCNT,Percent of total land/EEZ area,1990
MAF,Saint Martin,ALL_INC_POINTS,"All, including data recorded as points",MARINE,Marine,PCNT,Percent of total land/EEZ area,1995
MAF,Saint Martin,ALL_INC_POINTS,"All, including data recorded as points",MARINE,Marine,PCNT,Percent of total land/EEZ area,2000
MAF,Saint Martin,ALL_INC_POINTS,"All, including data recorded as points",MARINE,Marine,PCNT,Percent of total land/EEZ area,2001
MAF,Saint Martin,ALL_INC_POINTS,"All, including data recorded as points",MARINE,Marine,PCNT,Percent of total land/EEZ area,2002
MAF,Saint Martin,ALL_INC_POINTS,"All, including data recorded as points",MARINE,Marine,PCNT,Percent of total land/EEZ area,2003
MAF,Saint Martin,ALL_INC_POINTS,"All, including data recorded as points",MARINE,Marine,PCNT,Percent of total land/EEZ area,2004
MAF,Saint Martin,ALL_INC_POINTS,"All, including data recorded as points",MARINE,Marine,PCNT,Percent of total land/EEZ area,2005
MAF,Saint Martin,ALL_INC_POINTS,"All, including data recorded as points",MARINE,Marine,PCNT,Percent of total land/EEZ area,2006
MAF,Saint Martin,ALL_INC_POINTS,"All, including data recorded as points",MARINE,Marine,PCNT,Percent of total land/EEZ area,2007
MAF,Saint Martin,ALL_INC_POINTS,"All, including data recorded as points",MARINE,Marine,PCNT,Percent of total land/EEZ area,2008
MAF,Saint Martin,ALL_INC_POINTS,"All, including data recorded as points",MARINE,Marine,PCNT,Percent of total land/EEZ area,2009
MAF,Saint Martin,ALL_INC_POINTS,"All, including data recorded as points",MARINE,Marine,PCNT,Percent of total land/EEZ area,2010
MAF,Saint Martin,ALL_INC_POINTS,"All, including data recorded as points",MARINE,Marine,PCNT,Percent of total land/EEZ area,2011
MAF,Saint Martin,ALL_INC_POINTS,"All, including data recorded as points",MARINE,Marine,PCNT,Percent of total land/EEZ area,2012
MAF,Saint Martin,ALL_INC_POINTS,"All, including data recorded as points",MARINE,Marine,PCNT,Percent of total land/EEZ area,2013
MAF,Saint Martin,ALL_INC_POINTS,"All, including data recorded as points",MARINE,Marine,PCNT,Percent of total land/EEZ area,2014
MAF,Saint Martin,ALL_INC_POINTS,"All, including data recorded as points",MARINE,Marine,PCNT,Percent of total land/EEZ area,2015
MAF,Saint Martin,ALL_INC_POINTS,"All, including data recorded as points",MARINE,Marine,PCNT,Percent of total land/EEZ area,2016
MAF,Saint Martin,ALL_INC_POINTS,"All, including data recorded as points",MARINE,Marine,PCNT,Percent of total land/EEZ area,2017
MAF,Saint Martin,ALL_INC_POINTS,"All, including data recorded as points",MARINE,Marine,PCNT,Percent of total land/EEZ area,2018
MAF,Saint Martin,ALL_INC_POINTS,"All, including data recorded as points",MARINE,Marine,PCNT,Percent of total land/EEZ area,2019
MAF,Saint Martin,ALL_INC_POINTS,"All, including data recorded as points",MARINE,Marine,PCNT,Percent of total land/EEZ area,2020
MAF,Saint Martin,ALL_INC_POINTS,"All, including data recorded as points",MARINE,Marine,PCNT,Percent of total land/EEZ area,2021
CPT,Clipperton Island,ALL_INC_POINTS,"All, including data recorded as points",MARINE,Marine,PCNT,Percent of total land/EEZ area,1950
CPT,Clipperton Island,ALL_INC_POINTS,"All, including data recorded as points",MARINE,Marine,PCNT,Percent of total land/EEZ area,1960
CPT,Clipperton Island,ALL_INC_POINTS,"All, including data recorded as points",MARINE,Marine,PCNT,Percent of total land/EEZ area,1970
CPT,Clipperton Island,ALL_INC_POINTS,"All, including data recorded as points",MARINE,Marine,PCNT,Percent of total land/EEZ area,1980
CPT,Clipperton Island,ALL_INC_POINTS,"All, including data recorded as points",MARINE,Marine,PCNT,Percent of total land/EEZ area,1985
CPT,Clipperton Island,ALL_INC_POINTS,"All, including data recorded as points",MARINE,Marine,PCNT,Percent of total land/EEZ area,1990
CPT,Clipperton Island,ALL_INC_POINTS,"All, including data recorded as points",MARINE,Marine,PCNT,Percent of total land/EEZ area,1995
CPT,Clipperton Island,ALL_INC_POINTS,"All, including data recorded as points",MARINE,Marine,PCNT,Percent of total land/EEZ area,2000
CPT,Clipperton Island,ALL_INC_POINTS,"All, including data recorded as points",MARINE,Marine,PCNT,Percent of total land/EEZ area,2001
CPT,Clipperton Island,ALL_INC_POINTS,"All, including data recorded as points",MARINE,Marine,PCNT,Percent of total land/EEZ area,2002
CPT,Clipperton Island,ALL_INC_POINTS,"All, including data recorded as points",MARINE,Marine,PCNT,Percent of total land/EEZ area,2003
CPT,Clipperton Island,ALL_INC_POINTS,"All, including data recorded as points",MARINE,Marine,PCNT,Percent of total land/EEZ area,2004
CPT,Clipperton Island,ALL_INC_POINTS,"All, including data recorded as points",MARINE,Marine,PCNT,Percent of total land/EEZ area,2005
CPT,Clipperton Island,ALL_INC_POINTS,"All, including data recorded as points",MARINE,Marine,PCNT,Percent of total land/EEZ area,2006
CPT,Clipperton Island,ALL_INC_POINTS,"All, including data recorded as points",MARINE,Marine,PCNT,Percent of total land/EEZ area,2007
CPT,Clipperton Island,ALL_INC_POINTS,"All, including data recorded as points",MARINE,Marine,PCNT,Percent of total land/EEZ area,2008
CPT,Clipperton Island,ALL_INC_POINTS,"All, including data recorded as points",MARINE,Marine,PCNT,Percent of total land/EEZ area,2009
CPT,Clipperton Island,ALL_INC_POINTS,"All, including data recorded as points",MARINE,Marine,PCNT,Percent of total land/EEZ area,2010
CPT,Clipperton Island,ALL_INC_POINTS,"All, including data recorded as points",MARINE,Marine,PCNT,Percent of total land/EEZ area,2011
CPT,Clipperton Island,ALL_INC_POINTS,"All, including data recorded as points",MARINE,Marine,PCNT,Percent of total land/EEZ area,2012
CPT,Clipperton Island,ALL_INC_POINTS,"All, including data recorded as points",MARINE,Marine,PCNT,Percent of total land/EEZ area,2013
CPT,Clipperton Island,ALL_INC_POINTS,"All, including data recorded as points",MARINE,Marine,PCNT,Percent of total land/EEZ area,2014
CPT,Clipperton Island,ALL_INC_POINTS,"All, including data recorded as points",MARINE,Marine,PCNT,Percent of total land/EEZ area,2015
CPT,Clipperton Island,ALL_INC_POINTS,"All, including data recorded as points",MARINE,Marine,PCNT,Percent of total land/EEZ area,2016
CPT,Clipperton Island,ALL_INC_POINTS,"All, including data recorded as points",MARINE,Marine,PCNT,Percent of total land/EEZ area,2017
CPT,Clipperton Island,ALL_INC_POINTS,"All, including data recorded as points",MARINE,Marine,PCNT,Percent of total land/EEZ area,2018
CPT,Clipperton Island,ALL_INC_POINTS,"All, including data recorded as points",MARINE,Marine,PCNT,Percent of total land/EEZ area,2019
CPT,Clipperton Island,ALL_INC_POINTS,"All, including data recorded as points",MARINE,Marine,PCNT,Percent of total land/EEZ area,2020
CPT,Clipperton Island,ALL_INC_POINTS,"All, including data recorded as points",MARINE,Marine,PCNT,Percent of total land/EEZ area,2021
ABNJ,Areas beyond national jurisdiction,ALL_INC_POINTS,"All, including data recorded as points",MARINE,Marine,PCNT,Percent of total land/EEZ area,1950
ABNJ,Areas beyond national jurisdiction,ALL_INC_POINTS,"All, including data recorded as points",MARINE,Marine,PCNT,Percent of total land/EEZ area,1960
ABNJ,Areas beyond national jurisdiction,ALL_INC_POINTS,"All, including data recorded as points",MARINE,Marine,PCNT,Percent of total land/EEZ area,1970
ABNJ,Areas beyond national jurisdiction,ALL_INC_POINTS,"All, including data recorded as points",MARINE,Marine,PCNT,Percent of total land/EEZ area,1980
ABNJ,Areas beyond national jurisdiction,ALL_INC_POINTS,"All, including data recorded as points",MARINE,Marine,PCNT,Percent of total land/EEZ area,1985
ABNJ,Areas beyond national jurisdiction,ALL_INC_POINTS,"All, including data recorded as points",MARINE,Marine,PCNT,Percent of total land/EEZ area,1990
ABNJ,Areas beyond national jurisdiction,ALL_INC_POINTS,"All, including data recorded as points",MARINE,Marine,PCNT,Percent of total land/EEZ area,1995
ABNJ,Areas beyond national jurisdiction,ALL_INC_POINTS,"All, including data recorded as points",MARINE,Marine,PCNT,Percent of total land/EEZ area,2000
ABNJ,Areas beyond national jurisdiction,ALL_INC_POINTS,"All, including data recorded as points",MARINE,Marine,PCNT,Percent of total land/EEZ area,2001
ABNJ,Areas beyond national jurisdiction,ALL_INC_POINTS,"All, including data recorded as points",MARINE,Marine,PCNT,Percent of total land/EEZ area,2002
ABNJ,Areas beyond national jurisdiction,ALL_INC_POINTS,"All, including data recorded as points",MARINE,Marine,PCNT,Percent of total land/EEZ area,2003
ABNJ,Areas beyond national jurisdiction,ALL_INC_POINTS,"All, including data recorded as points",MARINE,Marine,PCNT,Percent of total land/EEZ area,2004
ABNJ,Areas beyond national jurisdiction,ALL_INC_POINTS,"All, including data recorded as points",MARINE,Marine,PCNT,Percent of total land/EEZ area,2005
ABNJ,Areas beyond national jurisdiction,ALL_INC_POINTS,"All, including data recorded as points",MARINE,Marine,PCNT,Percent of total land/EEZ area,2006
ABNJ,Areas beyond national jurisdiction,ALL_INC_POINTS,"All, including data recorded as points",MARINE,Marine,PCNT,Percent of total land/EEZ area,2007
ABNJ,Areas beyond national jurisdiction,ALL_INC_POINTS,"All, including data recorded as points",MARINE,Marine,PCNT,Percent of total land/EEZ area,2008
ABNJ,Areas beyond national jurisdiction,ALL_INC_POINTS,"All, including data recorded as points",MARINE,Marine,PCNT,Percent of total land/EEZ area,2009
ABNJ,Areas beyond national jurisdiction,ALL_INC_POINTS,"All, including data recorded as points",MARINE,Marine,PCNT,Percent of total land/EEZ area,2010
ABNJ,Areas beyond national jurisdiction,ALL_INC_POINTS,"All, including data recorded as points",MARINE,Marine,PCNT,Percent of total land/EEZ area,2011
ABNJ,Areas beyond national jurisdiction,ALL_INC_POINTS,"All, including data recorded as points",MARINE,Marine,PCNT,Percent of total land/EEZ area,2012
ABNJ,Areas beyond national jurisdiction,ALL_INC_POINTS,"All, including data recorded as points",MARINE,Marine,PCNT,Percent of total land/EEZ area,2013
ABNJ,Areas beyond national jurisdiction,ALL_INC_POINTS,"All, including data recorded as points",MARINE,Marine,PCNT,Percent of total land/EEZ area,2014
ABNJ,Areas beyond national jurisdiction,ALL_INC_POINTS,"All, including data recorded as points",MARINE,Marine,PCNT,Percent of total land/EEZ area,2015
ABNJ,Areas beyond national jurisdiction,ALL_INC_POINTS,"All, including data recorded as points",MARINE,Marine,PCNT,Percent of total land/EEZ area,2016
ABNJ,Areas beyond national jurisdiction,ALL_INC_POINTS,"All, including data recorded as points",MARINE,Marine,PCNT,Percent of total land/EEZ area,2017
ABNJ,Areas beyond national jurisdiction,ALL_INC_POINTS,"All, including data recorded as points",MARINE,Marine,PCNT,Percent of total land/EEZ area,2018
ABNJ,Areas beyond national jurisdiction,ALL_INC_POINTS,"All, including data recorded as points",MARINE,Marine,PCNT,Percent of total land/EEZ area,2019
ABNJ,Areas beyond national jurisdiction,ALL_INC_POINTS,"All, including data recorded as points",MARINE,Marine,PCNT,Percent of total land/EEZ area,2020
ABNJ,Areas beyond national jurisdiction,ALL_INC_POINTS,"All, including data recorded as points",MARINE,Marine,PCNT,Percent of total land/EEZ area,2021
DOM,Dominican Republic,ALL_INC_POINTS,"All, including data recorded as points",MARINE,Marine,PCNT,Percent of total land/EEZ area,1950
DOM,Dominican Republic,ALL_INC_POINTS,"All, including data recorded as points",MARINE,Marine,PCNT,Percent of total land/EEZ area,1960
DOM,Dominican Republic,ALL_INC_POINTS,"All, including data recorded as points",MARINE,Marine,PCNT,Percent of total land/EEZ area,1970
DOM,Dominican Republic,ALL_INC_POINTS,"All, including data recorded as points",MARINE,Marine,PCNT,Percent of total land/EEZ area,1980
DOM,Dominican Republic,ALL_INC_POINTS,"All, including data recorded as points",MARINE,Marine,PCNT,Percent of total land/EEZ area,1985
DOM,Dominican Republic,ALL_INC_POINTS,"All, including data recorded as points",MARINE,Marine,PCNT,Percent of total land/EEZ area,1990
DOM,Dominican Republic,ALL_INC_POINTS,"All, including data recorded as points",MARINE,Marine,PCNT,Percent of total land/EEZ area,1995
DOM,Dominican Republic,ALL_INC_POINTS,"All, including data recorded as points",MARINE,Marine,PCNT,Percent of total land/EEZ area,2000
DOM,Dominican Republic,ALL_INC_POINTS,"All, including data recorded as points",MARINE,Marine,PCNT,Percent of total land/EEZ area,2001
DOM,Dominican Republic,ALL_INC_POINTS,"All, including data recorded as points",MARINE,Marine,PCNT,Percent of total land/EEZ area,2002
DOM,Dominican Republic,ALL_INC_POINTS,"All, including data recorded as points",MARINE,Marine,PCNT,Percent of total land/EEZ area,2003
DOM,Dominican Republic,ALL_INC_POINTS,"All, including data recorded as points",MARINE,Marine,PCNT,Percent of total land/EEZ area,2004
DOM,Dominican Republic,ALL_INC_POINTS,"All, including data recorded as points",MARINE,Marine,PCNT,Percent of total land/EEZ area,2005
DOM,Dominican Republic,ALL_INC_POINTS,"All, including data recorded as points",MARINE,Marine,PCNT,Percent of total land/EEZ area,2006
DOM,Dominican Republic,ALL_INC_POINTS,"All, including data recorded as points",MARINE,Marine,PCNT,Percent of total land/EEZ area,2007
DOM,Dominican Republic,ALL_INC_POINTS,"All, including data recorded as points",MARINE,Marine,PCNT,Percent of total land/EEZ area,2008
DOM,Dominican Republic,ALL_INC_POINTS,"All, including data recorded as points",MARINE,Marine,PCNT,Percent of total land/EEZ area,2009
DOM,Dominican Republic,ALL_INC_POINTS,"All, including data recorded as points",MARINE,Marine,PCNT,Percent of total land/EEZ area,2010
DOM,Dominican Republic,ALL_INC_POINTS,"All, including data recorded as points",MARINE,Marine,PCNT,Percent of total land/EEZ area,2011
DOM,Dominican Republic,ALL_INC_POINTS,"All, including data recorded as points",MARINE,Marine,PCNT,Percent of total land/EEZ area,2012
DOM,Dominican Republic,ALL_INC_POINTS,"All, including data recorded as points",MARINE,Marine,PCNT,Percent of total land/EEZ area,2013
DOM,Dominican Republic,ALL_INC_POINTS,"All, including data recorded as points",MARINE,Marine,PCNT,Percent of total land/EEZ area,2014
DOM,Dominican Republic,ALL_INC_POINTS,"All, including data recorded as points",MARINE,Marine,PCNT,Percent of total land/EEZ area,2015
DOM,Dominican Republic,ALL_INC_POINTS,"All, including data recorded as points",MARINE,Marine,PCNT,Percent of total land/EEZ area,2016
DOM,Dominican Republic,ALL_INC_POINTS,"All, including data recorded as points",MARINE,Marine,PCNT,Percent of total land/EEZ area,2017
DOM,Dominican Republic,ALL_INC_POINTS,"All, including data recorded as points",MARINE,Marine,PCNT,Percent of total land/EEZ area,2018
DOM,Dominican Republic,ALL_INC_POINTS,"All, including data recorded as points",MARINE,Marine,PCNT,Percent of total land/EEZ area,2019
DOM,Dominican Republic,ALL_INC_POINTS,"All, including data recorded as points",MARINE,Marine,PCNT,Percent of total land/EEZ area,2020
DOM,Dominican Republic,ALL_INC_POINTS,"All, including data recorded as points",MARINE,Marine,PCNT,Percent of total land/EEZ area,2021
ECU,Ecuador,ALL_INC_POINTS,"All, including data recorded as points",MARINE,Marine,PCNT,Percent of total land/EEZ area,1950
ECU,Ecuador,ALL_INC_POINTS,"All, including data recorded as points",MARINE,Marine,PCNT,Percent of total land/EEZ area,1960
ECU,Ecuador,ALL_INC_POINTS,"All, including data recorded as points",MARINE,Marine,PCNT,Percent of total land/EEZ area,1970
ECU,Ecuador,ALL_INC_POINTS,"All, including data recorded as points",MARINE,Marine,PCNT,Percent of total land/EEZ area,1980
ECU,Ecuador,ALL_INC_POINTS,"All, including data recorded as points",MARINE,Marine,PCNT,Percent of total land/EEZ area,1985
ECU,Ecuador,ALL_INC_POINTS,"All, including data recorded as points",MARINE,Marine,PCNT,Percent of total land/EEZ area,1990
ECU,Ecuador,ALL_INC_POINTS,"All, including data recorded as points",MARINE,Marine,PCNT,Percent of total land/EEZ area,1995
ECU,Ecuador,ALL_INC_POINTS,"All, including data recorded as points",MARINE,Marine,PCNT,Percent of total land/EEZ area,2000
ECU,Ecuador,ALL_INC_POINTS,"All, including data recorded as points",MARINE,Marine,PCNT,Percent of total land/EEZ area,2001
ECU,Ecuador,ALL_INC_POINTS,"All, including data recorded as points",MARINE,Marine,PCNT,Percent of total land/EEZ area,2002
ECU,Ecuador,ALL_INC_POINTS,"All, including data recorded as points",MARINE,Marine,PCNT,Percent of total land/EEZ area,2003
ECU,Ecuador,ALL_INC_POINTS,"All, including data recorded as points",MARINE,Marine,PCNT,Percent of total land/EEZ area,2004
ECU,Ecuador,ALL_INC_POINTS,"All, including data recorded as points",MARINE,Marine,PCNT,Percent of total land/EEZ area,2005
ECU,Ecuador,ALL_INC_POINTS,"All, including data recorded as points",MARINE,Marine,PCNT,Percent of total land/EEZ area,2006
ECU,Ecuador,ALL_INC_POINTS,"All, including data recorded as points",MARINE,Marine,PCNT,Percent of total land/EEZ area,2007
ECU,Ecuador,ALL_INC_POINTS,"All, including data recorded as points",MARINE,Marine,PCNT,Percent of total land/EEZ area,2008
ECU,Ecuador,ALL_INC_POINTS,"All, including data recorded as points",MARINE,Marine,PCNT,Percent of total land/EEZ area,2009
ECU,Ecuador,ALL_INC_POINTS,"All, including data recorded as points",MARINE,Marine,PCNT,Percent of total land/EEZ area,2010
ECU,Ecuador,ALL_INC_POINTS,"All, including data recorded as points",MARINE,Marine,PCNT,Percent of total land/EEZ area,2011
ECU,Ecuador,ALL_INC_POINTS,"All, including data recorded as points",MARINE,Marine,PCNT,Percent of total land/EEZ area,2012
ECU,Ecuador,ALL_INC_POINTS,"All, including data recorded as points",MARINE,Marine,PCNT,Percent of total land/EEZ area,2013
ECU,Ecuador,ALL_INC_POINTS,"All, including data recorded as points",MARINE,Marine,PCNT,Percent of total land/EEZ area,2014
ECU,Ecuador,ALL_INC_POINTS,"All, including data recorded as points",MARINE,Marine,PCNT,Percent of total land/EEZ area,2015
ECU,Ecuador,ALL_INC_POINTS,"All, including data recorded as points",MARINE,Marine,PCNT,Percent of total land/EEZ area,2016
ECU,Ecuador,ALL_INC_POINTS,"All, including data recorded as points",MARINE,Marine,PCNT,Percent of total land/EEZ area,2017
ECU,Ecuador,ALL_INC_POINTS,"All, including data recorded as points",MARINE,Marine,PCNT,Percent of total land/EEZ area,2018
ECU,Ecuador,ALL_INC_POINTS,"All, including data recorded as points",MARINE,Marine,PCNT,Percent of total land/EEZ area,2019
ECU,Ecuador,ALL_INC_POINTS,"All, including data recorded as points",MARINE,Marine,PCNT,Percent of total land/EEZ area,2020
ECU,Ecuador,ALL_INC_POINTS,"All, including data recorded as points",MARINE,Marine,PCNT,Percent of total land/EEZ area,2021
URY,Uruguay,ALL_INC_POINTS,"All, including data recorded as points",MARINE,Marine,PCNT,Percent of total land/EEZ area,1950
URY,Uruguay,ALL_INC_POINTS,"All, including data recorded as points",MARINE,Marine,PCNT,Percent of total land/EEZ area,1960
URY,Uruguay,ALL_INC_POINTS,"All, including data recorded as points",MARINE,Marine,PCNT,Percent of total land/EEZ area,1970
URY,Uruguay,ALL_INC_POINTS,"All, including data recorded as points",MARINE,Marine,PCNT,Percent of total land/EEZ area,1980
URY,Uruguay,ALL_INC_POINTS,"All, including data recorded as points",MARINE,Marine,PCNT,Percent of total land/EEZ area,1985
URY,Uruguay,ALL_INC_POINTS,"All, including data recorded as points",MARINE,Marine,PCNT,Percent of total land/EEZ area,1990
URY,Uruguay,ALL_INC_POINTS,"All, including data recorded as points",MARINE,Marine,PCNT,Percent of total land/EEZ area,1995
URY,Uruguay,ALL_INC_POINTS,"All, including data recorded as points",MARINE,Marine,PCNT,Percent of total land/EEZ area,2000
URY,Uruguay,ALL_INC_POINTS,"All, including data recorded as points",MARINE,Marine,PCNT,Percent of total land/EEZ area,2001
URY,Uruguay,ALL_INC_POINTS,"All, including data recorded as points",MARINE,Marine,PCNT,Percent of total land/EEZ area,2002
URY,Uruguay,ALL_INC_POINTS,"All, including data recorded as points",MARINE,Marine,PCNT,Percent of total land/EEZ area,2003
URY,Uruguay,ALL_INC_POINTS,"All, including data recorded as points",MARINE,Marine,PCNT,Percent of total land/EEZ area,2004
URY,Uruguay,ALL_INC_POINTS,"All, including data recorded as points",MARINE,Marine,PCNT,Percent of total land/EEZ area,2005
URY,Uruguay,ALL_INC_POINTS,"All, including data recorded as points",MARINE,Marine,PCNT,Percent of total land/EEZ area,2006
URY,Uruguay,ALL_INC_POINTS,"All, including data recorded as points",MARINE,Marine,PCNT,Percent of total land/EEZ area,2007
URY,Uruguay,ALL_INC_POINTS,"All, including data recorded as points",MARINE,Marine,PCNT,Percent of total land/EEZ area,2008
URY,Uruguay,ALL_INC_POINTS,"All, including data recorded as points",MARINE,Marine,PCNT,Percent of total land/EEZ area,2009
URY,Uruguay,ALL_INC_POINTS,"All, including data recorded as points",MARINE,Marine,PCNT,Percent of total land/EEZ area,2010
URY,Uruguay,ALL_INC_POINTS,"All, including data recorded as points",MARINE,Marine,PCNT,Percent of total land/EEZ area,2011
URY,Uruguay,ALL_INC_POINTS,"All, including data recorded as points",MARINE,Marine,PCNT,Percent of total land/EEZ area,2012
URY,Uruguay,ALL_INC_POINTS,"All, including data recorded as points",MARINE,Marine,PCNT,Percent of total land/EEZ area,2013
URY,Uruguay,ALL_INC_POINTS,"All, including data recorded as points",MARINE,Marine,PCNT,Percent of total land/EEZ area,2014
URY,Uruguay,ALL_INC_POINTS,"All, including data recorded as points",MARINE,Marine,PCNT,Percent of total land/EEZ area,2015
URY,Uruguay,ALL_INC_POINTS,"All, including data recorded as points",MARINE,Marine,PCNT,Percent of total land/EEZ area,2016
URY,Uruguay,ALL_INC_POINTS,"All, including data recorded as points",MARINE,Marine,PCNT,Percent of total land/EEZ area,2017
URY,Uruguay,ALL_INC_POINTS,"All, including data recorded as points",MARINE,Marine,PCNT,Percent of total land/EEZ area,2018
URY,Uruguay,ALL_INC_POINTS,"All, including data recorded as points",MARINE,Marine,PCNT,Percent of total land/EEZ area,2019
URY,Uruguay,ALL_INC_POINTS,"All, including data recorded as points",MARINE,Marine,PCNT,Percent of total land/EEZ area,2020
URY,Uruguay,ALL_INC_POINTS,"All, including data recorded as points",MARINE,Marine,PCNT,Percent of total land/EEZ area,2021
OAVG_A,OECD arithmetic average,ALL_INC_POINTS,"All, including data recorded as points",MARINE,Marine,PCNT,Percent of total land/EEZ area,1950
OAVG_A,OECD arithmetic average,ALL_INC_POINTS,"All, including data recorded as points",MARINE,Marine,PCNT,Percent of total land/EEZ area,1960
OAVG_A,OECD arithmetic average,ALL_INC_POINTS,"All, including data recorded as points",MARINE,Marine,PCNT,Percent of total land/EEZ area,1970
OAVG_A,OECD arithmetic average,ALL_INC_POINTS,"All, including data recorded as points",MARINE,Marine,PCNT,Percent of total land/EEZ area,1980
OAVG_A,OECD arithmetic average,ALL_INC_POINTS,"All, including data recorded as points",MARINE,Marine,PCNT,Percent of total land/EEZ area,1985
OAVG_A,OECD arithmetic average,ALL_INC_POINTS,"All, including data recorded as points",MARINE,Marine,PCNT,Percent of total land/EEZ area,1990
OAVG_A,OECD arithmetic average,ALL_INC_POINTS,"All, including data recorded as points",MARINE,Marine,PCNT,Percent of total land/EEZ area,1995
OAVG_A,OECD arithmetic average,ALL_INC_POINTS,"All, including data recorded as points",MARINE,Marine,PCNT,Percent of total land/EEZ area,2000
OAVG_A,OECD arithmetic average,ALL_INC_POINTS,"All, including data recorded as points",MARINE,Marine,PCNT,Percent of total land/EEZ area,2001
OAVG_A,OECD arithmetic average,ALL_INC_POINTS,"All, including data recorded as points",MARINE,Marine,PCNT,Percent of total land/EEZ area,2002
OAVG_A,OECD arithmetic average,ALL_INC_POINTS,"All, including data recorded as points",MARINE,Marine,PCNT,Percent of total land/EEZ area,2003
OAVG_A,OECD arithmetic average,ALL_INC_POINTS,"All, including data recorded as points",MARINE,Marine,PCNT,Percent of total land/EEZ area,2004
OAVG_A,OECD arithmetic average,ALL_INC_POINTS,"All, including data recorded as points",MARINE,Marine,PCNT,Percent of total land/EEZ area,2005
OAVG_A,OECD arithmetic average,ALL_INC_POINTS,"All, including data recorded as points",MARINE,Marine,PCNT,Percent of total land/EEZ area,2006
OAVG_A,OECD arithmetic average,ALL_INC_POINTS,"All, including data recorded as points",MARINE,Marine,PCNT,Percent of total land/EEZ area,2007
OAVG_A,OECD arithmetic average,ALL_INC_POINTS,"All, including data recorded as points",MARINE,Marine,PCNT,Percent of total land/EEZ area,2008
OAVG_A,OECD arithmetic average,ALL_INC_POINTS,"All, including data recorded as points",MARINE,Marine,PCNT,Percent of total land/EEZ area,2009
OAVG_A,OECD arithmetic average,ALL_INC_POINTS,"All, including data recorded as points",MARINE,Marine,PCNT,Percent of total land/EEZ area,2010
OAVG_A,OECD arithmetic average,ALL_INC_POINTS,"All, including data recorded as points",MARINE,Marine,PCNT,Percent of total land/EEZ area,2011
OAVG_A,OECD arithmetic average,ALL_INC_POINTS,"All, including data recorded as points",MARINE,Marine,PCNT,Percent of total land/EEZ area,2012
OAVG_A,OECD arithmetic average,ALL_INC_POINTS,"All, including data recorded as points",MARINE,Marine,PCNT,Percent of total land/EEZ area,2013
OAVG_A,OECD arithmetic average,ALL_INC_POINTS,"All, including data recorded as points",MARINE,Marine,PCNT,Percent of total land/EEZ area,2014
OAVG_A,OECD arithmetic average,ALL_INC_POINTS,"All, including data recorded as points",MARINE,Marine,PCNT,Percent of total land/EEZ area,2015
OAVG_A,OECD arithmetic average,ALL_INC_POINTS,"All, including data recorded as points",MARINE,Marine,PCNT,Percent of total land/EEZ area,2016
OAVG_A,OECD arithmetic average,ALL_INC_POINTS,"All, including data recorded as points",MARINE,Marine,PCNT,Percent of total land/EEZ area,2017
OAVG_A,OECD arithmetic average,ALL_INC_POINTS,"All, including data recorded as points",MARINE,Marine,PCNT,Percent of total land/EEZ area,2018
OAVG_A,OECD arithmetic average,ALL_INC_POINTS,"All, including data recorded as points",MARINE,Marine,PCNT,Percent of total land/EEZ area,2019
OAVG_A,OECD arithmetic average,ALL_INC_POINTS,"All, including data recorded as points",MARINE,Marine,PCNT,Percent of total land/EEZ area,2020
OAVG_A,OECD arithmetic average,ALL_INC_POINTS,"All, including data recorded as points",MARINE,Marine,PCNT,Percent of total land/EEZ area,2021
EU27_2020,European Union – 27 countries (from 01/02/2020),ALL_INC_POINTS,"All, including data recorded as points",MARINE,Marine,PCNT,Percent of total land/EEZ area,1950
EU27_2020,European Union – 27 countries (from 01/02/2020),ALL_INC_POINTS,"All, including data recorded as points",MARINE,Marine,PCNT,Percent of total land/EEZ area,1960
EU27_2020,European Union – 27 countries (from 01/02/2020),ALL_INC_POINTS,"All, including data recorded as points",MARINE,Marine,PCNT,Percent of total land/EEZ area,1970
EU27_2020,European Union – 27 countries (from 01/02/2020),ALL_INC_POINTS,"All, including data recorded as points",MARINE,Marine,PCNT,Percent of total land/EEZ area,1980
EU27_2020,European Union – 27 countries (from 01/02/2020),ALL_INC_POINTS,"All, including data recorded as points",MARINE,Marine,PCNT,Percent of total land/EEZ area,1985
EU27_2020,European Union – 27 countries (from 01/02/2020),ALL_INC_POINTS,"All, including data recorded as points",MARINE,Marine,PCNT,Percent of total land/EEZ area,1990
EU27_2020,European Union – 27 countries (from 01/02/2020),ALL_INC_POINTS,"All, including data recorded as points",MARINE,Marine,PCNT,Percent of total land/EEZ area,1995
EU27_2020,European Union – 27 countries (from 01/02/2020),ALL_INC_POINTS,"All, including data recorded as points",MARINE,Marine,PCNT,Percent of total land/EEZ area,2000
EU27_2020,European Union – 27 countries (from 01/02/2020),ALL_INC_POINTS,"All, including data recorded as points",MARINE,Marine,PCNT,Percent of total land/EEZ area,2001
EU27_2020,European Union – 27 countries (from 01/02/2020),ALL_INC_POINTS,"All, including data recorded as points",MARINE,Marine,PCNT,Percent of total land/EEZ area,2002
EU27_2020,European Union – 27 countries (from 01/02/2020),ALL_INC_POINTS,"All, including data recorded as points",MARINE,Marine,PCNT,Percent of total land/EEZ area,2003
EU27_2020,European Union – 27 countries (from 01/02/2020),ALL_INC_POINTS,"All, including data recorded as points",MARINE,Marine,PCNT,Percent of total land/EEZ area,2004
EU27_2020,European Union – 27 countries (from 01/02/2020),ALL_INC_POINTS,"All, including data recorded as points",MARINE,Marine,PCNT,Percent of total land/EEZ area,2005
EU27_2020,European Union – 27 countries (from 01/02/2020),ALL_INC_POINTS,"All, including data recorded as points",MARINE,Marine,PCNT,Percent of total land/EEZ area,2006
EU27_2020,European Union – 27 countries (from 01/02/2020),ALL_INC_POINTS,"All, including data recorded as points",MARINE,Marine,PCNT,Percent of total land/EEZ area,2007
EU27_2020,European Union – 27 countries (from 01/02/2020),ALL_INC_POINTS,"All, including data recorded as points",MARINE,Marine,PCNT,Percent of total land/EEZ area,2008
EU27_2020,European Union – 27 countries (from 01/02/2020),ALL_INC_POINTS,"All, including data recorded as points",MARINE,Marine,PCNT,Percent of total land/EEZ area,2009
EU27_2020,European Union – 27 countries (from 01/02/2020),ALL_INC_POINTS,"All, including data recorded as points",MARINE,Marine,PCNT,Percent of total land/EEZ area,2010
EU27_2020,European Union – 27 countries (from 01/02/2020),ALL_INC_POINTS,"All, including data recorded as points",MARINE,Marine,PCNT,Percent of total land/EEZ area,2011
EU27_2020,European Union – 27 countries (from 01/02/2020),ALL_INC_POINTS,"All, including data recorded as points",MARINE,Marine,PCNT,Percent of total land/EEZ area,2012
EU27_2020,European Union – 27 countries (from 01/02/2020),ALL_INC_POINTS,"All, including data recorded as points",MARINE,Marine,PCNT,Percent of total land/EEZ area,2013
EU27_2020,European Union – 27 countries (from 01/02/2020),ALL_INC_POINTS,"All, including data recorded as points",MARINE,Marine,PCNT,Percent of total land/EEZ area,2014
EU27_2020,European Union – 27 countries (from 01/02/2020),ALL_INC_POINTS,"All, including data recorded as points",MARINE,Marine,PCNT,Percent of total land/EEZ area,2015
EU27_2020,European Union – 27 countries (from 01/02/2020),ALL_INC_POINTS,"All, including data recorded as points",MARINE,Marine,PCNT,Percent of total land/EEZ area,2016
EU27_2020,European Union – 27 countries (from 01/02/2020),ALL_INC_POINTS,"All, including data recorded as points",MARINE,Marine,PCNT,Percent of total land/EEZ area,2017
EU27_2020,European Union – 27 countries (from 01/02/2020),ALL_INC_POINTS,"All, including data recorded as points",MARINE,Marine,PCNT,Percent of total land/EEZ area,2018
EU27_2020,European Union – 27 countries (from 01/02/2020),ALL_INC_POINTS,"All, including data recorded as points",MARINE,Marine,PCNT,Percent of total land/EEZ area,2019
EU27_2020,European Union – 27 countries (from 01/02/2020),ALL_INC_POINTS,"All, including data recorded as points",MARINE,Marine,PCNT,Percent of total land/EEZ area,2020
EU27_2020,European Union – 27 countries (from 01/02/2020),ALL_INC_POINTS,"All, including data recorded as points",MARINE,Marine,PCNT,Percent of total land/EEZ area,2021
